AO2609 氧化铝2609 5分钟线 不复权
      日期	    时间	    开盘	    最高	    最低	    收盘	    成交量	    持仓量	    结算价
2025/09/16,2145,3108,3108,3108,3108,1,1,0
2025/09/16,2305,3110,3110,3110,3110,2,3,0
2025/09/16,0100,3112,3112,3112,3112,3,6,0
2025/09/16,0905,3112,3112,3112,3112,0,6,0
2025/09/16,0910,3112,3112,3112,3112,0,6,0
2025/09/16,0915,3112,3112,3112,3112,0,6,0
2025/09/16,0920,3112,3112,3112,3112,0,6,0
2025/09/16,0925,3112,3112,3112,3112,0,6,0
2025/09/16,0930,3112,3115,3112,3115,3,9,0
2025/09/16,0935,3110,3110,3110,3110,5,14,0
2025/09/16,0940,3110,3110,3110,3110,0,14,0
2025/09/16,0945,3107,3107,3107,3107,1,15,0
2025/09/16,0950,3107,3107,3107,3107,0,15,0
2025/09/16,0955,3107,3107,3107,3107,0,15,0
2025/09/16,1000,3090,3090,3090,3090,1,15,0
2025/09/16,1005,3090,3090,3090,3090,0,15,0
2025/09/16,1010,3090,3090,3090,3090,0,15,0
2025/09/16,1015,3090,3090,3090,3090,0,15,0
2025/09/16,1035,3090,3090,3090,3090,1,15,0
2025/09/16,1040,3090,3090,3090,3090,0,15,0
2025/09/16,1045,3090,3090,3090,3090,0,15,0
2025/09/16,1050,3090,3090,3090,3090,0,15,0
2025/09/16,1055,3090,3090,3090,3090,0,15,0
2025/09/16,1100,3090,3090,3090,3090,0,15,0
2025/09/16,1105,3090,3090,3090,3090,0,15,0
2025/09/16,1110,3090,3090,3090,3090,0,15,0
2025/09/16,1115,3090,3090,3090,3090,0,15,0
2025/09/16,1120,3090,3090,3090,3090,0,15,0
2025/09/16,1125,3095,3095,3095,3095,1,16,0
2025/09/16,1130,3095,3095,3095,3095,0,16,0
2025/09/16,1335,3102,3102,3102,3102,1,17,0
2025/09/16,1340,3102,3102,3102,3102,0,17,0
2025/09/16,1345,3102,3102,3102,3102,0,17,0
2025/09/16,1350,3102,3102,3102,3102,0,17,0
2025/09/16,1355,3102,3102,3102,3102,0,17,0
2025/09/16,1400,3102,3102,3102,3102,0,17,0
2025/09/16,1405,3102,3102,3102,3102,0,17,0
2025/09/16,1410,3102,3102,3102,3102,0,17,0
2025/09/16,1415,3102,3102,3102,3102,0,17,0
2025/09/16,1420,3102,3102,3102,3102,0,17,0
2025/09/16,1425,3102,3102,3102,3102,0,17,0
2025/09/16,1430,3109,3109,3109,3109,1,18,0
2025/09/16,1435,3109,3109,3109,3109,0,18,0
2025/09/16,1440,3109,3109,3109,3109,0,18,0
2025/09/16,1445,3109,3109,3109,3109,0,18,0
2025/09/16,1450,3109,3109,3109,3109,0,18,0
2025/09/16,1455,3109,3109,3109,3109,0,18,0
2025/09/16,1500,3109,3109,3109,3109,0,18,0
2025/09/17,2140,3093,3093,3093,3093,1,19,0
2025/09/17,2150,3086,3086,3086,3086,1,20,0
2025/09/17,2155,3086,3086,3086,3086,1,19,0
2025/09/17,2210,3086,3086,3086,3086,1,20,0
2025/09/17,2225,3097,3097,3097,3097,1,20,0
2025/09/17,0035,3099,3099,3099,3099,1,21,0
2025/09/17,0905,3099,3099,3099,3099,0,21,0
2025/09/17,0910,3089,3089,3089,3089,1,21,0
2025/09/17,0915,3082,3097,3080,3097,7,24,0
2025/09/17,0920,3097,3097,3097,3097,0,24,0
2025/09/17,0925,3097,3097,3097,3097,0,24,0
2025/09/17,0930,3082,3082,3082,3082,1,25,0
2025/09/17,0935,3086,3086,3086,3086,2,27,0
2025/09/17,0940,3090,3090,3090,3090,1,28,0
2025/09/17,0945,3091,3091,3091,3091,1,29,0
2025/09/17,0950,3088,3088,3088,3088,3,32,0
2025/09/17,0955,3078,3078,3076,3076,3,35,0
2025/09/17,1000,3076,3076,3076,3076,0,35,0
2025/09/17,1005,3076,3076,3076,3076,0,35,0
2025/09/17,1010,3075,3075,3063,3063,2,36,0
2025/09/17,1015,3062,3062,3060,3060,5,41,0
2025/09/17,1035,3052,3070,3050,3070,7,47,0
2025/09/17,1040,3060,3060,3060,3060,4,50,0
2025/09/17,1045,3060,3060,3060,3060,0,50,0
2025/09/17,1050,3054,3054,3054,3054,1,51,0
2025/09/17,1055,3054,3054,3054,3054,0,51,0
2025/09/17,1100,3054,3054,3054,3054,0,51,0
2025/09/17,1105,3054,3054,3054,3054,0,51,0
2025/09/17,1110,3054,3054,3054,3054,1,51,0
2025/09/17,1115,3054,3054,3054,3054,0,51,0
2025/09/17,1120,3054,3054,3054,3054,0,51,0
2025/09/17,1125,3060,3067,3060,3067,2,51,0
2025/09/17,1130,3067,3067,3067,3067,0,51,0
2025/09/17,1335,3067,3067,3067,3067,0,51,0
2025/09/17,1340,3067,3067,3067,3067,1,52,0
2025/09/17,1345,3067,3067,3067,3067,0,52,0
2025/09/17,1350,3067,3067,3067,3067,0,52,0
2025/09/17,1355,3067,3067,3067,3067,0,52,0
2025/09/17,1400,3067,3067,3067,3067,0,52,0
2025/09/17,1405,3067,3067,3067,3067,0,52,0
2025/09/17,1410,3066,3067,3066,3067,3,55,0
2025/09/17,1415,3067,3067,3067,3067,0,55,0
2025/09/17,1420,3059,3059,3059,3059,1,56,0
2025/09/17,1425,3056,3065,3053,3053,5,61,0
2025/09/17,1430,3059,3064,3059,3064,3,64,0
2025/09/17,1435,3065,3065,3065,3065,2,65,0
2025/09/17,1440,3065,3065,3065,3065,1,65,0
2025/09/17,1445,3057,3057,3057,3057,3,66,0
2025/09/17,1450,3054,3054,3054,3054,1,67,0
2025/09/17,1455,3054,3054,3054,3054,0,67,0
2025/09/17,1500,3054,3054,3054,3054,0,67,0
2025/09/18,2140,3082,3091,3081,3091,3,67,0
2025/09/18,2230,3080,3080,3080,3080,1,66,0
2025/09/18,2255,3099,3099,3099,3099,1,66,0
2025/09/18,0905,3099,3099,3099,3099,0,66,0
2025/09/18,0910,3081,3081,3080,3080,3,66,0
2025/09/18,0915,3080,3080,3080,3080,0,66,0
2025/09/18,0920,3080,3080,3080,3080,0,66,0
2025/09/18,0925,3073,3073,3073,3073,2,65,0
2025/09/18,0930,3080,3080,3080,3080,1,66,0
2025/09/18,0935,3080,3080,3080,3080,0,66,0
2025/09/18,0940,3080,3080,3080,3080,0,66,0
2025/09/18,0945,3080,3080,3080,3080,0,66,0
2025/09/18,0950,3080,3080,3080,3080,0,66,0
2025/09/18,0955,3080,3080,3080,3080,0,66,0
2025/09/18,1000,3080,3080,3080,3080,0,66,0
2025/09/18,1005,3080,3080,3080,3080,0,66,0
2025/09/18,1010,3080,3080,3080,3080,0,66,0
2025/09/18,1015,3080,3080,3080,3080,0,66,0
2025/09/18,1035,3080,3080,3080,3080,0,66,0
2025/09/18,1040,3080,3080,3080,3080,0,66,0
2025/09/18,1045,3080,3080,3080,3080,0,66,0
2025/09/18,1050,3080,3080,3080,3080,0,66,0
2025/09/18,1055,3080,3080,3080,3080,0,66,0
2025/09/18,1100,3075,3075,3075,3075,1,65,0
2025/09/18,1105,3075,3075,3075,3075,0,65,0
2025/09/18,1110,3075,3075,3075,3075,0,65,0
2025/09/18,1115,3075,3075,3075,3075,0,65,0
2025/09/18,1120,3075,3075,3075,3075,0,65,0
2025/09/18,1125,3075,3075,3075,3075,0,65,0
2025/09/18,1130,3075,3075,3075,3075,0,65,0
2025/09/18,1335,3075,3075,3075,3075,0,65,0
2025/09/18,1340,3075,3075,3075,3075,0,65,0
2025/09/18,1345,3075,3075,3075,3075,0,65,0
2025/09/18,1350,3075,3075,3075,3075,0,65,0
2025/09/18,1355,3075,3075,3075,3075,0,65,0
2025/09/18,1400,3075,3075,3075,3075,0,65,0
2025/09/18,1405,3075,3075,3075,3075,0,65,0
2025/09/18,1410,3075,3075,3075,3075,0,65,0
2025/09/18,1415,3075,3075,3075,3075,0,65,0
2025/09/18,1420,3075,3075,3075,3075,0,65,0
2025/09/18,1425,3075,3075,3075,3075,0,65,0
2025/09/18,1430,3075,3075,3075,3075,0,65,0
2025/09/18,1435,3075,3075,3075,3075,0,65,0
2025/09/18,1440,3075,3075,3075,3075,0,65,0
2025/09/18,1445,3075,3075,3075,3075,0,65,0
2025/09/18,1450,3075,3075,3075,3075,0,65,0
2025/09/18,1455,3075,3075,3075,3075,0,65,0
2025/09/18,1500,3075,3075,3075,3075,0,65,0
2025/09/19,2115,3060,3060,3060,3060,1,65,0
2025/09/19,2120,3061,3061,3061,3061,1,66,0
2025/09/19,2125,3057,3058,3056,3058,5,71,0
2025/09/19,2130,3058,3058,3058,3058,2,73,0
2025/09/19,2200,3058,3058,3058,3058,3,71,0
2025/09/19,2255,3057,3057,3057,3057,1,70,0
2025/09/19,2325,3060,3060,3060,3060,1,70,0
2025/09/19,0905,3060,3060,3060,3060,0,70,0
2025/09/19,0910,3060,3060,3060,3060,0,70,0
2025/09/19,0915,3066,3066,3066,3066,1,70,0
2025/09/19,0920,3066,3066,3066,3066,0,70,0
2025/09/19,0925,3066,3067,3066,3067,3,67,0
2025/09/19,0930,3067,3067,3067,3067,0,67,0
2025/09/19,0935,3067,3067,3067,3067,0,67,0
2025/09/19,0940,3067,3067,3067,3067,0,67,0
2025/09/19,0945,3068,3068,3068,3068,1,68,0
2025/09/19,0950,3067,3067,3067,3067,1,69,0
2025/09/19,0955,3067,3067,3067,3067,0,69,0
2025/09/19,1000,3065,3065,3065,3065,1,70,0
2025/09/19,1005,3064,3064,3064,3064,1,70,0
2025/09/19,1010,3063,3064,3063,3064,2,71,0
2025/09/19,1015,3064,3064,3064,3064,0,71,0
2025/09/19,1035,3064,3064,3064,3064,0,71,0
2025/09/19,1040,3064,3064,3064,3064,0,71,0
2025/09/19,1045,3067,3067,3067,3067,1,71,0
2025/09/19,1050,3067,3067,3067,3067,0,71,0
2025/09/19,1055,3060,3060,3060,3060,1,72,0
2025/09/19,1100,3058,3058,3058,3058,2,73,0
2025/09/19,1105,3058,3058,3058,3058,0,73,0
2025/09/19,1110,3058,3058,3058,3058,0,73,0
2025/09/19,1115,3058,3058,3058,3058,0,73,0
2025/09/19,1120,3058,3058,3058,3058,0,73,0
2025/09/19,1125,3058,3058,3058,3058,0,73,0
2025/09/19,1130,3056,3056,3056,3056,1,74,0
2025/09/19,1335,3067,3070,3067,3070,2,74,0
2025/09/19,1340,3070,3070,3070,3070,0,74,0
2025/09/19,1345,3070,3070,3070,3070,0,74,0
2025/09/19,1350,3070,3070,3070,3070,0,74,0
2025/09/19,1355,3070,3070,3070,3070,0,74,0
2025/09/19,1400,3070,3070,3070,3070,0,74,0
2025/09/19,1405,3070,3070,3070,3070,0,74,0
2025/09/19,1410,3070,3070,3070,3070,0,74,0
2025/09/19,1415,3070,3070,3070,3070,0,74,0
2025/09/19,1420,3063,3063,3063,3063,1,75,0
2025/09/19,1425,3063,3063,3063,3063,0,75,0
2025/09/19,1430,3063,3063,3063,3063,0,75,0
2025/09/19,1435,3063,3063,3063,3063,0,75,0
2025/09/19,1440,3063,3063,3063,3063,0,75,0
2025/09/19,1445,3063,3063,3063,3063,0,75,0
2025/09/19,1450,3063,3063,3063,3063,0,75,0
2025/09/19,1455,3079,3079,3079,3079,1,76,0
2025/09/19,1500,3079,3079,3079,3079,0,76,0
2025/09/22,2105,3331,3331,3331,3331,1,76,0
2025/09/22,2110,3331,3331,3331,3331,1,77,0
2025/09/22,2115,3089,3090,3085,3090,6,79,0
2025/09/22,2120,3085,3085,3084,3084,2,81,0
2025/09/22,2135,3092,3092,3083,3083,4,84,0
2025/09/22,2140,3081,3081,3081,3081,1,85,0
2025/09/22,2145,3081,3085,3081,3085,2,86,0
2025/09/22,2210,3080,3080,3080,3080,1,87,0
2025/09/22,2220,3078,3078,3078,3078,1,87,0
2025/09/22,2225,3075,3075,3075,3075,1,88,0
2025/09/22,2250,3071,3071,3071,3071,1,89,0
2025/09/22,2255,3073,3073,3060,3060,13,97,0
2025/09/22,0055,3062,3062,3062,3062,1,96,0
2025/09/22,0100,3060,3060,3060,3060,1,95,0
2025/09/22,0905,3060,3060,3060,3060,0,95,0
2025/09/22,0910,3060,3060,3060,3060,0,95,0
2025/09/22,0915,3060,3060,3060,3060,0,95,0
2025/09/22,0920,3060,3060,3060,3060,0,95,0
2025/09/22,0925,3060,3060,3060,3060,0,95,0
2025/09/22,0930,3060,3060,3060,3060,0,95,0
2025/09/22,0935,3060,3060,3060,3060,0,95,0
2025/09/22,0940,3060,3060,3060,3060,0,95,0
2025/09/22,0945,3073,3073,3073,3073,1,96,0
2025/09/22,0950,3073,3073,3073,3073,0,96,0
2025/09/22,0955,3073,3073,3073,3073,0,96,0
2025/09/22,1000,3073,3073,3073,3073,0,96,0
2025/09/22,1005,3073,3073,3073,3073,0,96,0
2025/09/22,1010,3073,3073,3073,3073,0,96,0
2025/09/22,1015,3073,3073,3073,3073,0,96,0
2025/09/22,1035,3060,3060,3060,3060,2,98,0
2025/09/22,1040,3060,3060,3060,3060,0,98,0
2025/09/22,1045,3060,3060,3060,3060,0,98,0
2025/09/22,1050,3058,3058,3058,3058,1,99,0
2025/09/22,1055,3070,3070,3070,3070,1,99,0
2025/09/22,1100,3070,3070,3070,3070,0,99,0
2025/09/22,1105,3069,3069,3061,3061,2,100,0
2025/09/22,1110,3060,3060,3060,3060,2,101,0
2025/09/22,1115,3060,3060,3060,3060,0,101,0
2025/09/22,1120,3060,3060,3060,3060,0,101,0
2025/09/22,1125,3058,3058,3052,3052,4,105,0
2025/09/22,1130,3060,3060,3060,3060,1,104,0
2025/09/22,1335,3060,3060,3060,3060,0,104,0
2025/09/22,1340,3060,3060,3060,3060,0,104,0
2025/09/22,1345,3060,3060,3060,3060,0,104,0
2025/09/22,1350,3060,3060,3060,3060,0,104,0
2025/09/22,1355,3060,3060,3060,3060,0,104,0
2025/09/22,1400,3060,3060,3060,3060,1,103,0
2025/09/22,1405,3051,3051,3050,3050,5,107,0
2025/09/22,1410,3059,3061,3059,3061,2,106,0
2025/09/22,1415,3061,3061,3061,3061,0,106,0
2025/09/22,1420,3061,3061,3061,3061,0,106,0
2025/09/22,1425,3056,3061,3056,3061,2,105,0
2025/09/22,1430,3061,3061,3061,3061,1,104,0
2025/09/22,1435,3061,3061,3061,3061,0,104,0
2025/09/22,1440,3061,3061,3061,3061,0,104,0
2025/09/22,1445,3061,3061,3061,3061,0,104,0
2025/09/22,1450,3061,3061,3061,3061,0,104,0
2025/09/22,1455,3061,3061,3061,3061,0,104,0
2025/09/22,1500,3061,3061,3061,3061,0,104,0
2025/09/23,2105,3062,3062,3062,3062,1,105,0
2025/09/23,2110,3060,3060,3055,3055,2,107,0
2025/09/23,2115,3051,3051,3051,3051,1,106,0
2025/09/23,2130,3050,3050,3045,3045,2,108,0
2025/09/23,2135,3051,3051,3051,3051,1,107,0
2025/09/23,2145,3045,3045,3044,3044,3,105,0
2025/09/23,2150,3038,3038,3038,3038,1,104,0
2025/09/23,2215,3038,3038,3038,3038,1,103,0
2025/09/23,2225,3042,3042,3042,3042,1,104,0
2025/09/23,2240,3040,3040,3039,3039,2,104,0
2025/09/23,0905,3041,3041,3041,3041,1,104,0
2025/09/23,0910,3057,3057,3057,3057,1,103,0
2025/09/23,0915,3043,3043,3043,3043,1,104,0
2025/09/23,0920,3043,3043,3043,3043,0,104,0
2025/09/23,0925,3043,3043,3043,3043,1,103,0
2025/09/23,0930,3041,3041,3041,3041,1,102,0
2025/09/23,0935,3041,3041,3041,3041,0,102,0
2025/09/23,0940,3049,3049,3049,3049,1,101,0
2025/09/23,0945,3049,3049,3049,3049,0,101,0
2025/09/23,0950,3040,3040,3040,3040,1,100,0
2025/09/23,0955,3040,3040,3040,3040,0,100,0
2025/09/23,1000,3045,3045,3045,3045,2,100,0
2025/09/23,1005,3045,3045,3045,3045,0,100,0
2025/09/23,1010,3045,3045,3045,3045,0,100,0
2025/09/23,1015,3045,3045,3045,3045,0,100,0
2025/09/23,1035,3045,3045,3045,3045,0,100,0
2025/09/23,1040,3047,3047,3040,3040,2,100,0
2025/09/23,1045,3040,3040,3040,3040,0,100,0
2025/09/23,1050,3040,3040,3040,3040,0,100,0
2025/09/23,1055,3040,3040,3040,3040,0,100,0
2025/09/23,1100,3039,3039,3039,3039,1,100,0
2025/09/23,1105,3039,3039,3039,3039,0,100,0
2025/09/23,1110,3037,3037,3037,3037,1,100,0
2025/09/23,1115,3037,3037,3037,3037,0,100,0
2025/09/23,1120,3037,3037,3037,3037,0,100,0
2025/09/23,1125,3037,3037,3037,3037,0,100,0
2025/09/23,1130,3037,3037,3037,3037,0,100,0
2025/09/23,1335,3030,3030,3030,3030,2,102,0
2025/09/23,1340,3030,3030,3030,3030,1,103,0
2025/09/23,1345,3035,3035,3025,3025,5,105,0
2025/09/23,1350,3020,3024,3017,3024,14,105,0
2025/09/23,1355,3024,3024,3024,3024,0,105,0
2025/09/23,1400,3017,3023,3017,3023,2,103,0
2025/09/23,1405,3016,3019,3009,3009,4,101,0
2025/09/23,1410,3015,3015,3015,3015,1,102,0
2025/09/23,1415,3018,3019,3018,3019,3,102,0
2025/09/23,1420,3019,3019,3019,3019,0,102,0
2025/09/23,1425,3019,3019,3019,3019,0,102,0
2025/09/23,1430,3019,3019,3019,3019,0,102,0
2025/09/23,1435,3019,3019,3019,3019,0,102,0
2025/09/23,1440,3019,3019,3019,3019,0,102,0
2025/09/23,1445,3019,3019,3019,3019,0,102,0
2025/09/23,1450,3013,3013,3013,3013,1,102,0
2025/09/23,1455,3013,3013,3011,3011,9,111,0
2025/09/23,1500,3019,3019,3019,3019,1,110,0
2025/09/24,2110,3017,3017,3017,3017,1,110,0
2025/09/24,2125,3014,3014,3014,3014,6,105,0
2025/09/24,2130,3014,3017,3014,3017,4,105,0
2025/09/24,2150,3013,3013,3013,3013,1,106,0
2025/09/24,2235,3021,3021,3021,3021,1,106,0
2025/09/24,2305,3025,3025,3025,3025,1,105,0
2025/09/24,2335,3017,3017,3017,3017,1,106,0
2025/09/24,0905,3017,3017,3017,3017,0,106,0
2025/09/24,0910,3017,3017,3017,3017,0,106,0
2025/09/24,0915,3020,3024,3020,3024,7,108,0
2025/09/24,0920,3019,3019,3019,3019,4,112,0
2025/09/24,0925,3019,3019,3019,3019,1,113,0
2025/09/24,0930,3018,3018,3018,3018,2,114,0
2025/09/24,0935,3018,3018,3018,3018,0,114,0
2025/09/24,0940,3018,3018,3018,3018,0,114,0
2025/09/24,0945,3023,3023,3014,3014,3,115,0
2025/09/24,0950,3014,3014,3014,3014,0,115,0
2025/09/24,0955,3014,3014,3014,3014,0,115,0
2025/09/24,1000,3014,3014,3014,3014,0,115,0
2025/09/24,1005,3014,3014,3014,3014,0,115,0
2025/09/24,1010,3014,3014,3014,3014,0,115,0
2025/09/24,1015,3014,3014,3014,3014,0,115,0
2025/09/24,1035,3014,3014,3014,3014,0,115,0
2025/09/24,1040,3014,3014,3014,3014,1,115,0
2025/09/24,1045,3013,3013,3013,3013,1,116,0
2025/09/24,1050,3013,3013,3013,3013,0,116,0
2025/09/24,1055,3020,3020,3020,3020,2,118,0
2025/09/24,1100,3020,3020,3020,3020,3,119,0
2025/09/24,1105,3020,3020,3020,3020,0,119,0
2025/09/24,1110,3020,3020,3020,3020,0,119,0
2025/09/24,1115,3020,3020,3020,3020,0,119,0
2025/09/24,1120,3020,3020,3020,3020,0,119,0
2025/09/24,1125,3020,3020,3020,3020,0,119,0
2025/09/24,1130,3020,3020,3020,3020,0,119,0
2025/09/24,1335,3020,3020,3020,3020,10,128,0
2025/09/24,1340,3020,3020,3020,3020,0,128,0
2025/09/24,1345,3020,3020,3020,3020,0,128,0
2025/09/24,1350,3035,3035,3035,3035,2,128,0
2025/09/24,1355,3026,3026,3025,3025,3,127,0
2025/09/24,1400,3025,3025,3025,3025,0,127,0
2025/09/24,1405,3025,3025,3025,3025,0,127,0
2025/09/24,1410,3025,3025,3025,3025,0,127,0
2025/09/24,1415,3025,3025,3025,3025,0,127,0
2025/09/24,1420,3035,3035,3035,3035,1,126,0
2025/09/24,1425,3036,3036,3036,3036,1,126,0
2025/09/24,1430,3022,3022,3022,3022,1,126,0
2025/09/24,1435,3020,3020,3020,3020,1,126,0
2025/09/24,1440,3020,3020,3020,3020,1,127,0
2025/09/24,1445,3020,3020,3020,3020,0,127,0
2025/09/24,1450,3020,3020,3020,3020,0,127,0
2025/09/24,1455,3020,3020,3020,3020,0,127,0
2025/09/24,1500,3021,3021,3021,3021,1,127,0
2025/09/25,2120,3030,3030,3028,3028,4,127,0
2025/09/25,2125,3020,3020,3020,3020,1,127,0
2025/09/25,2210,3027,3027,3027,3027,1,127,0
2025/09/25,2215,3024,3024,3024,3024,1,127,0
2025/09/25,2300,3022,3022,3022,3022,1,128,0
2025/09/25,0905,3032,3032,3032,3032,1,129,0
2025/09/25,0910,3043,3043,3042,3042,2,128,0
2025/09/25,0915,3042,3042,3042,3042,0,128,0
2025/09/25,0920,3040,3041,3040,3041,2,128,0
2025/09/25,0925,3035,3045,3035,3045,3,130,0
2025/09/25,0930,3045,3045,3045,3045,0,130,0
2025/09/25,0935,3045,3045,3045,3045,0,130,0
2025/09/25,0940,3045,3045,3045,3045,0,130,0
2025/09/25,0945,3045,3045,3045,3045,0,130,0
2025/09/25,0950,3045,3045,3045,3045,0,130,0
2025/09/25,0955,3045,3045,3045,3045,0,130,0
2025/09/25,1000,3045,3045,3045,3045,0,130,0
2025/09/25,1005,3045,3045,3045,3045,0,130,0
2025/09/25,1010,3045,3045,3045,3045,0,130,0
2025/09/25,1015,3045,3045,3045,3045,0,130,0
2025/09/25,1035,3046,3048,3046,3048,9,133,0
2025/09/25,1040,3041,3042,3041,3042,2,134,0
2025/09/25,1045,3042,3042,3042,3042,0,134,0
2025/09/25,1050,3042,3042,3042,3042,0,134,0
2025/09/25,1055,3050,3052,3050,3052,2,135,0
2025/09/25,1100,3052,3052,3052,3052,0,135,0
2025/09/25,1105,3052,3052,3052,3052,9,144,0
2025/09/25,1110,3052,3052,3052,3052,0,144,0
2025/09/25,1115,3044,3044,3044,3044,1,144,0
2025/09/25,1120,3044,3044,3044,3044,0,144,0
2025/09/25,1125,3044,3044,3044,3044,0,144,0
2025/09/25,1130,3044,3044,3044,3044,0,144,0
2025/09/25,1335,3044,3044,3044,3044,0,144,0
2025/09/25,1340,3044,3044,3044,3044,0,144,0
2025/09/25,1345,3044,3044,3044,3044,0,144,0
2025/09/25,1350,3054,3054,3054,3054,1,145,0
2025/09/25,1355,3058,3058,3058,3058,1,144,0
2025/09/25,1400,3061,3061,3061,3061,1,145,0
2025/09/25,1405,3061,3061,3061,3061,0,145,0
2025/09/25,1410,3061,3061,3061,3061,0,145,0
2025/09/25,1415,3061,3061,3061,3061,0,145,0
2025/09/25,1420,3061,3061,3061,3061,0,145,0
2025/09/25,1425,3061,3061,3061,3061,0,145,0
2025/09/25,1430,3063,3063,3063,3063,1,146,0
2025/09/25,1435,3065,3070,3065,3070,2,145,0
2025/09/25,1440,3070,3070,3070,3070,0,145,0
2025/09/25,1445,3070,3070,3070,3070,0,145,0
2025/09/25,1450,3070,3070,3070,3070,0,145,0
2025/09/25,1455,3070,3070,3070,3070,0,145,0
2025/09/25,1500,3061,3061,3061,3061,1,145,0
2025/09/26,2105,3065,3065,3065,3065,1,145,0
2025/09/26,2110,3061,3061,3061,3061,1,146,0
2025/09/26,2125,3055,3055,3055,3055,4,149,0
2025/09/26,2140,3055,3055,3049,3049,3,151,0
2025/09/26,2150,3045,3045,3045,3045,1,151,0
2025/09/26,2155,3040,3040,3040,3040,1,151,0
2025/09/26,2200,3047,3050,3047,3050,7,157,0
2025/09/26,2205,3045,3045,3045,3045,6,154,0
2025/09/26,2230,3046,3046,3045,3045,3,153,0
2025/09/26,2245,3046,3046,3046,3046,1,152,0
2025/09/26,0040,3048,3048,3048,3048,1,151,0
2025/09/26,0905,3048,3048,3048,3048,0,151,0
2025/09/26,0910,3048,3048,3048,3048,0,151,0
2025/09/26,0915,3048,3048,3048,3048,0,151,0
2025/09/26,0920,3048,3048,3048,3048,0,151,0
2025/09/26,0925,3042,3042,3042,3042,1,151,0
2025/09/26,0930,3042,3042,3042,3042,0,151,0
2025/09/26,0935,3042,3042,3042,3042,0,151,0
2025/09/26,0940,3042,3042,3042,3042,0,151,0
2025/09/26,0945,3042,3042,3042,3042,0,151,0
2025/09/26,0950,3042,3042,3042,3042,0,151,0
2025/09/26,0955,3042,3042,3042,3042,0,151,0
2025/09/26,1000,3042,3042,3042,3042,0,151,0
2025/09/26,1005,3042,3042,3042,3042,0,151,0
2025/09/26,1010,3042,3042,3042,3042,0,151,0
2025/09/26,1015,3042,3042,3042,3042,0,151,0
2025/09/26,1035,3046,3046,3045,3045,3,151,0
2025/09/26,1040,3045,3045,3045,3045,0,151,0
2025/09/26,1045,3045,3045,3045,3045,0,151,0
2025/09/26,1050,3045,3045,3045,3045,0,151,0
2025/09/26,1055,3045,3045,3045,3045,0,151,0
2025/09/26,1100,3045,3045,3045,3045,0,151,0
2025/09/26,1105,3045,3045,3045,3045,0,151,0
2025/09/26,1110,3045,3045,3045,3045,0,151,0
2025/09/26,1115,3045,3045,3045,3045,0,151,0
2025/09/26,1120,3045,3045,3045,3045,0,151,0
2025/09/26,1125,3045,3045,3045,3045,1,150,0
2025/09/26,1130,3045,3045,3045,3045,0,150,0
2025/09/26,1335,3045,3045,3045,3045,0,150,0
2025/09/26,1340,3045,3045,3045,3045,0,150,0
2025/09/26,1345,3045,3045,3045,3045,0,150,0
2025/09/26,1350,3045,3045,3045,3045,0,150,0
2025/09/26,1355,3045,3045,3045,3045,0,150,0
2025/09/26,1400,3054,3054,3054,3054,2,150,0
2025/09/26,1405,3054,3054,3054,3054,0,150,0
2025/09/26,1410,3054,3054,3054,3054,0,150,0
2025/09/26,1415,3054,3054,3054,3054,0,150,0
2025/09/26,1420,3043,3043,3043,3043,1,150,0
2025/09/26,1425,3043,3043,3043,3043,0,150,0
2025/09/26,1430,3043,3043,3043,3043,0,150,0
2025/09/26,1435,3043,3043,3043,3043,0,150,0
2025/09/26,1440,3043,3043,3043,3043,0,150,0
2025/09/26,1445,3043,3043,3043,3043,1,149,0
2025/09/26,1450,3043,3043,3040,3040,2,150,0
2025/09/26,1455,3040,3040,3040,3040,0,150,0
2025/09/26,1500,3040,3040,3040,3040,0,150,0
2025/09/29,2105,3013,3022,3013,3022,2,149,0
2025/09/29,2110,3028,3028,3016,3016,2,149,0
2025/09/29,2135,3020,3020,3020,3020,2,151,0
2025/09/29,2140,3010,3010,3010,3010,1,152,0
2025/09/29,2145,3010,3010,3010,3010,1,152,0
2025/09/29,2225,3013,3013,3013,3013,1,153,0
2025/09/29,2235,3012,3012,3012,3012,1,154,0
2025/09/29,2250,3011,3011,3011,3011,2,155,0
2025/09/29,2255,3010,3010,3007,3007,4,154,0
2025/09/29,2305,3005,3005,3005,3005,1,154,0
2025/09/29,0905,3012,3041,3012,3036,12,161,0
2025/09/29,0910,3024,3030,3023,3030,5,158,0
2025/09/29,0915,3034,3034,3024,3024,6,158,0
2025/09/29,0920,3030,3038,3030,3038,2,157,0
2025/09/29,0925,3038,3038,3038,3038,0,157,0
2025/09/29,0930,3049,3049,3041,3047,4,161,0
2025/09/29,0935,3047,3047,3047,3047,0,161,0
2025/09/29,0940,3047,3047,3047,3047,0,161,0
2025/09/29,0945,3047,3047,3047,3047,0,161,0
2025/09/29,0950,3047,3047,3047,3047,0,161,0
2025/09/29,0955,3047,3047,3047,3047,0,161,0
2025/09/29,1000,3047,3047,3047,3047,0,161,0
2025/09/29,1005,3047,3047,3047,3047,0,161,0
2025/09/29,1010,3047,3047,3047,3047,0,161,0
2025/09/29,1015,3047,3047,3047,3047,0,161,0
2025/09/29,1035,3047,3047,3047,3047,0,161,0
2025/09/29,1040,3047,3047,3047,3047,0,161,0
2025/09/29,1045,3047,3047,3047,3047,0,161,0
2025/09/29,1050,3040,3040,3032,3032,2,160,0
2025/09/29,1055,3034,3034,3034,3034,1,160,0
2025/09/29,1100,3034,3034,3034,3034,0,160,0
2025/09/29,1105,3034,3034,3034,3034,0,160,0
2025/09/29,1110,3034,3034,3034,3034,0,160,0
2025/09/29,1115,3034,3034,3034,3034,0,160,0
2025/09/29,1120,3034,3034,3034,3034,0,160,0
2025/09/29,1125,3034,3034,3034,3034,1,159,0
2025/09/29,1130,3034,3034,3034,3034,0,159,0
2025/09/29,1335,3050,3050,3043,3043,4,157,0
2025/09/29,1340,3045,3045,3045,3045,1,157,0
2025/09/29,1345,3045,3045,3045,3045,0,157,0
2025/09/29,1350,3045,3045,3045,3045,0,157,0
2025/09/29,1355,3045,3045,3045,3045,0,157,0
2025/09/29,1400,3041,3041,3041,3041,1,156,0
2025/09/29,1405,3041,3041,3041,3041,0,156,0
2025/09/29,1410,3041,3041,3041,3041,0,156,0
2025/09/29,1415,3028,3028,3028,3028,1,157,0
2025/09/29,1420,3028,3028,3028,3028,0,157,0
2025/09/29,1425,3044,3044,3044,3044,1,156,0
2025/09/29,1430,3044,3044,3044,3044,0,156,0
2025/09/29,1435,3044,3044,3044,3044,0,156,0
2025/09/29,1440,3044,3044,3044,3044,0,156,0
2025/09/29,1445,3044,3044,3044,3044,0,156,0
2025/09/29,1450,3044,3044,3044,3044,0,156,0
2025/09/29,1455,3044,3044,3044,3044,0,156,0
2025/09/29,1500,3041,3041,3041,3041,1,156,0
2025/09/30,2105,3027,3027,3021,3021,2,156,0
2025/09/30,2110,3021,3021,3021,3021,1,156,0
2025/09/30,2145,3020,3020,3020,3020,1,157,0
2025/09/30,2205,3026,3026,3026,3026,2,155,0
2025/09/30,2215,3026,3026,3026,3026,1,155,0
2025/09/30,2245,3020,3020,3020,3020,1,155,0
2025/09/30,2255,3010,3010,3006,3006,3,157,0
2025/09/30,2300,3005,3005,3005,3005,1,158,0
2025/09/30,2305,3011,3011,3011,3011,5,158,0
2025/09/30,0030,3016,3021,3016,3021,9,165,0
2025/09/30,0045,3023,3023,3023,3023,1,166,0
2025/09/30,0905,3021,3025,3021,3025,3,166,0
2025/09/30,0910,3025,3025,3025,3025,0,166,0
2025/09/30,0915,3025,3025,3016,3016,3,166,0
2025/09/30,0920,3016,3016,3016,3016,0,166,0
2025/09/30,0925,3016,3016,3016,3016,0,166,0
2025/09/30,0930,3034,3037,3034,3037,3,167,0
2025/09/30,0935,3037,3037,3037,3037,0,167,0
2025/09/30,0940,3037,3037,3037,3037,0,167,0
2025/09/30,0945,3022,3024,3021,3021,9,167,0
2025/09/30,0950,3021,3021,3021,3021,0,167,0
2025/09/30,0955,3021,3021,3021,3021,0,167,0
2025/09/30,1000,3021,3021,3021,3021,0,167,0
2025/09/30,1005,3021,3021,3021,3021,0,167,0
2025/09/30,1010,3021,3021,3021,3021,0,167,0
2025/09/30,1015,3011,3011,3011,3011,1,167,0
2025/09/30,1035,3011,3011,3011,3011,0,167,0
2025/09/30,1040,3011,3011,3011,3011,1,167,0
2025/09/30,1045,3011,3011,3011,3011,0,167,0
2025/09/30,1050,3010,3010,3010,3010,6,168,0
2025/09/30,1055,3010,3010,3010,3010,0,168,0
2025/09/30,1100,3010,3010,3010,3010,0,168,0
2025/09/30,1105,3010,3010,3010,3010,0,168,0
2025/09/30,1110,3010,3010,3010,3010,0,168,0
2025/09/30,1115,3003,3003,3003,3003,1,169,0
2025/09/30,1120,3003,3003,3003,3003,0,169,0
2025/09/30,1125,3003,3003,3003,3003,1,169,0
2025/09/30,1130,3002,3002,3002,3002,1,169,0
2025/09/30,1335,3002,3002,3002,3002,0,169,0
2025/09/30,1340,3002,3002,3002,3002,0,169,0
2025/09/30,1345,3018,3034,3015,3034,4,169,0
2025/09/30,1350,3016,3023,3016,3023,2,169,0
2025/09/30,1355,3023,3023,3023,3023,0,169,0
2025/09/30,1400,3023,3023,3023,3023,0,169,0
2025/09/30,1405,3023,3023,3023,3023,0,169,0
2025/09/30,1410,3023,3023,3023,3023,0,169,0
2025/09/30,1415,3023,3023,3023,3023,0,169,0
2025/09/30,1420,3023,3023,3023,3023,0,169,0
2025/09/30,1425,3011,3011,3011,3011,1,169,0
2025/09/30,1430,3011,3011,3011,3011,0,169,0
2025/09/30,1435,3011,3011,3011,3011,0,169,0
2025/09/30,1440,3011,3011,3011,3011,0,169,0
2025/09/30,1445,3010,3010,3010,3010,1,170,0
2025/09/30,1450,3010,3010,3010,3010,0,170,0
2025/09/30,1455,3011,3011,3011,3011,1,169,0
2025/09/30,1500,3011,3011,3011,3011,0,169,0
2025/10/09,0905,3018,3018,3018,3018,0,169,0
2025/10/09,0910,3018,3018,3013,3013,2,170,0
2025/10/09,0915,3015,3015,3002,3002,2,170,0
2025/10/09,0920,3002,3002,3002,3002,0,170,0
2025/10/09,0925,3007,3007,2993,3000,16,178,0
2025/10/09,0930,3000,3000,3000,3000,1,177,0
2025/10/09,0935,3000,3000,3000,3000,0,177,0
2025/10/09,0940,2998,3002,2998,3000,16,185,0
2025/10/09,0945,3002,3003,2998,2998,5,186,0
2025/10/09,0950,2995,2995,2993,2993,2,186,0
2025/10/09,0955,2993,2993,2993,2993,0,186,0
2025/10/09,1000,2993,2993,2993,2993,0,186,0
2025/10/09,1005,2993,2993,2993,2993,0,186,0
2025/10/09,1010,2993,2993,2993,2993,0,186,0
2025/10/09,1015,2993,2993,2993,2993,0,186,0
2025/10/09,1035,2993,2993,2993,2993,0,186,0
2025/10/09,1040,2993,2993,2993,2993,0,186,0
2025/10/09,1045,3008,3008,3008,3008,1,185,0
2025/10/09,1050,3008,3008,3008,3008,1,186,0
2025/10/09,1055,3008,3008,3008,3008,0,186,0
2025/10/09,1100,3008,3008,3008,3008,0,186,0
2025/10/09,1105,3004,3004,3004,3004,2,184,0
2025/10/09,1110,3004,3004,3004,3004,0,184,0
2025/10/09,1115,2996,2996,2995,2996,7,185,0
2025/10/09,1120,2996,2996,2996,2996,0,185,0
2025/10/09,1125,2993,2993,2993,2993,4,185,0
2025/10/09,1130,2993,2993,2993,2993,0,185,0
2025/10/09,1335,2991,2991,2991,2991,2,185,0
2025/10/09,1340,2993,2993,2993,2993,1,185,0
2025/10/09,1345,2994,2994,2994,2994,2,186,0
2025/10/09,1350,2991,2992,2991,2992,2,187,0
2025/10/09,1355,2992,2992,2992,2992,0,187,0
2025/10/09,1400,2992,2992,2992,2992,0,187,0
2025/10/09,1405,3014,3014,3014,3014,1,186,0
2025/10/09,1410,3014,3014,3014,3014,0,186,0
2025/10/09,1415,3020,3026,3020,3026,3,188,0
2025/10/09,1420,3026,3026,3026,3026,1,188,0
2025/10/09,1425,3026,3026,3026,3026,0,188,0
2025/10/09,1430,3026,3026,3026,3026,0,188,0
2025/10/09,1435,3012,3012,3012,3012,1,188,0
2025/10/09,1440,3012,3012,3012,3012,0,188,0
2025/10/09,1445,3012,3012,3012,3012,0,188,0
2025/10/09,1450,3012,3012,3012,3012,0,188,0
2025/10/09,1455,3012,3012,3012,3012,0,188,0
2025/10/09,1500,3012,3012,3012,3012,0,188,0
2025/10/10,2105,3034,3034,3034,3034,1,188,0
2025/10/10,2110,3050,3050,3049,3049,3,191,0
2025/10/10,2115,3047,3052,3045,3045,11,197,0
2025/10/10,2120,3043,3043,3043,3043,2,197,0
2025/10/10,2125,3048,3048,3045,3047,12,208,0
2025/10/10,2130,3042,3042,3040,3040,2,209,0
2025/10/10,2135,3031,3037,3031,3037,3,212,0
2025/10/10,2140,3032,3032,3029,3029,4,215,0
2025/10/10,2145,3029,3029,3029,3029,1,215,0
2025/10/10,2155,3035,3035,3028,3028,2,217,0
2025/10/10,2200,3026,3026,3025,3025,5,220,0
2025/10/10,2205,3034,3034,3034,3034,1,220,0
2025/10/10,2215,3034,3034,3034,3034,1,220,0
2025/10/10,2230,3028,3028,3028,3028,2,220,0
2025/10/10,2235,3028,3028,3028,3028,1,220,0
2025/10/10,2240,3027,3027,3027,3027,1,219,0
2025/10/10,2245,3026,3031,3026,3031,4,216,0
2025/10/10,2300,3038,3038,3035,3035,2,216,0
2025/10/10,2320,3040,3040,3040,3040,1,217,0
2025/10/10,0905,3032,3032,3021,3021,3,218,0
2025/10/10,0910,3023,3023,3023,3023,1,218,0
2025/10/10,0915,3023,3023,3023,3023,0,218,0
2025/10/10,0920,3023,3023,3023,3023,0,218,0
2025/10/10,0925,3023,3023,3023,3023,0,218,0
2025/10/10,0930,3023,3023,3023,3023,1,217,0
2025/10/10,0935,3023,3023,3023,3023,0,217,0
2025/10/10,0940,3020,3020,3008,3013,8,223,0
2025/10/10,0945,3013,3013,3013,3013,0,223,0
2025/10/10,0950,3013,3013,3013,3013,0,223,0
2025/10/10,0955,3013,3013,3013,3013,0,223,0
2025/10/10,1000,3013,3013,3013,3013,0,223,0
2025/10/10,1005,3013,3013,3013,3013,0,223,0
2025/10/10,1010,3012,3012,3012,3012,2,222,0
2025/10/10,1015,3012,3012,3012,3012,0,222,0
2025/10/10,1035,3012,3012,3012,3012,0,222,0
2025/10/10,1040,3012,3012,3012,3012,0,222,0
2025/10/10,1045,3012,3012,3012,3012,0,222,0
2025/10/10,1050,3012,3012,3012,3012,0,222,0
2025/10/10,1055,3012,3012,3012,3012,0,222,0
2025/10/10,1100,3012,3012,3012,3012,0,222,0
2025/10/10,1105,3012,3012,3012,3012,0,222,0
2025/10/10,1110,3012,3012,3012,3012,0,222,0
2025/10/10,1115,3007,3008,3006,3008,5,219,0
2025/10/10,1120,3008,3008,3008,3008,0,219,0
2025/10/10,1125,3001,3001,3000,3000,3,221,0
2025/10/10,1130,3000,3000,3000,3000,0,221,0
2025/10/10,1335,3000,3000,3000,3000,0,221,0
2025/10/10,1340,3006,3006,3006,3006,1,221,0
2025/10/10,1345,3006,3006,3006,3006,0,221,0
2025/10/10,1350,3006,3010,3006,3010,3,220,0
2025/10/10,1355,3010,3010,3010,3010,0,220,0
2025/10/10,1400,3010,3010,3010,3010,0,220,0
2025/10/10,1405,3010,3010,3010,3010,1,220,0
2025/10/10,1410,3007,3008,3007,3008,5,221,0
2025/10/10,1415,3008,3008,3008,3008,0,221,0
2025/10/10,1420,3008,3008,3008,3008,1,221,0
2025/10/10,1425,3014,3014,3014,3014,1,220,0
2025/10/10,1430,3014,3014,3014,3014,0,220,0
2025/10/10,1435,3014,3014,3014,3014,0,220,0
2025/10/10,1440,3014,3014,3014,3014,0,220,0
2025/10/10,1445,3012,3012,3012,3012,4,224,0
2025/10/10,1450,3011,3011,3011,3011,4,220,0
2025/10/10,1455,3011,3011,3011,3011,0,220,0
2025/10/10,1500,3005,3005,3005,3005,1,219,0
2025/10/13,2105,3003,3003,3000,3000,3,222,0
2025/10/13,2110,3000,3000,3000,3000,1,223,0
2025/10/13,2115,3000,3004,3000,3004,4,225,0
2025/10/13,2130,2992,2992,2991,2991,3,227,0
2025/10/13,2135,2997,2997,2995,2997,4,229,0
2025/10/13,2140,2990,2990,2990,2990,6,230,0
2025/10/13,2145,2993,2997,2993,2997,2,230,0
2025/10/13,2150,2996,2998,2996,2998,3,233,0
2025/10/13,2155,2993,2993,2993,2993,1,234,0
2025/10/13,2200,2989,2989,2987,2987,3,236,0
2025/10/13,2210,2988,2988,2985,2985,4,235,0
2025/10/13,2230,2981,2981,2981,2981,1,235,0
2025/10/13,2235,2982,2982,2982,2982,1,234,0
2025/10/13,2310,2988,2988,2988,2988,3,235,0
2025/10/13,2315,2988,2988,2986,2986,2,237,0
2025/10/13,2320,2982,2982,2980,2980,5,242,0
2025/10/13,2325,2980,2980,2980,2980,1,242,0
2025/10/13,2350,2980,2980,2980,2980,1,243,0
2025/10/13,2355,2981,2981,2981,2981,1,244,0
2025/10/13,0005,2978,2978,2974,2974,3,245,0
2025/10/13,0010,2973,2973,2973,2973,2,245,0
2025/10/13,0045,2977,2977,2976,2976,2,244,0
2025/10/13,0905,2985,2989,2985,2989,2,244,0
2025/10/13,0910,2989,2990,2989,2990,4,248,0
2025/10/13,0915,2988,2988,2982,2982,8,254,0
2025/10/13,0920,2982,2982,2982,2982,1,255,0
2025/10/13,0925,2982,2982,2982,2982,0,255,0
2025/10/13,0930,2979,2979,2979,2979,2,256,0
2025/10/13,0935,2979,2979,2979,2979,0,256,0
2025/10/13,0940,2983,2983,2981,2981,2,256,0
2025/10/13,0945,2981,2981,2981,2981,0,256,0
2025/10/13,0950,2981,2981,2981,2981,0,256,0
2025/10/13,0955,2981,2981,2981,2981,0,256,0
2025/10/13,1000,2987,2987,2987,2987,1,256,0
2025/10/13,1005,2980,2980,2978,2978,5,260,0
2025/10/13,1010,2982,2984,2982,2984,2,260,0
2025/10/13,1015,2984,2984,2984,2984,0,260,0
2025/10/13,1035,2983,2983,2983,2983,1,260,0
2025/10/13,1040,2988,2988,2988,2988,1,259,0
2025/10/13,1045,2988,2988,2988,2988,0,259,0
2025/10/13,1050,2991,2991,2991,2991,1,260,0
2025/10/13,1055,2992,2992,2992,2992,1,261,0
2025/10/13,1100,2989,2989,2989,2989,1,261,0
2025/10/13,1105,2989,2989,2989,2989,0,261,0
2025/10/13,1110,2989,2989,2989,2989,0,261,0
2025/10/13,1115,2989,2989,2989,2989,0,261,0
2025/10/13,1120,2989,2989,2989,2989,0,261,0
2025/10/13,1125,2989,2989,2989,2989,0,261,0
2025/10/13,1130,2980,2980,2980,2980,1,262,0
2025/10/13,1335,2980,2980,2980,2980,0,262,0
2025/10/13,1340,2992,2992,2992,2992,1,262,0
2025/10/13,1345,2992,2992,2992,2992,0,262,0
2025/10/13,1350,2988,2988,2988,2988,1,262,0
2025/10/13,1355,2988,2988,2988,2988,0,262,0
2025/10/13,1400,2988,2988,2988,2988,0,262,0
2025/10/13,1405,2988,2988,2988,2988,0,262,0
2025/10/13,1410,2988,2988,2988,2988,0,262,0
2025/10/13,1415,2980,2980,2979,2979,5,262,0
2025/10/13,1420,2976,2976,2976,2976,2,262,0
2025/10/13,1425,2982,2982,2982,2982,1,262,0
2025/10/13,1430,2982,2982,2982,2982,0,262,0
2025/10/13,1435,2986,2986,2985,2985,2,262,0
2025/10/13,1440,2985,2985,2985,2985,0,262,0
2025/10/13,1445,2985,2985,2980,2980,2,264,0
2025/10/13,1450,2982,2982,2982,2982,1,265,0
2025/10/13,1455,2982,2982,2982,2982,0,265,0
2025/10/13,1500,2982,2982,2982,2982,0,265,0
2025/10/14,2110,2982,2982,2982,2982,1,265,0
2025/10/14,2130,2974,2974,2974,2974,4,268,0
2025/10/14,2135,2974,2974,2974,2974,1,268,0
2025/10/14,2145,2973,2979,2973,2979,2,268,0
2025/10/14,2230,2974,2974,2974,2974,1,268,0
2025/10/14,2300,2970,2970,2970,2970,1,268,0
2025/10/14,2320,2970,2970,2970,2970,1,269,0
2025/10/14,0035,2970,2970,2970,2970,1,269,0
2025/10/14,0905,2967,2967,2966,2966,3,268,0
2025/10/14,0910,2965,2965,2965,2965,2,268,0
2025/10/14,0915,2974,2974,2974,2974,1,268,0
2025/10/14,0920,2974,2974,2974,2974,0,268,0
2025/10/14,0925,2974,2974,2974,2974,0,268,0
2025/10/14,0930,2980,2980,2976,2976,11,272,0
2025/10/14,0935,2969,2969,2969,2969,1,272,0
2025/10/14,0940,2970,2970,2970,2970,1,272,0
2025/10/14,0945,2965,2965,2965,2965,8,277,0
2025/10/14,0950,2965,2965,2965,2965,0,277,0
2025/10/14,0955,2976,2976,2976,2976,1,277,0
2025/10/14,1000,2976,2976,2976,2976,0,277,0
2025/10/14,1005,2975,2978,2975,2978,5,277,0
2025/10/14,1010,2978,2978,2978,2978,0,277,0
2025/10/14,1015,2970,2970,2970,2970,1,277,0
2025/10/14,1035,2974,2974,2974,2974,1,278,0
2025/10/14,1040,2974,2974,2974,2974,0,278,0
2025/10/14,1045,2974,2974,2974,2974,0,278,0
2025/10/14,1050,2974,2974,2974,2974,0,278,0
2025/10/14,1055,2974,2974,2974,2974,0,278,0
2025/10/14,1100,2978,2978,2978,2978,1,279,0
2025/10/14,1105,2978,2978,2978,2978,0,279,0
2025/10/14,1110,2961,2961,2960,2960,6,277,0
2025/10/14,1115,2965,2969,2965,2969,2,277,0
2025/10/14,1120,2963,2963,2958,2958,11,270,0
2025/10/14,1125,2958,2958,2958,2958,0,270,0
2025/10/14,1130,2970,2970,2970,2970,1,271,0
2025/10/14,1335,2970,2970,2970,2970,0,271,0
2025/10/14,1340,2970,2970,2970,2970,0,271,0
2025/10/14,1345,2970,2970,2970,2970,0,271,0
2025/10/14,1350,2969,2969,2969,2969,1,271,0
2025/10/14,1355,2968,2968,2968,2968,1,271,0
2025/10/14,1400,2968,2968,2968,2968,0,271,0
2025/10/14,1405,2968,2968,2968,2968,0,271,0
2025/10/14,1410,2968,2968,2968,2968,0,271,0
2025/10/14,1415,2953,2954,2953,2954,2,271,0
2025/10/14,1420,2954,2954,2954,2954,0,271,0
2025/10/14,1425,2954,2954,2954,2954,0,271,0
2025/10/14,1430,2958,2958,2957,2958,4,268,0
2025/10/14,1435,2961,2961,2961,2961,1,268,0
2025/10/14,1440,2961,2961,2961,2961,1,268,0
2025/10/14,1445,2964,2964,2964,2964,5,268,0
2025/10/14,1450,2962,2969,2962,2969,8,267,0
2025/10/14,1455,2967,2967,2967,2967,1,266,0
2025/10/14,1500,2961,2961,2961,2961,1,266,0
2025/10/15,2115,2960,2960,2960,2960,2,268,0
2025/10/15,2125,2960,2960,2958,2958,3,271,0
2025/10/15,2205,2963,2963,2963,2963,2,269,0
2025/10/15,2225,2962,2962,2962,2962,1,269,0
2025/10/15,2230,2963,2963,2963,2963,8,274,0
2025/10/15,2255,2958,2958,2958,2958,1,275,0
2025/10/15,2305,2966,2966,2966,2966,2,274,0
2025/10/15,2330,2964,2964,2961,2961,3,275,0
2025/10/15,2335,2966,2966,2966,2966,1,274,0
2025/10/15,0905,2976,2976,2974,2976,5,273,0
2025/10/15,0910,2976,2976,2976,2976,0,273,0
2025/10/15,0915,2959,2967,2959,2967,2,272,0
2025/10/15,0920,2967,2967,2967,2967,0,272,0
2025/10/15,0925,2970,2970,2970,2970,1,272,0
2025/10/15,0930,2969,2969,2969,2969,1,271,0
2025/10/15,0935,2969,2969,2969,2969,0,271,0
2025/10/15,0940,2969,2969,2969,2969,0,271,0
2025/10/15,0945,2971,2971,2971,2971,1,272,0
2025/10/15,0950,2971,2971,2971,2971,0,272,0
2025/10/15,0955,2971,2971,2971,2971,0,272,0
2025/10/15,1000,2971,2971,2971,2971,0,272,0
2025/10/15,1005,2976,2976,2976,2976,2,274,0
2025/10/15,1010,2976,2976,2976,2976,0,274,0
2025/10/15,1015,2976,2976,2976,2976,0,274,0
2025/10/15,1035,2967,2967,2967,2967,6,279,0
2025/10/15,1040,2965,2965,2965,2965,1,278,0
2025/10/15,1045,2965,2965,2965,2965,0,278,0
2025/10/15,1050,2965,2965,2965,2965,0,278,0
2025/10/15,1055,2965,2965,2965,2965,0,278,0
2025/10/15,1100,2965,2965,2965,2965,0,278,0
2025/10/15,1105,2965,2965,2965,2965,0,278,0
2025/10/15,1110,2965,2965,2965,2965,0,278,0
2025/10/15,1115,2965,2965,2965,2965,0,278,0
2025/10/15,1120,2959,2959,2959,2959,1,278,0
2025/10/15,1125,2958,2958,2958,2958,1,279,0
2025/10/15,1130,2958,2958,2950,2953,3,279,0
2025/10/15,1335,2953,2953,2953,2953,0,279,0
2025/10/15,1340,2957,2957,2957,2957,9,276,0
2025/10/15,1345,2953,2953,2953,2953,2,276,0
2025/10/15,1350,2950,2950,2948,2948,3,276,0
2025/10/15,1355,2947,2947,2947,2947,1,276,0
2025/10/15,1400,2947,2947,2947,2947,0,276,0
2025/10/15,1405,2958,2958,2958,2958,1,276,0
2025/10/15,1410,2958,2958,2958,2958,0,276,0
2025/10/15,1415,2948,2948,2948,2948,3,273,0
2025/10/15,1420,2948,2948,2948,2948,0,273,0
2025/10/15,1425,2948,2948,2948,2948,0,273,0
2025/10/15,1430,2948,2948,2948,2948,0,273,0
2025/10/15,1435,2948,2948,2948,2948,1,273,0
2025/10/15,1440,2952,2952,2952,2952,1,274,0
2025/10/15,1445,2960,2961,2960,2961,2,274,0
2025/10/15,1450,2961,2961,2961,2961,1,273,0
2025/10/15,1455,2952,2952,2952,2952,1,274,0
2025/10/15,1500,2953,2962,2953,2962,8,267,0
2025/10/16,2130,2945,2945,2945,2945,1,268,0
2025/10/16,2205,2945,2945,2945,2945,1,269,0
2025/10/16,2240,2946,2949,2946,2949,10,267,0
2025/10/16,2305,2950,2950,2950,2950,1,267,0
2025/10/16,2325,2950,2950,2950,2950,1,267,0
2025/10/16,0905,2950,2950,2950,2950,0,267,0
2025/10/16,0910,2954,2954,2954,2954,1,267,0
2025/10/16,0915,2951,2951,2951,2951,1,267,0
2025/10/16,0920,2951,2951,2951,2951,0,267,0
2025/10/16,0925,2951,2951,2951,2951,0,267,0
2025/10/16,0930,2951,2951,2951,2951,0,267,0
2025/10/16,0935,2951,2951,2951,2951,0,267,0
2025/10/16,0940,2951,2951,2951,2951,0,267,0
2025/10/16,0945,2951,2951,2951,2951,0,267,0
2025/10/16,0950,2951,2951,2951,2951,0,267,0
2025/10/16,0955,2951,2951,2951,2951,0,267,0
2025/10/16,1000,2952,2952,2952,2952,3,270,0
2025/10/16,1005,2952,2953,2952,2953,2,271,0
2025/10/16,1010,2957,2957,2957,2957,1,270,0
2025/10/16,1015,2957,2957,2957,2957,0,270,0
2025/10/16,1035,2957,2957,2957,2957,0,270,0
2025/10/16,1040,2959,2959,2959,2959,1,271,0
2025/10/16,1045,2959,2959,2959,2959,0,271,0
2025/10/16,1050,2959,2959,2959,2959,0,271,0
2025/10/16,1055,2959,2959,2959,2959,0,271,0
2025/10/16,1100,2959,2959,2959,2959,0,271,0
2025/10/16,1105,2959,2959,2959,2959,0,271,0
2025/10/16,1110,2959,2959,2959,2959,0,271,0
2025/10/16,1115,2959,2959,2959,2959,0,271,0
2025/10/16,1120,2959,2959,2959,2959,0,271,0
2025/10/16,1125,2950,2950,2950,2950,1,271,0
2025/10/16,1130,2950,2950,2950,2950,0,271,0
2025/10/16,1335,2950,2950,2950,2950,0,271,0
2025/10/16,1340,2950,2950,2950,2950,0,271,0
2025/10/16,1345,2950,2950,2950,2950,0,271,0
2025/10/16,1350,2950,2950,2950,2950,0,271,0
2025/10/16,1355,2950,2950,2950,2950,0,271,0
2025/10/16,1400,2950,2950,2950,2950,0,271,0
2025/10/16,1405,2950,2950,2950,2950,0,271,0
2025/10/16,1410,2950,2950,2950,2950,0,271,0
2025/10/16,1415,2950,2950,2950,2950,0,271,0
2025/10/16,1420,2950,2950,2950,2950,0,271,0
2025/10/16,1425,2950,2950,2950,2950,0,271,0
2025/10/16,1430,2950,2950,2950,2950,0,271,0
2025/10/16,1435,2950,2950,2950,2950,0,271,0
2025/10/16,1440,2950,2950,2950,2950,0,271,0
2025/10/16,1445,2950,2950,2950,2950,0,271,0
2025/10/16,1450,2950,2950,2950,2950,0,271,0
2025/10/16,1455,2950,2950,2950,2950,1,272,0
2025/10/16,1500,2954,2954,2954,2954,1,272,0
2025/10/17,2105,2951,2951,2951,2951,2,272,0
2025/10/17,2110,2950,2950,2950,2950,1,273,0
2025/10/17,2130,2948,2948,2948,2948,2,273,0
2025/10/17,2150,2945,2946,2945,2946,2,273,0
2025/10/17,2225,2954,2954,2954,2954,1,274,0
2025/10/17,2305,2956,2956,2956,2956,1,274,0
2025/10/17,2335,2968,2968,2968,2968,1,273,0
2025/10/17,2345,2967,2967,2967,2967,1,274,0
2025/10/17,2355,2971,2971,2971,2971,1,275,0
2025/10/17,0905,2971,2971,2971,2971,0,275,0
2025/10/17,0910,2964,2964,2964,2964,1,276,0
2025/10/17,0915,2968,2968,2968,2968,1,276,0
2025/10/17,0920,2968,2968,2968,2968,0,276,0
2025/10/17,0925,2968,2968,2966,2966,2,277,0
2025/10/17,0930,2966,2966,2966,2966,0,277,0
2025/10/17,0935,2970,2970,2970,2970,2,278,0
2025/10/17,0940,2970,2970,2970,2970,0,278,0
2025/10/17,0945,2970,2970,2970,2970,0,278,0
2025/10/17,0950,2970,2970,2970,2970,0,278,0
2025/10/17,0955,2970,2970,2970,2970,0,278,0
2025/10/17,1000,2970,2970,2970,2970,0,278,0
2025/10/17,1005,2970,2970,2970,2970,0,278,0
2025/10/17,1010,2970,2970,2970,2970,0,278,0
2025/10/17,1015,2970,2970,2970,2970,1,279,0
2025/10/17,1035,2975,2979,2975,2979,2,279,0
2025/10/17,1040,2979,2979,2979,2979,0,279,0
2025/10/17,1045,2979,2979,2979,2979,0,279,0
2025/10/17,1050,2979,2979,2979,2979,0,279,0
2025/10/17,1055,2979,2979,2979,2979,0,279,0
2025/10/17,1100,2979,2979,2979,2979,0,279,0
2025/10/17,1105,2979,2979,2979,2979,0,279,0
2025/10/17,1110,2979,2979,2979,2979,0,279,0
2025/10/17,1115,2979,2979,2979,2979,0,279,0
2025/10/17,1120,2979,2979,2979,2979,0,279,0
2025/10/17,1125,2975,2975,2975,2975,1,279,0
2025/10/17,1130,2975,2975,2975,2975,0,279,0
2025/10/17,1335,2975,2975,2975,2975,0,279,0
2025/10/17,1340,2975,2975,2975,2975,0,279,0
2025/10/17,1345,2975,2975,2975,2975,0,279,0
2025/10/17,1350,2975,2975,2975,2975,0,279,0
2025/10/17,1355,2975,2975,2975,2975,1,279,0
2025/10/17,1400,2975,2975,2975,2975,0,279,0
2025/10/17,1405,2975,2975,2975,2975,0,279,0
2025/10/17,1410,2975,2975,2975,2975,0,279,0
2025/10/17,1415,2975,2975,2975,2975,0,279,0
2025/10/17,1420,2975,2975,2975,2975,0,279,0
2025/10/17,1425,2975,2975,2975,2975,0,279,0
2025/10/17,1430,2975,2975,2975,2975,0,279,0
2025/10/17,1435,2975,2975,2975,2975,0,279,0
2025/10/17,1440,2975,2975,2975,2975,0,279,0
2025/10/17,1445,2965,2965,2965,2965,1,278,0
2025/10/17,1450,2965,2965,2965,2965,0,278,0
2025/10/17,1455,2965,2965,2965,2965,0,278,0
2025/10/17,1500,2965,2965,2965,2965,0,278,0
2025/10/20,2115,2997,2997,2981,2989,5,279,0
2025/10/20,2125,2982,2982,2978,2978,2,277,0
2025/10/20,2130,2981,2982,2981,2982,2,277,0
2025/10/20,2155,2984,2984,2984,2984,6,280,0
2025/10/20,2230,2985,2986,2985,2986,2,282,0
2025/10/20,2250,2987,2987,2987,2987,1,281,0
2025/10/20,2305,2988,2988,2988,2988,1,281,0
2025/10/20,0905,2975,2975,2969,2969,11,281,0
2025/10/20,0910,2970,2971,2970,2971,3,282,0
2025/10/20,0915,2971,2971,2971,2971,0,282,0
2025/10/20,0920,2971,2971,2971,2971,0,282,0
2025/10/20,0925,2968,2968,2965,2965,5,282,0
2025/10/20,0930,2965,2965,2965,2965,0,282,0
2025/10/20,0935,2961,2961,2961,2961,1,281,0
2025/10/20,0940,2961,2961,2961,2961,0,281,0
2025/10/20,0945,2961,2961,2961,2961,0,281,0
2025/10/20,0950,2961,2961,2961,2961,0,281,0
2025/10/20,0955,2961,2961,2961,2961,0,281,0
2025/10/20,1000,2961,2961,2961,2961,0,281,0
2025/10/20,1005,2970,2970,2970,2970,1,282,0
2025/10/20,1010,2970,2970,2970,2970,0,282,0
2025/10/20,1015,2970,2970,2970,2970,0,282,0
2025/10/20,1035,2970,2970,2970,2970,0,282,0
2025/10/20,1040,2970,2970,2970,2970,0,282,0
2025/10/20,1045,2970,2970,2970,2970,0,282,0
2025/10/20,1050,2974,2974,2974,2974,2,284,0
2025/10/20,1055,2974,2974,2974,2974,1,284,0
2025/10/20,1100,2965,2968,2965,2968,3,286,0
2025/10/20,1105,2966,2966,2963,2963,3,287,0
2025/10/20,1110,2963,2963,2963,2963,0,287,0
2025/10/20,1115,2963,2963,2963,2963,0,287,0
2025/10/20,1120,2963,2963,2963,2963,0,287,0
2025/10/20,1125,2963,2963,2963,2963,0,287,0
2025/10/20,1130,2963,2963,2963,2963,0,287,0
2025/10/20,1335,2965,2965,2965,2965,1,286,0
2025/10/20,1340,2965,2965,2965,2965,0,286,0
2025/10/20,1345,2965,2965,2965,2965,0,286,0
2025/10/20,1350,2965,2965,2965,2965,0,286,0
2025/10/20,1355,2965,2965,2965,2965,0,286,0
2025/10/20,1400,2965,2965,2965,2965,0,286,0
2025/10/20,1405,2965,2965,2965,2965,0,286,0
2025/10/20,1410,2965,2965,2965,2965,0,286,0
2025/10/20,1415,2965,2965,2965,2965,0,286,0
2025/10/20,1420,2965,2965,2965,2965,0,286,0
2025/10/20,1425,2965,2965,2965,2965,0,286,0
2025/10/20,1430,2965,2965,2965,2965,0,286,0
2025/10/20,1435,2974,2974,2974,2974,1,286,0
2025/10/20,1440,2975,2975,2975,2975,1,286,0
2025/10/20,1445,2975,2975,2975,2975,0,286,0
2025/10/20,1450,2975,2975,2975,2975,0,286,0
2025/10/20,1455,2975,2975,2975,2975,0,286,0
2025/10/20,1500,2965,2965,2965,2965,1,286,0
2025/10/21,2105,2963,2963,2922,2938,11,290,0
2025/10/21,2115,2946,2952,2946,2952,2,291,0
2025/10/21,2120,2950,2950,2950,2950,1,290,0
2025/10/21,2125,2954,2954,2954,2954,1,290,0
2025/10/21,2220,2953,2953,2953,2953,1,290,0
2025/10/21,2305,2958,2958,2958,2958,3,290,0
2025/10/21,0000,2953,2953,2953,2953,1,290,0
2025/10/21,0905,2966,2966,2966,2966,1,289,0
2025/10/21,0910,2968,2968,2968,2968,1,290,0
2025/10/21,0915,2968,2968,2968,2968,0,290,0
2025/10/21,0920,2968,2968,2968,2968,0,290,0
2025/10/21,0925,2968,2968,2968,2968,0,290,0
2025/10/21,0930,2968,2968,2968,2968,0,290,0
2025/10/21,0935,2968,2968,2968,2968,0,290,0
2025/10/21,0940,2968,2968,2968,2968,0,290,0
2025/10/21,0945,2968,2968,2968,2968,0,290,0
2025/10/21,0950,2968,2968,2968,2968,0,290,0
2025/10/21,0955,2968,2968,2968,2968,0,290,0
2025/10/21,1000,2968,2968,2968,2968,0,290,0
2025/10/21,1005,2968,2968,2968,2968,0,290,0
2025/10/21,1010,2968,2968,2968,2968,0,290,0
2025/10/21,1015,2968,2968,2968,2968,0,290,0
2025/10/21,1035,2968,2968,2968,2968,0,290,0
2025/10/21,1040,2968,2968,2968,2968,0,290,0
2025/10/21,1045,2970,2970,2970,2970,1,291,0
2025/10/21,1050,2968,2968,2968,2968,1,291,0
2025/10/21,1055,2968,2968,2968,2968,0,291,0
2025/10/21,1100,2968,2968,2968,2968,0,291,0
2025/10/21,1105,2968,2968,2968,2968,0,291,0
2025/10/21,1110,2968,2968,2968,2968,0,291,0
2025/10/21,1115,2968,2968,2968,2968,0,291,0
2025/10/21,1120,2968,2968,2968,2968,1,290,0
2025/10/21,1125,2968,2968,2968,2968,0,290,0
2025/10/21,1130,2976,2979,2972,2972,4,293,0
2025/10/21,1335,2972,2972,2972,2972,0,293,0
2025/10/21,1340,2970,2970,2970,2970,1,293,0
2025/10/21,1345,2967,2967,2966,2966,2,295,0
2025/10/21,1350,2966,2966,2966,2966,0,295,0
2025/10/21,1355,2964,2964,2964,2964,2,297,0
2025/10/21,1400,2964,2964,2964,2964,0,297,0
2025/10/21,1405,2964,2964,2964,2964,0,297,0
2025/10/21,1410,2964,2964,2964,2964,0,297,0
2025/10/21,1415,2964,2964,2964,2964,0,297,0
2025/10/21,1420,2964,2964,2964,2964,0,297,0
2025/10/21,1425,2964,2964,2964,2964,0,297,0
2025/10/21,1430,2964,2964,2964,2964,0,297,0
2025/10/21,1435,2964,2964,2964,2964,0,297,0
2025/10/21,1440,2964,2964,2964,2964,0,297,0
2025/10/21,1445,2964,2964,2964,2964,0,297,0
2025/10/21,1450,2964,2964,2964,2964,0,297,0
2025/10/21,1455,2964,2964,2964,2964,0,297,0
2025/10/21,1500,2964,2964,2964,2964,0,297,0
2025/10/22,2105,2973,2973,2973,2973,2,296,0
2025/10/22,2110,2970,2973,2970,2973,4,297,0
2025/10/22,2115,2988,2988,2988,2988,8,305,0
2025/10/22,2120,2987,2993,2987,2993,6,307,0
2025/10/22,2125,2992,2992,2989,2989,3,305,0
2025/10/22,2130,2989,2989,2983,2983,4,306,0
2025/10/22,2145,2980,2980,2980,2980,2,305,0
2025/10/22,2150,2976,2976,2976,2976,1,305,0
2025/10/22,2205,2982,2982,2982,2982,1,306,0
2025/10/22,2210,2978,2978,2975,2976,5,310,0
2025/10/22,2220,2976,2976,2976,2976,2,308,0
2025/10/22,2230,2975,2975,2975,2975,1,309,0
2025/10/22,2235,2979,2979,2979,2979,1,309,0
2025/10/22,2305,2974,2974,2974,2974,1,309,0
2025/10/22,2345,2980,2980,2980,2980,2,310,0
2025/10/22,0015,2984,2984,2984,2984,1,311,0
2025/10/22,0020,2985,2985,2985,2985,1,310,0
2025/10/22,0030,2985,2986,2985,2986,2,310,0
2025/10/22,0045,2987,2987,2987,2987,1,311,0
2025/10/22,0100,2984,2984,2984,2984,1,312,0
2025/10/22,0905,2984,2985,2984,2984,16,322,0
2025/10/22,0910,2984,2984,2984,2984,13,334,0
2025/10/22,0915,2982,2982,2975,2980,7,332,0
2025/10/22,0920,2977,2977,2977,2977,1,331,0
2025/10/22,0925,2977,2977,2977,2977,0,331,0
2025/10/22,0930,2977,2977,2977,2977,0,331,0
2025/10/22,0935,2977,2977,2977,2977,1,331,0
2025/10/22,0940,2977,2977,2977,2977,0,331,0
2025/10/22,0945,2973,2973,2973,2973,1,332,0
2025/10/22,0950,2973,2973,2973,2973,0,332,0
2025/10/22,0955,2973,2973,2973,2973,0,332,0
2025/10/22,1000,2973,2973,2973,2973,0,332,0
2025/10/22,1005,2973,2973,2973,2973,0,332,0
2025/10/22,1010,2973,2973,2973,2973,0,332,0
2025/10/22,1015,2973,2973,2973,2973,0,332,0
2025/10/22,1035,2973,2973,2973,2973,0,332,0
2025/10/22,1040,2973,2973,2973,2973,0,332,0
2025/10/22,1045,2973,2973,2973,2973,0,332,0
2025/10/22,1050,2973,2973,2973,2973,0,332,0
2025/10/22,1055,2973,2973,2973,2973,0,332,0
2025/10/22,1100,2973,2973,2973,2973,0,332,0
2025/10/22,1105,2984,2984,2984,2984,1,332,0
2025/10/22,1110,2983,2983,2981,2981,3,332,0
2025/10/22,1115,2985,2985,2985,2985,2,333,0
2025/10/22,1120,2985,2985,2985,2985,1,333,0
2025/10/22,1125,2985,2985,2985,2985,0,333,0
2025/10/22,1130,2986,2990,2986,2990,4,332,0
2025/10/22,1335,2992,2992,2990,2990,2,333,0
2025/10/22,1340,2984,2984,2984,2984,2,334,0
2025/10/22,1345,2984,2984,2984,2984,0,334,0
2025/10/22,1350,2980,2980,2980,2980,1,334,0
2025/10/22,1355,2980,2980,2980,2980,0,334,0
2025/10/22,1400,2980,2980,2980,2980,0,334,0
2025/10/22,1405,2980,2980,2980,2980,0,334,0
2025/10/22,1410,2980,2980,2980,2980,0,334,0
2025/10/22,1415,2990,2990,2990,2990,5,337,0
2025/10/22,1420,2990,2990,2990,2990,0,337,0
2025/10/22,1425,2990,2990,2990,2990,0,337,0
2025/10/22,1430,2990,2990,2990,2990,0,337,0
2025/10/22,1435,2990,2990,2990,2990,0,337,0
2025/10/22,1440,2990,2990,2990,2990,0,337,0
2025/10/22,1445,2990,2990,2990,2990,0,337,0
2025/10/22,1450,2990,2990,2990,2990,0,337,0
2025/10/22,1455,2991,2991,2991,2991,1,337,0
2025/10/22,1500,2982,2982,2982,2982,1,336,0
2025/10/23,2110,2976,2976,2976,2976,1,336,0
2025/10/23,2115,2975,2975,2975,2975,1,336,0
2025/10/23,2220,2984,2985,2984,2985,2,336,0
2025/10/23,0905,2985,2985,2985,2985,0,336,0
2025/10/23,0910,2985,2985,2985,2985,0,336,0
2025/10/23,0915,2985,2985,2985,2985,0,336,0
2025/10/23,0920,2985,2985,2985,2985,0,336,0
2025/10/23,0925,2985,2985,2985,2985,0,336,0
2025/10/23,0930,2985,2985,2985,2985,0,336,0
2025/10/23,0935,2985,2985,2985,2985,0,336,0
2025/10/23,0940,2985,2985,2985,2985,0,336,0
2025/10/23,0945,2985,2985,2985,2985,0,336,0
2025/10/23,0950,2985,2985,2985,2985,0,336,0
2025/10/23,0955,2985,2985,2985,2985,0,336,0
2025/10/23,1000,2985,2985,2985,2985,0,336,0
2025/10/23,1005,2985,2985,2985,2985,0,336,0
2025/10/23,1010,2985,2985,2985,2985,0,336,0
2025/10/23,1015,2985,2985,2985,2985,0,336,0
2025/10/23,1035,2989,2990,2989,2990,2,337,0
2025/10/23,1040,2990,2990,2990,2990,0,337,0
2025/10/23,1045,2990,2990,2990,2990,1,338,0
2025/10/23,1050,2990,2990,2990,2990,0,338,0
2025/10/23,1055,2990,2990,2990,2990,0,338,0
2025/10/23,1100,2990,2990,2990,2990,0,338,0
2025/10/23,1105,2990,2990,2990,2990,0,338,0
2025/10/23,1110,2990,2990,2990,2990,0,338,0
2025/10/23,1115,2990,2990,2990,2990,0,338,0
2025/10/23,1120,2990,2990,2990,2990,0,338,0
2025/10/23,1125,2992,2993,2992,2993,3,339,0
2025/10/23,1130,2996,3001,2996,2998,11,339,0
2025/10/23,1335,3000,3000,3000,3000,2,339,0
2025/10/23,1340,3002,3002,3002,3002,1,339,0
2025/10/23,1345,3002,3002,3002,3002,0,339,0
2025/10/23,1350,3002,3002,3002,3002,0,339,0
2025/10/23,1355,2998,2998,2998,2998,1,340,0
2025/10/23,1400,2996,2996,2994,2994,10,348,0
2025/10/23,1405,2994,2994,2994,2994,0,348,0
2025/10/23,1410,2989,2989,2989,2989,2,346,0
2025/10/23,1415,2989,2989,2989,2989,0,346,0
2025/10/23,1420,2992,2993,2992,2993,6,348,0
2025/10/23,1425,2993,2993,2993,2993,0,348,0
2025/10/23,1430,2993,2993,2993,2993,0,348,0
2025/10/23,1435,2994,2994,2993,2993,3,350,0
2025/10/23,1440,2993,2993,2993,2993,0,350,0
2025/10/23,1445,2996,2996,2996,2996,1,349,0
2025/10/23,1450,2996,2996,2996,2996,0,349,0
2025/10/23,1455,2996,2996,2996,2996,1,350,0
2025/10/23,1500,2996,2997,2996,2997,2,349,0
2025/10/24,2105,2999,2999,2999,2999,1,350,0
2025/10/24,2115,2991,2991,2988,2988,4,352,0
2025/10/24,2120,2986,2989,2986,2989,3,353,0
2025/10/24,2125,2990,2990,2990,2990,1,352,0
2025/10/24,2135,2992,2992,2992,2992,1,353,0
2025/10/24,2140,2990,2991,2985,2985,4,353,0
2025/10/24,2145,2983,2983,2980,2980,3,354,0
2025/10/24,2150,2980,2980,2980,2980,2,354,0
2025/10/24,2200,2980,2992,2980,2992,10,351,0
2025/10/24,2215,2987,2987,2987,2987,1,351,0
2025/10/24,2235,2991,2991,2991,2991,1,351,0
2025/10/24,2255,2992,2992,2992,2992,1,351,0
2025/10/24,2305,2996,2996,2996,2996,1,351,0
2025/10/24,0905,2996,2996,2996,2996,0,351,0
2025/10/24,0910,2996,2996,2996,2996,0,351,0
2025/10/24,0915,2987,2987,2982,2982,2,350,0
2025/10/24,0920,2982,2982,2982,2982,0,350,0
2025/10/24,0925,2980,2980,2980,2980,4,354,0
2025/10/24,0930,2980,2980,2980,2980,0,354,0
2025/10/24,0935,2975,2975,2974,2974,8,350,0
2025/10/24,0940,2974,2974,2974,2974,0,350,0
2025/10/24,0945,2974,2974,2974,2974,0,350,0
2025/10/24,0950,2974,2974,2974,2974,0,350,0
2025/10/24,0955,2978,2978,2978,2978,10,356,0
2025/10/24,1000,2974,2976,2974,2976,2,357,0
2025/10/24,1005,2976,2976,2976,2976,0,357,0
2025/10/24,1010,2977,2977,2977,2977,1,358,0
2025/10/24,1015,2977,2977,2977,2977,0,358,0
2025/10/24,1035,2977,2977,2977,2977,1,359,0
2025/10/24,1040,2977,2977,2977,2977,0,359,0
2025/10/24,1045,2975,2977,2975,2976,4,357,0
2025/10/24,1050,2976,2976,2976,2976,0,357,0
2025/10/24,1055,2976,2976,2976,2976,0,357,0
2025/10/24,1100,2976,2976,2976,2976,0,357,0
2025/10/24,1105,2975,2975,2975,2975,1,357,0
2025/10/24,1110,2975,2975,2973,2973,6,362,0
2025/10/24,1115,2973,2973,2973,2973,0,362,0
2025/10/24,1120,2973,2973,2973,2973,1,361,0
2025/10/24,1125,2977,2977,2977,2977,3,359,0
2025/10/24,1130,2977,2977,2977,2977,0,359,0
2025/10/24,1335,2985,2985,2985,2985,1,360,0
2025/10/24,1340,2985,2985,2985,2985,0,360,0
2025/10/24,1345,2985,2985,2985,2985,0,360,0
2025/10/24,1350,2985,2985,2985,2985,0,360,0
2025/10/24,1355,2978,2978,2978,2978,1,359,0
2025/10/24,1400,2978,2978,2978,2978,0,359,0
2025/10/24,1405,2978,2978,2978,2978,1,359,0
2025/10/24,1410,2978,2978,2978,2978,0,359,0
2025/10/24,1415,2978,2978,2978,2978,0,359,0
2025/10/24,1420,2978,2978,2978,2978,0,359,0
2025/10/24,1425,2984,2984,2984,2984,11,370,0
2025/10/24,1430,2984,2985,2984,2985,4,371,0
2025/10/24,1435,2985,2985,2985,2985,1,372,0
2025/10/24,1440,2985,2985,2985,2985,1,373,0
2025/10/24,1445,2986,2986,2986,2986,5,372,0
2025/10/24,1450,2986,2986,2986,2986,0,372,0
2025/10/24,1455,2984,2984,2984,2984,12,384,0
2025/10/24,1500,2984,2984,2984,2984,1,384,0
2025/10/27,2110,2986,2989,2986,2989,2,386,0
2025/10/27,2115,2981,2989,2980,2989,7,388,0
2025/10/27,2120,2985,2990,2985,2990,4,390,0
2025/10/27,2210,2987,2987,2985,2985,2,390,0
2025/10/27,2215,2989,2989,2989,2989,1,391,0
2025/10/27,2220,2985,2985,2985,2985,1,391,0
2025/10/27,2225,2989,2989,2989,2989,1,391,0
2025/10/27,2300,2990,2992,2990,2992,2,393,0
2025/10/27,2305,2987,2987,2987,2987,1,392,0
2025/10/27,2330,2985,2985,2985,2985,1,393,0
2025/10/27,0000,2990,2995,2990,2995,6,392,0
2025/10/27,0005,3007,3008,3007,3008,3,393,0
2025/10/27,0010,3008,3010,3008,3009,10,400,0
2025/10/27,0045,3005,3005,3005,3005,5,405,0
2025/10/27,0905,3010,3012,3003,3005,14,407,0
2025/10/27,0910,3003,3003,3003,3003,4,407,0
2025/10/27,0915,3015,3018,3015,3015,8,412,0
2025/10/27,0920,3013,3013,3013,3013,2,414,0
2025/10/27,0925,3004,3004,3000,3000,8,408,0
2025/10/27,0930,3000,3000,3000,3000,0,408,0
2025/10/27,0935,3001,3003,3001,3003,2,407,0
2025/10/27,0940,3001,3001,3001,3001,2,406,0
2025/10/27,0945,2997,2997,2995,2995,2,406,0
2025/10/27,0950,2991,2994,2990,2994,4,408,0
2025/10/27,0955,2994,2994,2994,2994,0,408,0
2025/10/27,1000,2994,2994,2994,2994,0,408,0
2025/10/27,1005,2989,2990,2986,2989,10,410,0
2025/10/27,1010,2990,2991,2990,2991,5,414,0
2025/10/27,1015,2992,2992,2992,2992,2,415,0
2025/10/27,1035,2993,2993,2993,2993,2,413,0
2025/10/27,1040,2994,2998,2994,2997,14,418,0
2025/10/27,1045,2997,2997,2997,2997,0,418,0
2025/10/27,1050,2997,2997,2997,2997,0,418,0
2025/10/27,1055,2997,2997,2997,2997,1,418,0
2025/10/27,1100,2997,2997,2997,2997,0,418,0
2025/10/27,1105,2997,2997,2997,2997,0,418,0
2025/10/27,1110,2997,2997,2997,2997,0,418,0
2025/10/27,1115,2997,2997,2997,2997,0,418,0
2025/10/27,1120,3001,3001,3001,3001,1,417,0
2025/10/27,1125,3000,3000,3000,3000,1,417,0
2025/10/27,1130,3000,3000,3000,3000,0,417,0
2025/10/27,1335,3004,3010,3004,3007,7,415,0
2025/10/27,1340,3007,3007,3007,3007,0,415,0
2025/10/27,1345,3007,3007,3006,3006,7,421,0
2025/10/27,1350,3004,3004,3004,3004,2,421,0
2025/10/27,1355,3004,3004,3004,3004,0,421,0
2025/10/27,1400,3003,3003,3003,3003,2,420,0
2025/10/27,1405,3007,3010,3007,3008,4,419,0
2025/10/27,1410,3008,3008,3008,3008,0,419,0
2025/10/27,1415,3008,3008,3008,3008,0,419,0
2025/10/27,1420,3008,3008,3008,3008,0,419,0
2025/10/27,1425,3012,3012,3012,3012,1,420,0
2025/10/27,1430,3012,3012,3012,3012,1,421,0
2025/10/27,1435,3013,3015,3012,3012,5,420,0
2025/10/27,1440,3012,3012,3012,3012,0,420,0
2025/10/27,1445,3013,3013,3008,3008,2,421,0
2025/10/27,1450,3008,3008,3007,3007,3,422,0
2025/10/27,1455,3010,3010,3005,3005,10,426,0
2025/10/27,1500,3001,3009,3001,3009,4,423,0
2025/10/28,2105,3009,3012,3009,3012,4,423,0
2025/10/28,2110,3012,3027,3012,3023,12,419,0
2025/10/28,2115,3022,3022,3020,3020,3,421,0
2025/10/28,2120,3021,3021,3021,3021,3,419,0
2025/10/28,2125,3023,3024,3021,3024,7,421,0
2025/10/28,2130,3018,3018,3018,3018,2,422,0
2025/10/28,2135,3017,3017,3017,3017,2,423,0
2025/10/28,2140,3020,3021,3017,3017,23,434,0
2025/10/28,2145,3017,3017,3017,3017,1,433,0
2025/10/28,2150,3020,3020,3020,3020,1,434,0
2025/10/28,2155,3018,3022,3018,3022,3,431,0
2025/10/28,2210,3022,3022,3022,3022,1,431,0
2025/10/28,2215,3026,3027,3026,3027,3,433,0
2025/10/28,2220,3029,3029,3029,3029,3,435,0
2025/10/28,2230,3033,3033,3032,3032,2,437,0
2025/10/28,2240,3027,3027,3027,3027,1,437,0
2025/10/28,2300,3025,3025,3025,3025,1,437,0
2025/10/28,2305,3029,3029,3025,3025,5,437,0
2025/10/28,2315,3019,3019,3019,3019,1,437,0
2025/10/28,2325,3018,3018,3017,3017,6,436,0
2025/10/28,2340,3017,3017,3017,3017,2,434,0
2025/10/28,2355,3018,3018,3018,3018,1,433,0
2025/10/28,0000,3018,3018,3018,3018,21,432,0
2025/10/28,0055,3018,3018,3018,3018,5,427,0
2025/10/28,0905,3017,3018,3014,3014,24,407,0
2025/10/28,0910,3012,3012,3011,3011,2,409,0
2025/10/28,0915,3010,3013,3010,3013,3,410,0
2025/10/28,0920,3018,3018,3018,3018,1,410,0
2025/10/28,0925,3018,3018,3018,3018,0,410,0
2025/10/28,0930,3018,3018,3018,3018,0,410,0
2025/10/28,0935,3018,3018,3018,3018,0,410,0
2025/10/28,0940,3013,3013,3013,3013,1,411,0
2025/10/28,0945,3013,3013,3013,3013,1,411,0
2025/10/28,0950,3013,3013,3013,3013,0,411,0
2025/10/28,0955,3012,3015,3012,3015,3,410,0
2025/10/28,1000,3015,3015,3015,3015,0,410,0
2025/10/28,1005,3015,3015,3015,3015,0,410,0
2025/10/28,1010,3015,3015,3015,3015,0,410,0
2025/10/28,1015,3015,3015,3015,3015,0,410,0
2025/10/28,1035,3015,3015,3015,3015,0,410,0
2025/10/28,1040,3015,3015,3015,3015,1,410,0
2025/10/28,1045,3015,3015,3015,3015,0,410,0
2025/10/28,1050,3011,3012,3011,3012,2,410,0
2025/10/28,1055,3012,3012,3012,3012,0,410,0
2025/10/28,1100,3008,3008,3008,3008,1,410,0
2025/10/28,1105,3008,3008,3008,3008,0,410,0
2025/10/28,1110,3008,3008,3008,3008,0,410,0
2025/10/28,1115,3008,3008,3008,3008,0,410,0
2025/10/28,1120,3008,3008,3008,3008,0,410,0
2025/10/28,1125,3008,3008,3008,3008,0,410,0
2025/10/28,1130,3012,3012,3012,3012,3,407,0
2025/10/28,1335,3012,3012,3012,3012,0,407,0
2025/10/28,1340,3012,3012,3012,3012,0,407,0
2025/10/28,1345,3012,3012,3012,3012,0,407,0
2025/10/28,1350,3012,3012,3012,3012,0,407,0
2025/10/28,1355,3012,3012,3012,3012,0,407,0
2025/10/28,1400,3012,3012,3012,3012,0,407,0
2025/10/28,1405,3012,3012,3012,3012,0,407,0
2025/10/28,1410,3012,3012,3012,3012,0,407,0
2025/10/28,1415,3013,3013,3013,3013,2,409,0
2025/10/28,1420,3017,3017,3008,3008,4,412,0
2025/10/28,1425,3008,3008,3008,3008,0,412,0
2025/10/28,1430,3008,3008,3008,3008,0,412,0
2025/10/28,1435,3008,3008,3008,3008,0,412,0
2025/10/28,1440,3006,3006,3006,3006,2,412,0
2025/10/28,1445,3002,3002,3001,3001,2,412,0
2025/10/28,1450,3003,3003,3003,3003,2,412,0
2025/10/28,1455,3005,3005,3003,3003,3,411,0
2025/10/28,1500,3003,3004,3002,3004,3,410,0
2025/10/29,2105,3000,3004,3000,3004,7,416,0
2025/10/29,2115,3009,3009,3005,3005,2,417,0
2025/10/29,2125,3010,3010,3010,3010,2,418,0
2025/10/29,2130,3006,3006,3005,3005,3,418,0
2025/10/29,2140,3001,3001,3001,3001,2,416,0
2025/10/29,2150,3009,3011,3009,3011,3,417,0
2025/10/29,2200,3017,3017,3017,3017,2,419,0
2025/10/29,2205,3016,3016,3016,3016,1,420,0
2025/10/29,2210,3013,3013,3013,3013,1,419,0
2025/10/29,2215,3014,3014,3014,3014,1,420,0
2025/10/29,2220,3018,3018,3018,3018,2,420,0
2025/10/29,2230,3017,3017,3017,3017,1,419,0
2025/10/29,2235,3016,3016,3016,3016,1,420,0
2025/10/29,2245,3011,3011,3011,3011,1,419,0
2025/10/29,2255,3012,3012,3012,3012,1,420,0
2025/10/29,2300,3011,3011,3011,3011,1,419,0
2025/10/29,0905,3014,3014,3010,3013,5,415,0
2025/10/29,0910,3014,3014,3014,3014,1,414,0
2025/10/29,0915,3014,3014,3014,3014,0,414,0
2025/10/29,0920,3014,3014,3014,3014,0,414,0
2025/10/29,0925,3016,3016,3016,3016,1,413,0
2025/10/29,0930,3019,3020,3019,3020,2,413,0
2025/10/29,0935,3025,3025,3025,3025,1,414,0
2025/10/29,0940,3023,3023,3022,3022,2,414,0
2025/10/29,0945,3022,3022,3022,3022,0,414,0
2025/10/29,0950,3022,3022,3022,3022,0,414,0
2025/10/29,0955,3022,3022,3022,3022,0,414,0
2025/10/29,1000,3022,3022,3022,3022,0,414,0
2025/10/29,1005,3020,3020,3015,3015,3,417,0
2025/10/29,1010,3015,3015,3015,3015,0,417,0
2025/10/29,1015,3015,3015,3015,3015,0,417,0
2025/10/29,1035,3015,3015,3015,3015,0,417,0
2025/10/29,1040,3013,3013,3013,3013,1,417,0
2025/10/29,1045,3012,3012,3012,3012,4,420,0
2025/10/29,1050,3012,3012,3012,3012,0,420,0
2025/10/29,1055,3012,3012,3012,3012,0,420,0
2025/10/29,1100,3012,3012,3012,3012,0,420,0
2025/10/29,1105,3012,3012,3009,3009,5,422,0
2025/10/29,1110,3009,3009,3007,3007,2,424,0
2025/10/29,1115,3007,3007,3007,3007,0,424,0
2025/10/29,1120,3007,3007,3007,3007,0,424,0
2025/10/29,1125,3007,3007,3007,3007,0,424,0
2025/10/29,1130,3007,3007,3007,3007,0,424,0
2025/10/29,1335,3007,3007,3007,3007,0,424,0
2025/10/29,1340,3018,3018,3018,3018,1,425,0
2025/10/29,1345,3017,3017,3017,3017,5,420,0
2025/10/29,1350,3015,3016,3013,3016,6,424,0
2025/10/29,1355,3016,3016,3016,3016,0,424,0
2025/10/29,1400,3017,3017,3017,3017,1,424,0
2025/10/29,1405,3017,3017,3017,3017,0,424,0
2025/10/29,1410,3017,3017,3017,3017,0,424,0
2025/10/29,1415,3021,3021,3021,3021,1,424,0
2025/10/29,1420,3022,3024,3022,3024,3,424,0
2025/10/29,1425,3025,3032,3022,3032,8,425,0
2025/10/29,1430,3034,3034,3034,3034,2,427,0
2025/10/29,1435,3036,3037,3029,3030,11,428,0
2025/10/29,1440,3033,3033,3032,3032,2,428,0
2025/10/29,1445,3028,3035,3021,3028,37,439,0
2025/10/29,1450,3021,3028,3020,3027,15,444,0
2025/10/29,1455,3037,3039,3033,3038,15,440,0
2025/10/29,1500,3040,3046,3040,3046,18,433,0
2025/10/30,2105,3046,3047,3046,3047,2,434,0
2025/10/30,2110,3039,3039,3030,3030,2,435,0
2025/10/30,2115,3028,3028,3025,3025,2,435,0
2025/10/30,2125,3026,3032,3026,3032,2,435,0
2025/10/30,2140,3032,3032,3032,3032,1,436,0
2025/10/30,2145,3033,3033,3033,3033,1,435,0
2025/10/30,2155,3039,3039,3039,3039,1,435,0
2025/10/30,2220,3033,3033,3032,3032,2,437,0
2025/10/30,2225,3037,3037,3037,3037,1,436,0
2025/10/30,2230,3038,3045,3036,3045,13,434,0
2025/10/30,2300,3044,3044,3044,3044,3,437,0
2025/10/30,2315,3047,3047,3047,3047,1,437,0
2025/10/30,2325,3048,3048,3048,3048,3,438,0
2025/10/30,2340,3048,3048,3048,3048,1,438,0
2025/10/30,0905,3040,3047,3038,3047,8,439,0
2025/10/30,0910,3050,3050,3042,3044,15,434,0
2025/10/30,0915,3044,3044,3044,3044,0,434,0
2025/10/30,0920,3043,3043,3043,3043,2,434,0
2025/10/30,0925,3036,3036,3036,3036,2,436,0
2025/10/30,0930,3035,3035,3034,3034,3,435,0
2025/10/30,0935,3032,3032,3030,3032,20,424,0
2025/10/30,0940,3032,3032,3032,3032,2,424,0
2025/10/30,0945,3032,3032,3032,3032,0,424,0
2025/10/30,0950,3032,3032,3032,3032,0,424,0
2025/10/30,0955,3032,3032,3032,3032,0,424,0
2025/10/30,1000,3032,3032,3032,3032,0,424,0
2025/10/30,1005,3036,3036,3036,3036,1,425,0
2025/10/30,1010,3030,3030,3030,3030,2,425,0
2025/10/30,1015,3030,3030,3030,3030,0,425,0
2025/10/30,1035,3030,3030,3030,3030,0,425,0
2025/10/30,1040,3030,3030,3030,3030,0,425,0
2025/10/30,1045,3030,3030,3030,3030,0,425,0
2025/10/30,1050,3030,3030,3030,3030,0,425,0
2025/10/30,1055,3030,3030,3030,3030,0,425,0
2025/10/30,1100,3030,3030,3030,3030,0,425,0
2025/10/30,1105,3030,3030,3030,3030,0,425,0
2025/10/30,1110,3030,3030,3030,3030,0,425,0
2025/10/30,1115,3051,3051,3044,3044,8,421,0
2025/10/30,1120,3048,3048,3043,3043,3,420,0
2025/10/30,1125,3042,3042,3042,3042,7,427,0
2025/10/30,1130,3042,3042,3042,3042,0,427,0
2025/10/30,1335,3031,3037,3031,3035,18,439,0
2025/10/30,1340,3035,3039,3034,3037,10,430,0
2025/10/30,1345,3031,3031,3031,3031,4,434,0
2025/10/30,1350,3029,3029,3025,3025,5,430,0
2025/10/30,1355,3025,3025,3025,3025,0,430,0
2025/10/30,1400,3025,3025,3025,3025,0,430,0
2025/10/30,1405,3031,3031,3031,3031,1,430,0
2025/10/30,1410,3020,3020,3018,3018,3,431,0
2025/10/30,1415,3018,3018,3002,3013,25,439,0
2025/10/30,1420,3006,3006,3006,3006,4,438,0
2025/10/30,1425,3010,3011,3010,3011,5,442,0
2025/10/30,1430,3011,3011,3011,3011,0,442,0
2025/10/30,1435,3009,3018,3009,3018,2,441,0
2025/10/30,1440,3018,3018,3018,3018,1,440,0
2025/10/30,1445,3018,3018,3018,3018,0,440,0
2025/10/30,1450,3014,3014,3014,3014,2,440,0
2025/10/30,1455,3014,3014,3014,3014,0,440,0
2025/10/30,1500,3015,3018,3012,3012,10,442,0
2025/10/31,2105,3020,3020,3020,3020,1,441,0
2025/10/31,2110,3020,3020,3020,3020,3,443,0
2025/10/31,2115,3019,3019,3016,3016,4,442,0
2025/10/31,2120,3016,3016,3015,3015,3,442,0
2025/10/31,2130,3015,3015,3015,3015,1,441,0
2025/10/31,2150,3017,3017,3017,3017,1,440,0
2025/10/31,2200,3016,3016,3016,3016,1,441,0
2025/10/31,2220,3021,3021,3021,3021,1,441,0
2025/10/31,2225,3020,3020,3020,3020,1,442,0
2025/10/31,2235,3019,3019,3019,3019,30,468,0
2025/10/31,2255,3021,3023,3021,3023,2,467,0
2025/10/31,2305,3028,3030,3028,3030,2,466,0
2025/10/31,2315,3023,3023,3023,3023,1,465,0
2025/10/31,0905,3023,3023,3023,3023,0,465,0
2025/10/31,0910,3023,3023,3023,3023,0,465,0
2025/10/31,0915,3021,3023,3021,3023,2,464,0
2025/10/31,0920,3022,3022,3022,3022,1,463,0
2025/10/31,0925,3022,3022,3022,3022,0,463,0
2025/10/31,0930,3022,3022,3022,3022,0,463,0
2025/10/31,0935,3020,3020,3020,3020,2,463,0
2025/10/31,0940,3020,3020,3020,3020,0,463,0
2025/10/31,0945,3020,3020,3020,3020,0,463,0
2025/10/31,0950,3017,3017,3013,3017,12,465,0
2025/10/31,0955,3010,3010,3010,3010,1,465,0
2025/10/31,1000,3011,3011,3011,3011,3,465,0
2025/10/31,1005,3011,3011,3011,3011,0,465,0
2025/10/31,1010,3011,3011,3011,3011,0,465,0
2025/10/31,1015,3016,3019,3016,3019,3,466,0
2025/10/31,1035,3012,3012,3006,3006,13,472,0
2025/10/31,1040,3006,3006,3006,3006,0,472,0
2025/10/31,1045,3005,3005,3005,3005,2,470,0
2025/10/31,1050,3010,3015,3010,3010,5,471,0
2025/10/31,1055,3012,3012,3012,3012,1,470,0
2025/10/31,1100,3012,3012,3012,3012,0,470,0
2025/10/31,1105,3012,3012,3012,3012,0,470,0
2025/10/31,1110,3012,3012,3012,3012,0,470,0
2025/10/31,1115,3013,3013,3012,3012,2,471,0
2025/10/31,1120,3012,3012,3012,3012,0,471,0
2025/10/31,1125,3005,3005,3005,3005,1,472,0
2025/10/31,1130,3005,3005,3005,3005,0,472,0
2025/10/31,1335,3008,3009,3008,3009,3,472,0
2025/10/31,1340,3006,3006,3006,3006,2,471,0
2025/10/31,1345,3006,3006,3006,3006,0,471,0
2025/10/31,1350,3006,3006,3006,3006,0,471,0
2025/10/31,1355,3006,3006,3006,3006,0,471,0
2025/10/31,1400,3005,3006,3005,3006,3,473,0
2025/10/31,1405,3003,3003,3003,3003,1,472,0
2025/10/31,1410,3011,3011,3011,3011,4,475,0
2025/10/31,1415,3011,3011,3011,3011,0,475,0
2025/10/31,1420,3011,3011,3011,3011,0,475,0
2025/10/31,1425,3005,3005,3003,3003,2,476,0
2025/10/31,1430,2998,2998,2993,2994,24,485,0
2025/10/31,1435,2997,2997,2989,2989,11,490,0
2025/10/31,1440,2990,3005,2990,2994,11,494,0
2025/10/31,1445,2993,2993,2990,2990,10,493,0
2025/10/31,1450,2985,2985,2985,2985,1,492,0
2025/10/31,1455,2983,2983,2983,2983,5,488,0
2025/10/31,1500,2984,2990,2984,2990,8,484,0
2025/11/03,2105,2986,2986,2978,2984,12,485,0
2025/11/03,2110,2981,2981,2979,2979,2,485,0
2025/11/03,2115,2980,2980,2980,2980,1,485,0
2025/11/03,2120,2983,2983,2983,2983,1,485,0
2025/11/03,2125,2985,2985,2985,2985,1,486,0
2025/11/03,2130,2986,2987,2985,2985,5,489,0
2025/11/03,2135,2985,2985,2984,2984,2,491,0
2025/11/03,2155,2980,2980,2978,2979,10,489,0
2025/11/03,2200,2977,2977,2977,2977,2,487,0
2025/11/03,2205,2977,2977,2977,2977,1,488,0
2025/11/03,2210,2976,2977,2976,2977,2,488,0
2025/11/03,2215,2974,2975,2971,2971,8,495,0
2025/11/03,2220,2971,2971,2971,2971,2,495,0
2025/11/03,2225,2976,2976,2976,2976,2,496,0
2025/11/03,2230,2981,2981,2978,2978,2,496,0
2025/11/03,2250,2981,2982,2981,2982,3,495,0
2025/11/03,2255,2984,2984,2984,2984,1,495,0
2025/11/03,2300,2982,2982,2982,2982,1,495,0
2025/11/03,2305,2984,2984,2984,2984,1,495,0
2025/11/03,2325,2989,2989,2989,2989,1,495,0
2025/11/03,0000,2981,2981,2980,2980,3,496,0
2025/11/03,0005,2980,2980,2980,2980,2,496,0
2025/11/03,0030,2980,2980,2977,2977,2,495,0
2025/11/03,0040,2971,2971,2971,2971,1,495,0
2025/11/03,0045,2971,2980,2971,2973,6,496,0
2025/11/03,0050,2971,2971,2970,2970,4,495,0
2025/11/03,0100,2966,2979,2965,2965,3,495,0
2025/11/03,0905,2983,2984,2976,2984,8,494,0
2025/11/03,0910,2984,2985,2979,2981,9,492,0
2025/11/03,0915,2983,2986,2983,2986,6,487,0
2025/11/03,0920,2984,2988,2984,2988,7,489,0
2025/11/03,0925,2981,2981,2981,2981,1,490,0
2025/11/03,0930,2981,2981,2981,2981,0,490,0
2025/11/03,0935,2984,2990,2984,2985,8,494,0
2025/11/03,0940,2984,2984,2984,2984,2,494,0
2025/11/03,0945,2985,2985,2985,2985,2,496,0
2025/11/03,0950,2985,2985,2985,2985,0,496,0
2025/11/03,0955,2986,2990,2986,2990,13,490,0
2025/11/03,1000,2988,2990,2986,2986,11,492,0
2025/11/03,1005,2986,2986,2986,2986,0,492,0
2025/11/03,1010,2986,2986,2986,2986,0,492,0
2025/11/03,1015,2986,2986,2986,2986,0,492,0
2025/11/03,1035,2992,2996,2992,2996,3,493,0
2025/11/03,1040,2998,2998,2996,2996,4,496,0
2025/11/03,1045,2994,2994,2993,2993,12,505,0
2025/11/03,1050,2993,2993,2993,2993,0,505,0
2025/11/03,1055,2995,2996,2995,2995,13,513,0
2025/11/03,1100,2994,2998,2994,2996,12,521,0
2025/11/03,1105,2995,2995,2994,2994,9,528,0
2025/11/03,1110,2994,2995,2993,2993,8,535,0
2025/11/03,1115,2993,2993,2992,2992,14,549,0
2025/11/03,1120,2991,2991,2986,2986,8,551,0
2025/11/03,1125,2986,2986,2986,2986,0,551,0
2025/11/03,1130,2986,2986,2986,2986,1,552,0
2025/11/03,1335,2986,2986,2986,2986,0,552,0
2025/11/03,1340,2986,2986,2986,2986,1,552,0
2025/11/03,1345,2990,2990,2990,2990,1,552,0
2025/11/03,1350,2989,2989,2987,2987,2,554,0
2025/11/03,1355,2987,2987,2987,2987,0,554,0
2025/11/03,1400,2987,2987,2987,2987,0,554,0
2025/11/03,1405,2987,2987,2987,2987,0,554,0
2025/11/03,1410,2987,2987,2987,2987,0,554,0
2025/11/03,1415,2989,2989,2988,2988,4,552,0
2025/11/03,1420,2988,2988,2988,2988,0,552,0
2025/11/03,1425,2985,2985,2985,2985,8,547,0
2025/11/03,1430,2985,2985,2983,2983,6,547,0
2025/11/03,1435,2983,2983,2983,2983,1,547,0
2025/11/03,1440,2983,2983,2983,2983,0,547,0
2025/11/03,1445,2983,2983,2983,2983,0,547,0
2025/11/03,1450,2986,2986,2986,2986,1,547,0
2025/11/03,1455,2986,2986,2986,2986,0,547,0
2025/11/03,1500,2985,2988,2985,2988,2,545,0
2025/11/04,2105,2986,2990,2986,2990,2,546,0
2025/11/04,2110,2985,2985,2981,2981,4,548,0
2025/11/04,2115,2982,2982,2982,2982,1,547,0
2025/11/04,2205,2987,2987,2987,2987,2,549,0
2025/11/04,2250,2987,2987,2987,2987,1,549,0
2025/11/04,2300,2985,2985,2985,2985,1,550,0
2025/11/04,2305,2981,2981,2981,2981,1,550,0
2025/11/04,2335,2981,2981,2981,2981,1,551,0
2025/11/04,0010,2981,2981,2981,2981,1,550,0
2025/11/04,0905,2980,2980,2976,2976,8,544,0
2025/11/04,0910,2981,2984,2980,2984,4,545,0
2025/11/04,0915,2984,2984,2984,2984,0,545,0
2025/11/04,0920,2984,2984,2984,2984,0,545,0
2025/11/04,0925,2982,2982,2982,2982,1,544,0
2025/11/04,0930,2982,2982,2982,2982,1,545,0
2025/11/04,0935,2982,2982,2982,2982,0,545,0
2025/11/04,0940,2982,2982,2982,2982,0,545,0
2025/11/04,0945,2982,2982,2982,2982,0,545,0
2025/11/04,0950,2982,2982,2982,2982,0,545,0
2025/11/04,0955,2982,2982,2982,2982,0,545,0
2025/11/04,1000,2981,2981,2981,2981,1,545,0
2025/11/04,1005,2977,2977,2977,2977,1,545,0
2025/11/04,1010,2982,2982,2982,2982,1,545,0
2025/11/04,1015,2980,2980,2977,2977,8,553,0
2025/11/04,1035,2977,2977,2977,2977,0,553,0
2025/11/04,1040,2978,2982,2978,2982,5,552,0
2025/11/04,1045,2982,2982,2982,2982,0,552,0
2025/11/04,1050,2982,2982,2982,2982,0,552,0
2025/11/04,1055,2982,2982,2982,2982,0,552,0
2025/11/04,1100,2982,2982,2982,2982,0,552,0
2025/11/04,1105,2977,2979,2977,2979,2,551,0
2025/11/04,1110,2979,2979,2979,2979,0,551,0
2025/11/04,1115,2983,2983,2982,2982,5,554,0
2025/11/04,1120,2977,2977,2977,2977,1,553,0
2025/11/04,1125,2977,2977,2977,2977,0,553,0
2025/11/04,1130,2977,2977,2977,2977,0,553,0
2025/11/04,1335,2977,2977,2977,2977,0,553,0
2025/11/04,1340,2977,2977,2977,2977,0,553,0
2025/11/04,1345,2977,2977,2977,2977,0,553,0
2025/11/04,1350,2977,2977,2977,2977,0,553,0
2025/11/04,1355,2977,2977,2977,2977,0,553,0
2025/11/04,1400,2977,2977,2977,2977,0,553,0
2025/11/04,1405,2977,2977,2977,2977,0,553,0
2025/11/04,1410,2980,2980,2980,2980,1,554,0
2025/11/04,1415,2980,2980,2980,2980,0,554,0
2025/11/04,1420,2980,2980,2980,2980,0,554,0
2025/11/04,1425,2979,2982,2979,2982,2,553,0
2025/11/04,1430,2982,2982,2982,2982,0,553,0
2025/11/04,1435,2974,2974,2971,2971,11,555,0
2025/11/04,1440,2972,2972,2972,2972,4,559,0
2025/11/04,1445,2972,2972,2972,2972,29,588,0
2025/11/04,1450,2970,2970,2968,2968,15,592,0
2025/11/04,1455,2969,2969,2969,2969,1,593,0
2025/11/04,1500,2968,2968,2968,2968,2,591,0
2025/11/05,2110,2964,2964,2960,2960,14,598,0
2025/11/05,2115,2958,2958,2951,2952,15,600,0
2025/11/05,2120,2952,2952,2950,2951,9,600,0
2025/11/05,2125,2951,2951,2951,2951,1,599,0
2025/11/05,2130,2950,2950,2950,2950,2,601,0
2025/11/05,2135,2952,2953,2952,2953,4,598,0
2025/11/05,2140,2954,2954,2954,2954,2,596,0
2025/11/05,2145,2952,2952,2952,2952,2,598,0
2025/11/05,2150,2955,2955,2955,2955,1,597,0
2025/11/05,2155,2954,2954,2954,2954,2,596,0
2025/11/05,2220,2954,2954,2954,2954,1,596,0
2025/11/05,2225,2955,2956,2955,2955,7,598,0
2025/11/05,2235,2952,2952,2952,2952,1,598,0
2025/11/05,2240,2950,2950,2949,2949,6,601,0
2025/11/05,2250,2949,2949,2949,2949,2,601,0
2025/11/05,2255,2950,2950,2950,2950,1,601,0
2025/11/05,2300,2950,2955,2950,2955,2,601,0
2025/11/05,2325,2959,2959,2959,2959,1,602,0
2025/11/05,0010,2959,2959,2959,2959,1,602,0
2025/11/05,0905,2959,2959,2959,2959,0,602,0
2025/11/05,0910,2959,2959,2959,2959,0,602,0
2025/11/05,0915,2954,2954,2954,2954,1,602,0
2025/11/05,0920,2954,2954,2954,2954,0,602,0
2025/11/05,0925,2961,2962,2961,2962,8,598,0
2025/11/05,0930,2962,2962,2962,2962,0,598,0
2025/11/05,0935,2962,2962,2962,2962,0,598,0
2025/11/05,0940,2962,2962,2962,2962,0,598,0
2025/11/05,0945,2962,2962,2962,2962,1,597,0
2025/11/05,0950,2962,2962,2962,2962,0,597,0
2025/11/05,0955,2962,2962,2962,2962,0,597,0
2025/11/05,1000,2962,2962,2962,2962,0,597,0
2025/11/05,1005,2962,2962,2962,2962,0,597,0
2025/11/05,1010,2962,2962,2962,2962,0,597,0
2025/11/05,1015,2960,2960,2960,2960,1,596,0
2025/11/05,1035,2960,2960,2960,2960,0,596,0
2025/11/05,1040,2960,2960,2960,2960,0,596,0
2025/11/05,1045,2960,2960,2960,2960,0,596,0
2025/11/05,1050,2960,2960,2960,2960,0,596,0
2025/11/05,1055,2958,2958,2958,2958,8,598,0
2025/11/05,1100,2958,2958,2958,2958,0,598,0
2025/11/05,1105,2961,2961,2961,2961,1,597,0
2025/11/05,1110,2961,2961,2961,2961,0,597,0
2025/11/05,1115,2962,2962,2962,2962,1,598,0
2025/11/05,1120,2962,2962,2962,2962,0,598,0
2025/11/05,1125,2962,2963,2962,2963,3,599,0
2025/11/05,1130,2963,2970,2963,2970,4,601,0
2025/11/05,1335,2970,2970,2970,2970,0,601,0
2025/11/05,1340,2973,2973,2973,2973,1,601,0
2025/11/05,1345,2974,2974,2969,2973,23,598,0
2025/11/05,1350,2973,2974,2971,2971,7,597,0
2025/11/05,1355,2969,2972,2969,2969,24,583,0
2025/11/05,1400,2969,2969,2969,2969,0,583,0
2025/11/05,1405,2973,2974,2973,2973,5,582,0
2025/11/05,1410,2973,2973,2973,2973,0,582,0
2025/11/05,1415,2974,2974,2974,2974,3,584,0
2025/11/05,1420,2974,2974,2974,2974,0,584,0
2025/11/05,1425,2974,2974,2974,2974,0,584,0
2025/11/05,1430,2974,2974,2974,2974,1,584,0
2025/11/05,1435,2973,2973,2973,2973,2,584,0
2025/11/05,1440,2970,2974,2970,2974,3,583,0
2025/11/05,1445,2974,2974,2974,2974,0,583,0
2025/11/05,1450,2970,2970,2970,2970,4,583,0
2025/11/05,1455,2970,2970,2970,2970,0,583,0
2025/11/05,1500,2969,2969,2969,2969,1,584,0
2025/11/06,2105,2972,2978,2972,2976,5,583,0
2025/11/06,2110,2979,2979,2977,2979,9,576,0
2025/11/06,2115,2980,2980,2980,2980,3,576,0
2025/11/06,2120,2980,2980,2980,2980,3,576,0
2025/11/06,2125,2981,2982,2981,2982,2,576,0
2025/11/06,2130,2985,2987,2985,2987,3,575,0
2025/11/06,2135,2988,2988,2986,2986,11,581,0
2025/11/06,2140,2985,2985,2985,2985,6,585,0
2025/11/06,2145,2984,2984,2984,2984,1,585,0
2025/11/06,2150,2984,2984,2977,2977,12,587,0
2025/11/06,2215,2977,2978,2975,2978,4,589,0
2025/11/06,2225,2977,2977,2974,2974,3,587,0
2025/11/06,2230,2981,2981,2981,2981,2,587,0
2025/11/06,2235,2981,2981,2981,2981,2,587,0
2025/11/06,2300,2978,2978,2978,2978,1,586,0
2025/11/06,0905,2973,2974,2973,2974,5,586,0
2025/11/06,0910,2974,2974,2974,2974,0,586,0
2025/11/06,0915,2974,2974,2974,2974,0,586,0
2025/11/06,0920,2975,2975,2974,2974,2,586,0
2025/11/06,0925,2973,2973,2970,2970,7,588,0
2025/11/06,0930,2966,2966,2966,2966,2,587,0
2025/11/06,0935,2964,2965,2964,2965,3,587,0
2025/11/06,0940,2963,2963,2962,2962,11,591,0
2025/11/06,0945,2962,2968,2962,2968,3,591,0
2025/11/06,0950,2968,2968,2968,2968,1,591,0
2025/11/06,0955,2970,2971,2970,2971,7,595,0
2025/11/06,1000,2973,2973,2970,2971,10,597,0
2025/11/06,1005,2975,2976,2975,2976,4,600,0
2025/11/06,1010,2975,2975,2975,2975,2,602,0
2025/11/06,1015,2969,2969,2969,2969,2,602,0
2025/11/06,1035,2969,2969,2969,2969,0,602,0
2025/11/06,1040,2974,2977,2974,2977,13,610,0
2025/11/06,1045,2972,2972,2972,2972,6,613,0
2025/11/06,1050,2976,2977,2976,2977,2,613,0
2025/11/06,1055,2980,2981,2977,2981,5,616,0
2025/11/06,1100,2981,2981,2981,2981,2,618,0
2025/11/06,1105,2981,2981,2981,2981,0,618,0
2025/11/06,1110,2981,2981,2981,2981,0,618,0
2025/11/06,1115,2981,2981,2981,2981,0,618,0
2025/11/06,1120,2981,2981,2981,2981,0,618,0
2025/11/06,1125,2978,2978,2975,2975,4,620,0
2025/11/06,1130,2974,2976,2972,2976,4,616,0
2025/11/06,1335,2982,2989,2977,2989,10,616,0
2025/11/06,1340,2989,2992,2983,2983,17,625,0
2025/11/06,1345,2984,2984,2984,2984,1,625,0
2025/11/06,1350,2984,2984,2984,2984,0,625,0
2025/11/06,1355,2984,2984,2984,2984,0,625,0
2025/11/06,1400,2984,2984,2984,2984,0,625,0
2025/11/06,1405,2984,2984,2984,2984,0,625,0
2025/11/06,1410,2984,2984,2984,2984,0,625,0
2025/11/06,1415,2984,2984,2984,2984,0,625,0
2025/11/06,1420,2981,2981,2975,2975,3,624,0
2025/11/06,1425,2975,2975,2975,2975,0,624,0
2025/11/06,1430,2975,2975,2975,2975,0,624,0
2025/11/06,1435,2975,2975,2975,2975,0,624,0
2025/11/06,1440,2975,2975,2975,2975,0,624,0
2025/11/06,1445,2975,2975,2975,2975,0,624,0
2025/11/06,1450,2975,2975,2975,2975,0,624,0
2025/11/06,1455,2975,2975,2975,2975,0,624,0
2025/11/06,1500,2981,2983,2980,2983,4,624,0
2025/11/07,2105,2985,2985,2985,2985,1,624,0
2025/11/07,2115,2982,2982,2982,2982,1,624,0
2025/11/07,2125,2974,2974,2974,2974,1,623,0
2025/11/07,2130,2973,2973,2970,2970,2,623,0
2025/11/07,2140,2984,2984,2982,2982,5,626,0
2025/11/07,2200,2975,2975,2975,2975,2,626,0
2025/11/07,2210,2976,2976,2973,2974,3,625,0
2025/11/07,2215,2975,2975,2975,2975,1,624,0
2025/11/07,2250,2975,2975,2975,2975,1,624,0
2025/11/07,2305,2980,2980,2980,2980,1,624,0
2025/11/07,2310,2974,2974,2974,2974,5,620,0
2025/11/07,2315,2973,2973,2973,2973,4,617,0
2025/11/07,2355,2974,2974,2974,2974,4,616,0
2025/11/07,0005,2971,2971,2971,2971,2,615,0
2025/11/07,0010,2974,2974,2974,2974,1,614,0
2025/11/07,0015,2971,2971,2971,2971,1,614,0
2025/11/07,0025,2974,2974,2974,2974,1,613,0
2025/11/07,0905,2970,2970,2970,2970,11,607,0
2025/11/07,0910,2970,2970,2970,2970,0,607,0
2025/11/07,0915,2973,2973,2973,2973,3,606,0
2025/11/07,0920,2974,2974,2971,2974,14,604,0
2025/11/07,0925,2974,2974,2974,2974,7,601,0
2025/11/07,0930,2975,2975,2975,2975,1,601,0
2025/11/07,0935,2975,2975,2975,2975,0,601,0
2025/11/07,0940,2975,2975,2975,2975,0,601,0
2025/11/07,0945,2975,2975,2975,2975,0,601,0
2025/11/07,0950,2975,2975,2975,2975,0,601,0
2025/11/07,0955,2975,2975,2975,2975,1,600,0
2025/11/07,1000,2975,2975,2975,2975,1,599,0
2025/11/07,1005,2975,2975,2975,2975,0,599,0
2025/11/07,1010,2975,2975,2975,2975,0,599,0
2025/11/07,1015,2975,2975,2975,2975,0,599,0
2025/11/07,1035,2975,2975,2975,2975,0,599,0
2025/11/07,1040,2975,2975,2975,2975,0,599,0
2025/11/07,1045,2975,2975,2975,2975,0,599,0
2025/11/07,1050,2975,2975,2974,2974,5,598,0
2025/11/07,1055,2974,2974,2974,2974,0,598,0
2025/11/07,1100,2977,2977,2976,2976,3,598,0
2025/11/07,1105,2976,2976,2976,2976,0,598,0
2025/11/07,1110,2976,2976,2976,2976,0,598,0
2025/11/07,1115,2976,2976,2976,2976,0,598,0
2025/11/07,1120,2976,2976,2976,2976,0,598,0
2025/11/07,1125,2976,2976,2976,2976,0,598,0
2025/11/07,1130,2978,2978,2978,2978,1,598,0
2025/11/07,1335,2978,2978,2978,2978,0,598,0
2025/11/07,1340,2976,2978,2976,2978,7,591,0
2025/11/07,1345,2978,2978,2978,2978,1,590,0
2025/11/07,1350,2978,2978,2978,2978,0,590,0
2025/11/07,1355,2978,2978,2978,2978,1,589,0
2025/11/07,1400,2978,2978,2978,2978,0,589,0
2025/11/07,1405,2978,2978,2978,2978,0,589,0
2025/11/07,1410,2979,2979,2979,2979,2,587,0
2025/11/07,1415,2980,2980,2980,2980,2,588,0
2025/11/07,1420,2980,2980,2980,2980,0,588,0
2025/11/07,1425,2978,2978,2978,2978,1,587,0
2025/11/07,1430,2978,2978,2978,2978,0,587,0
2025/11/07,1435,2978,2978,2978,2978,0,587,0
2025/11/07,1440,2978,2980,2975,2980,5,586,0
2025/11/07,1445,2974,2974,2974,2974,1,586,0
2025/11/07,1450,2974,2974,2974,2974,0,586,0
2025/11/07,1455,2976,2976,2976,2976,3,584,0
2025/11/07,1500,2978,2978,2975,2975,2,584,0
2025/11/10,2105,3002,3002,2972,2994,18,589,0
2025/11/10,2110,2992,3002,2992,3000,12,588,0
2025/11/10,2115,3003,3009,3000,3005,16,595,0
2025/11/10,2120,3004,3004,3003,3004,11,599,0
2025/11/10,2125,3002,3010,3002,3004,7,601,0
2025/11/10,2130,3005,3005,3000,3000,7,605,0
2025/11/10,2135,3000,3000,2993,2999,14,610,0
2025/11/10,2145,2993,2997,2993,2997,5,610,0
2025/11/10,2150,2992,2992,2992,2992,1,611,0
2025/11/10,2200,2999,2999,2999,2999,1,612,0
2025/11/10,2205,3000,3000,3000,3000,1,612,0
2025/11/10,2210,3000,3000,3000,3000,1,613,0
2025/11/10,2225,3001,3001,3001,3001,3,616,0
2025/11/10,2240,2996,2996,2996,2996,1,617,0
2025/11/10,2255,2995,2995,2994,2994,2,616,0
2025/11/10,2300,2996,2996,2996,2996,1,616,0
2025/11/10,2305,2992,2992,2991,2991,2,618,0
2025/11/10,2315,2991,2991,2991,2991,1,619,0
2025/11/10,0005,2991,2991,2991,2991,1,620,0
2025/11/10,0905,2995,3000,2995,3000,3,619,0
2025/11/10,0910,2999,2999,2995,2997,13,622,0
2025/11/10,0915,2996,3000,2994,3000,6,624,0
2025/11/10,0920,2995,2996,2995,2995,9,629,0
2025/11/10,0925,2995,2995,2995,2995,0,629,0
2025/11/10,0930,2995,2995,2995,2995,0,629,0
2025/11/10,0935,2996,2996,2996,2996,1,628,0
2025/11/10,0940,2996,2996,2996,2996,0,628,0
2025/11/10,0945,3000,3000,2994,2994,4,628,0
2025/11/10,0950,2994,2994,2994,2994,0,628,0
2025/11/10,0955,2994,2994,2990,2990,11,632,0
2025/11/10,1000,2983,2983,2983,2983,3,629,0
2025/11/10,1005,2985,2985,2983,2985,7,629,0
2025/11/10,1010,2985,2985,2985,2985,1,629,0
2025/11/10,1015,2982,2983,2981,2981,10,630,0
2025/11/10,1035,2982,2982,2980,2980,8,634,0
2025/11/10,1040,2979,2979,2979,2979,1,635,0
2025/11/10,1045,2979,2979,2979,2979,0,635,0
2025/11/10,1050,2979,2979,2979,2979,0,635,0
2025/11/10,1055,2982,2984,2982,2984,6,639,0
2025/11/10,1100,2982,2982,2981,2981,3,642,0
2025/11/10,1105,2981,2981,2981,2981,0,642,0
2025/11/10,1110,2985,2985,2982,2985,5,647,0
2025/11/10,1115,2982,2982,2981,2982,13,656,0
2025/11/10,1120,2988,2988,2984,2986,6,659,0
2025/11/10,1125,2986,2986,2986,2986,0,659,0
2025/11/10,1130,2986,2986,2986,2986,0,659,0
2025/11/10,1335,2989,2989,2989,2989,3,660,0
2025/11/10,1340,2992,2992,2992,2992,1,661,0
2025/11/10,1345,2994,2995,2993,2995,5,660,0
2025/11/10,1350,2995,2995,2995,2995,0,660,0
2025/11/10,1355,2990,2996,2990,2991,6,663,0
2025/11/10,1400,2991,2991,2991,2991,0,663,0
2025/11/10,1405,3001,3001,2997,2997,6,662,0
2025/11/10,1410,3002,3019,3002,3019,49,642,0
2025/11/10,1415,3010,3012,3005,3012,7,642,0
2025/11/10,1420,3009,3009,3005,3005,2,642,0
2025/11/10,1425,3009,3010,3005,3009,13,640,0
2025/11/10,1430,3009,3011,3006,3006,5,640,0
2025/11/10,1435,3011,3014,3011,3014,10,645,0
2025/11/10,1440,3013,3016,3004,3016,20,649,0
2025/11/10,1445,3007,3010,3007,3010,4,650,0
2025/11/10,1450,3010,3010,3010,3010,0,650,0
2025/11/10,1455,3005,3008,3005,3008,3,648,0
2025/11/10,1500,3010,3010,3010,3010,3,648,0
2025/11/11,2105,3010,3032,3010,3013,7,646,0
2025/11/11,2110,3020,3020,3014,3014,6,647,0
2025/11/11,2115,3013,3013,3009,3009,6,642,0
2025/11/11,2120,3013,3013,3013,3013,2,640,0
2025/11/11,2130,3010,3010,3010,3010,1,639,0
2025/11/11,2135,3014,3014,3014,3014,3,636,0
2025/11/11,2140,3017,3017,3017,3017,1,635,0
2025/11/11,2150,3018,3018,3016,3016,2,635,0
2025/11/11,2155,3019,3019,3019,3019,1,635,0
2025/11/11,2205,3019,3019,3019,3019,1,634,0
2025/11/11,2210,3020,3020,3018,3018,2,636,0
2025/11/11,2215,3020,3020,3020,3020,1,636,0
2025/11/11,2220,3020,3024,3018,3018,3,639,0
2025/11/11,2235,3017,3017,3017,3017,1,639,0
2025/11/11,2255,3023,3023,3019,3022,3,638,0
2025/11/11,2300,3020,3020,3019,3019,2,639,0
2025/11/11,2340,3023,3023,3023,3023,1,639,0
2025/11/11,0035,3018,3018,3018,3018,2,640,0
2025/11/11,0045,3024,3027,3020,3027,14,648,0
2025/11/11,0905,3027,3027,3027,3027,0,648,0
2025/11/11,0910,3021,3022,3021,3022,4,647,0
2025/11/11,0915,3022,3023,3020,3020,7,648,0
2025/11/11,0920,3020,3020,3020,3020,0,648,0
2025/11/11,0925,3020,3020,3020,3020,0,648,0
2025/11/11,0930,3022,3027,3022,3027,2,647,0
2025/11/11,0935,3027,3027,3027,3027,0,647,0
2025/11/11,0940,3027,3027,3027,3027,0,647,0
2025/11/11,0945,3027,3027,3027,3027,0,647,0
2025/11/11,0950,3027,3027,3027,3027,0,647,0
2025/11/11,0955,3027,3027,3027,3027,0,647,0
2025/11/11,1000,3027,3027,3027,3027,0,647,0
2025/11/11,1005,3018,3018,3018,3018,1,648,0
2025/11/11,1010,3021,3021,3021,3021,1,649,0
2025/11/11,1015,3021,3021,3021,3021,0,649,0
2025/11/11,1035,3021,3021,3021,3021,0,649,0
2025/11/11,1040,3022,3022,3021,3021,6,647,0
2025/11/11,1045,3019,3019,3018,3018,2,647,0
2025/11/11,1050,3017,3018,3017,3018,2,648,0
2025/11/11,1055,3018,3018,3018,3018,0,648,0
2025/11/11,1100,3018,3018,3018,3018,0,648,0
2025/11/11,1105,3016,3016,3012,3012,6,653,0
2025/11/11,1110,3018,3019,3017,3018,11,652,0
2025/11/11,1115,3020,3020,3020,3020,2,653,0
2025/11/11,1120,3020,3020,3019,3020,5,653,0
2025/11/11,1125,3020,3020,3020,3020,0,653,0
2025/11/11,1130,3020,3020,3020,3020,0,653,0
2025/11/11,1335,3019,3019,3015,3015,3,652,0
2025/11/11,1340,3017,3017,3017,3017,1,651,0
2025/11/11,1345,3017,3017,3017,3017,0,651,0
2025/11/11,1350,3017,3017,3017,3017,0,651,0
2025/11/11,1355,3017,3017,3017,3017,0,651,0
2025/11/11,1400,3017,3017,3017,3017,0,651,0
2025/11/11,1405,3017,3017,3017,3017,0,651,0
2025/11/11,1410,3017,3017,3017,3017,0,651,0
2025/11/11,1415,3017,3017,3017,3017,0,651,0
2025/11/11,1420,3014,3015,3014,3015,3,649,0
2025/11/11,1425,3015,3015,3015,3015,0,649,0
2025/11/11,1430,3015,3015,3015,3015,0,649,0
2025/11/11,1435,3017,3017,3017,3017,1,648,0
2025/11/11,1440,3014,3014,3014,3014,1,647,0
2025/11/11,1445,3014,3014,3014,3014,0,647,0
2025/11/11,1450,3014,3014,3014,3014,0,647,0
2025/11/11,1455,3014,3014,3014,3014,0,647,0
2025/11/11,1500,3014,3014,3014,3014,0,647,0
2025/11/12,2110,3007,3008,3004,3007,7,647,0
2025/11/12,2120,3009,3009,3009,3009,2,648,0
2025/11/12,2130,3013,3013,3013,3013,3,648,0
2025/11/12,2135,3014,3014,3014,3014,1,648,0
2025/11/12,2155,3020,3020,3018,3018,2,648,0
2025/11/12,2200,3019,3020,3019,3020,4,651,0
2025/11/12,2205,3015,3021,3015,3018,6,650,0
2025/11/12,2215,3018,3018,3018,3018,1,651,0
2025/11/12,2225,3018,3018,3015,3017,3,652,0
2025/11/12,2230,3016,3016,3015,3015,5,652,0
2025/11/12,2235,3017,3017,3017,3017,1,652,0
2025/11/12,2240,3019,3019,3019,3019,1,651,0
2025/11/12,2245,3017,3019,3017,3019,2,650,0
2025/11/12,2250,3022,3022,3022,3022,1,650,0
2025/11/12,2305,3021,3022,3020,3020,5,649,0
2025/11/12,0010,3023,3023,3023,3023,1,650,0
2025/11/12,0905,3021,3024,3019,3019,6,652,0
2025/11/12,0910,3022,3022,3022,3022,1,652,0
2025/11/12,0915,3022,3022,3022,3022,0,652,0
2025/11/12,0920,3022,3022,3022,3022,0,652,0
2025/11/12,0925,3022,3022,3022,3022,0,652,0
2025/11/12,0930,3022,3022,3022,3022,0,652,0
2025/11/12,0935,3021,3021,3021,3021,1,652,0
2025/11/12,0940,3021,3021,3021,3021,0,652,0
2025/11/12,0945,3024,3024,3022,3022,5,653,0
2025/11/12,0950,3022,3024,3022,3024,2,653,0
2025/11/12,0955,3024,3024,3024,3024,2,654,0
2025/11/12,1000,3025,3025,3025,3025,17,654,0
2025/11/12,1005,3025,3025,3025,3025,0,654,0
2025/11/12,1010,3025,3025,3024,3024,17,645,0
2025/11/12,1015,3024,3024,3024,3024,0,645,0
2025/11/12,1035,3023,3023,3022,3023,3,644,0
2025/11/12,1040,3023,3023,3023,3023,1,643,0
2025/11/12,1045,3021,3021,3009,3011,25,634,0
2025/11/12,1050,3015,3015,3013,3013,4,633,0
2025/11/12,1055,3016,3016,3016,3016,3,635,0
2025/11/12,1100,3016,3016,3016,3016,0,635,0
2025/11/12,1105,3016,3017,3015,3017,10,644,0
2025/11/12,1110,3019,3019,3018,3018,3,644,0
2025/11/12,1115,3019,3019,3019,3019,2,643,0
2025/11/12,1120,3019,3019,3019,3019,0,643,0
2025/11/12,1125,3017,3017,3013,3013,4,644,0
2025/11/12,1130,3011,3011,3006,3006,7,640,0
2025/11/12,1335,3013,3013,3013,3013,5,644,0
2025/11/12,1340,3013,3013,3013,3013,0,644,0
2025/11/12,1345,3013,3013,3013,3013,0,644,0
2025/11/12,1350,3013,3013,3013,3013,0,644,0
2025/11/12,1355,3013,3013,3013,3013,0,644,0
2025/11/12,1400,3013,3013,3013,3013,0,644,0
2025/11/12,1405,3016,3016,3016,3016,1,644,0
2025/11/12,1410,3016,3016,3016,3016,0,644,0
2025/11/12,1415,3016,3016,3016,3016,0,644,0
2025/11/12,1420,3016,3019,3016,3019,6,647,0
2025/11/12,1425,3019,3019,3019,3019,0,647,0
2025/11/12,1430,3017,3017,3017,3017,1,647,0
2025/11/12,1435,3017,3017,3017,3017,0,647,0
2025/11/12,1440,3017,3017,3017,3017,0,647,0
2025/11/12,1445,3017,3017,3017,3017,0,647,0
2025/11/12,1450,3017,3017,3017,3017,0,647,0
2025/11/12,1455,3016,3016,3015,3015,3,650,0
2025/11/12,1500,3016,3018,3016,3018,5,645,0
2025/11/13,2105,3015,3025,3015,3025,9,641,0
2025/11/13,2110,3025,3025,3021,3021,5,640,0
2025/11/13,2115,3019,3019,3016,3017,6,637,0
2025/11/13,2120,3019,3019,3019,3019,2,635,0
2025/11/13,2130,3015,3016,3015,3015,5,636,0
2025/11/13,2135,3015,3018,3015,3017,4,633,0
2025/11/13,2140,3023,3023,3023,3023,1,633,0
2025/11/13,2150,3021,3024,3021,3024,6,630,0
2025/11/13,2205,3023,3028,3023,3028,36,621,0
2025/11/13,2210,3029,3029,3022,3022,5,622,0
2025/11/13,2215,3021,3021,3021,3021,3,623,0
2025/11/13,2220,3019,3023,3019,3023,3,622,0
2025/11/13,2230,3021,3021,3021,3021,1,622,0
2025/11/13,2235,3020,3020,3020,3020,1,622,0
2025/11/13,2240,3023,3023,3023,3023,2,622,0
2025/11/13,2245,3019,3019,3010,3015,10,619,0
2025/11/13,2250,3015,3015,3014,3014,2,618,0
2025/11/13,2305,3015,3015,3015,3015,1,617,0
2025/11/13,0005,3010,3010,3010,3010,1,617,0
2025/11/13,0010,3010,3010,3010,3010,1,617,0
2025/11/13,0015,3011,3015,3011,3015,2,616,0
2025/11/13,0035,3008,3008,3008,3008,3,613,0
2025/11/13,0905,3006,3010,3006,3009,5,612,0
2025/11/13,0910,3013,3014,3013,3014,5,608,0
2025/11/13,0915,3012,3012,3012,3012,2,606,0
2025/11/13,0920,3015,3016,3014,3015,4,607,0
2025/11/13,0925,3017,3017,3017,3017,3,607,0
2025/11/13,0930,3017,3017,3017,3017,0,607,0
2025/11/13,0935,3016,3016,3016,3016,1,607,0
2025/11/13,0940,3013,3017,3013,3017,9,599,0
2025/11/13,0945,3017,3017,3017,3017,1,599,0
2025/11/13,0950,3017,3017,3017,3017,3,599,0
2025/11/13,0955,3017,3017,3017,3017,0,599,0
2025/11/13,1000,3017,3017,3017,3017,0,599,0
2025/11/13,1005,3017,3017,3017,3017,0,599,0
2025/11/13,1010,3018,3020,3018,3020,2,599,0
2025/11/13,1015,3020,3020,3020,3020,0,599,0
2025/11/13,1035,3022,3025,3020,3020,5,600,0
2025/11/13,1040,3026,3028,3026,3028,3,600,0
2025/11/13,1045,3015,3015,3015,3015,1,599,0
2025/11/13,1050,3015,3015,3015,3015,0,599,0
2025/11/13,1055,3015,3015,3015,3015,0,599,0
2025/11/13,1100,3015,3015,3015,3015,0,599,0
2025/11/13,1105,3017,3017,3017,3017,5,599,0
2025/11/13,1110,3017,3017,3017,3017,0,599,0
2025/11/13,1115,3017,3017,3017,3017,0,599,0
2025/11/13,1120,3018,3018,3018,3018,1,600,0
2025/11/13,1125,3018,3018,3018,3018,1,600,0
2025/11/13,1130,3018,3018,3018,3018,0,600,0
2025/11/13,1335,3018,3018,3018,3018,0,600,0
2025/11/13,1340,3018,3022,3018,3019,6,602,0
2025/11/13,1345,3019,3019,3019,3019,2,604,0
2025/11/13,1350,3019,3019,3019,3019,0,604,0
2025/11/13,1355,3019,3019,3019,3019,0,604,0
2025/11/13,1400,3017,3017,3017,3017,6,601,0
2025/11/13,1405,3018,3018,3018,3018,1,600,0
2025/11/13,1410,3017,3017,3017,3017,1,600,0
2025/11/13,1415,3017,3017,3017,3017,0,600,0
2025/11/13,1420,3017,3017,3017,3017,0,600,0
2025/11/13,1425,3016,3016,3013,3013,4,602,0
2025/11/13,1430,3013,3013,3013,3013,0,602,0
2025/11/13,1435,3017,3017,3017,3017,2,602,0
2025/11/13,1440,3017,3017,3017,3017,0,602,0
2025/11/13,1445,3017,3017,3017,3017,0,602,0
2025/11/13,1450,3017,3017,3017,3017,0,602,0
2025/11/13,1455,3018,3021,3012,3018,11,612,0
2025/11/13,1500,3019,3028,3019,3028,2,611,0
2025/11/14,2105,3044,3044,3034,3040,9,611,0
2025/11/14,2110,3036,3042,3033,3033,13,610,0
2025/11/14,2115,3027,3027,3027,3027,1,610,0
2025/11/14,2120,3026,3026,3026,3026,2,610,0
2025/11/14,2125,3026,3026,3026,3026,1,609,0
2025/11/14,2130,3026,3028,3026,3028,6,610,0
2025/11/14,2135,3036,3036,3032,3032,8,610,0
2025/11/14,2140,3025,3025,3025,3025,6,616,0
2025/11/14,2200,3033,3033,3030,3030,3,614,0
2025/11/14,2210,3028,3028,3028,3028,1,615,0
2025/11/14,2215,3031,3031,3031,3031,1,615,0
2025/11/14,2220,3031,3031,3031,3031,1,616,0
2025/11/14,2225,3032,3032,3032,3032,1,616,0
2025/11/14,2230,3032,3032,3032,3032,1,616,0
2025/11/14,2300,3027,3027,3027,3027,1,616,0
2025/11/14,2340,3027,3027,3027,3027,1,615,0
2025/11/14,0905,3025,3025,3013,3015,21,614,0
2025/11/14,0910,3018,3018,3018,3018,1,614,0
2025/11/14,0915,3015,3015,3015,3015,1,614,0
2025/11/14,0920,3015,3015,3015,3015,1,613,0
2025/11/14,0925,3017,3017,3015,3015,2,613,0
2025/11/14,0930,3015,3015,3015,3015,1,613,0
2025/11/14,0935,3016,3020,3016,3020,3,613,0
2025/11/14,0940,3024,3024,3024,3024,1,614,0
2025/11/14,0945,3024,3024,3024,3024,0,614,0
2025/11/14,0950,3021,3029,3021,3029,9,610,0
2025/11/14,0955,3029,3029,3029,3029,0,610,0
2025/11/14,1000,3023,3023,3023,3023,2,610,0
2025/11/14,1005,3023,3023,3023,3023,0,610,0
2025/11/14,1010,3020,3020,3020,3020,1,610,0
2025/11/14,1015,3020,3020,3020,3020,0,610,0
2025/11/14,1035,3017,3020,3017,3020,3,609,0
2025/11/14,1040,3020,3020,3020,3020,13,614,0
2025/11/14,1045,3020,3020,3020,3020,0,614,0
2025/11/14,1050,3020,3020,3020,3020,0,614,0
2025/11/14,1055,3020,3020,3020,3020,0,614,0
2025/11/14,1100,3015,3016,3013,3013,9,621,0
2025/11/14,1105,3013,3015,3011,3014,9,625,0
2025/11/14,1110,3010,3018,3010,3018,4,626,0
2025/11/14,1115,3018,3018,3018,3018,0,626,0
2025/11/14,1120,3018,3018,3018,3018,0,626,0
2025/11/14,1125,3018,3018,3018,3018,0,626,0
2025/11/14,1130,3018,3018,3018,3018,0,626,0
2025/11/14,1335,3018,3018,3018,3018,0,626,0
2025/11/14,1340,3015,3015,3012,3012,4,624,0
2025/11/14,1345,3012,3012,3012,3012,0,624,0
2025/11/14,1350,3017,3027,3015,3027,13,621,0
2025/11/14,1355,3027,3027,3027,3027,0,621,0
2025/11/14,1400,3023,3023,3023,3023,1,621,0
2025/11/14,1405,3023,3023,3023,3023,0,621,0
2025/11/14,1410,3023,3023,3023,3023,0,621,0
2025/11/14,1415,3023,3023,3023,3023,0,621,0
2025/11/14,1420,3023,3023,3023,3023,0,621,0
2025/11/14,1425,3023,3023,3023,3023,0,621,0
2025/11/14,1430,3023,3023,3023,3023,0,621,0
2025/11/14,1435,3023,3023,3023,3023,0,621,0
2025/11/14,1440,3023,3023,3023,3023,0,621,0
2025/11/14,1445,3022,3022,3022,3022,5,617,0
2025/11/14,1450,3022,3022,3022,3022,0,617,0
2025/11/14,1455,3022,3022,3016,3018,7,619,0
2025/11/14,1500,3020,3020,3020,3020,1,620,0
2025/11/17,2105,3001,3008,2950,3007,45,611,0
2025/11/17,2110,3005,3010,2998,2998,14,618,0
2025/11/17,2115,3000,3000,2996,2996,3,621,0
2025/11/17,2120,2992,2993,2990,2992,14,621,0
2025/11/17,2125,2992,2995,2992,2995,5,619,0
2025/11/17,2135,2995,2995,2995,2995,2,621,0
2025/11/17,2140,2991,2991,2986,2990,9,626,0
2025/11/17,2155,2994,2994,2991,2991,13,630,0
2025/11/17,2200,2991,2993,2990,2991,14,640,0
2025/11/17,2205,2990,2990,2988,2988,2,641,0
2025/11/17,2210,2992,2992,2992,2992,3,639,0
2025/11/17,2220,2992,2994,2988,2994,4,641,0
2025/11/17,2225,2993,2993,2993,2993,2,643,0
2025/11/17,2230,2993,2993,2993,2993,1,643,0
2025/11/17,2235,2987,2988,2987,2988,9,643,0
2025/11/17,2240,2987,2987,2986,2986,3,642,0
2025/11/17,2245,2989,2989,2987,2987,2,642,0
2025/11/17,2250,2988,2990,2988,2990,9,638,0
2025/11/17,2255,2993,2997,2993,2997,5,634,0
2025/11/17,2300,2997,2997,2995,2995,3,631,0
2025/11/17,2305,3002,3003,3000,3000,4,632,0
2025/11/17,2320,3000,3000,3000,3000,5,637,0
2025/11/17,0040,2996,2996,2996,2996,1,638,0
2025/11/17,0905,2996,2996,2990,2990,12,632,0
2025/11/17,0910,2989,2992,2989,2991,19,629,0
2025/11/17,0915,2989,2991,2986,2986,13,623,0
2025/11/17,0920,2985,2989,2985,2989,14,623,0
2025/11/17,0925,2987,2988,2986,2987,14,614,0
2025/11/17,0930,2987,2987,2987,2987,2,613,0
2025/11/17,0935,2988,2995,2988,2991,8,608,0
2025/11/17,0940,2991,2991,2991,2991,0,608,0
2025/11/17,0945,2990,2990,2988,2988,5,608,0
2025/11/17,0950,2988,2988,2988,2988,0,608,0
2025/11/17,0955,2986,2986,2982,2982,12,611,0
2025/11/17,1000,2986,2986,2986,2986,4,607,0
2025/11/17,1005,2985,2985,2984,2984,3,609,0
2025/11/17,1010,2984,2984,2984,2984,0,609,0
2025/11/17,1015,2984,2986,2984,2986,6,606,0
2025/11/17,1035,2986,2986,2986,2986,2,606,0
2025/11/17,1040,2983,2983,2983,2983,1,606,0
2025/11/17,1045,2983,2983,2983,2983,0,606,0
2025/11/17,1050,2983,2983,2983,2983,0,606,0
2025/11/17,1055,2984,2988,2984,2988,6,610,0
2025/11/17,1100,2988,2988,2988,2988,0,610,0
2025/11/17,1105,2988,2988,2988,2988,0,610,0
2025/11/17,1110,2988,2988,2988,2988,0,610,0
2025/11/17,1115,2988,2988,2988,2988,0,610,0
2025/11/17,1120,2988,2988,2988,2988,0,610,0
2025/11/17,1125,2987,2987,2987,2987,1,611,0
2025/11/17,1130,2991,2991,2990,2990,15,612,0
2025/11/17,1335,2993,2994,2993,2994,2,611,0
2025/11/17,1340,2995,3000,2995,3000,2,610,0
2025/11/17,1345,3000,3000,3000,3000,0,610,0
2025/11/17,1350,3003,3003,3003,3003,2,608,0
2025/11/17,1355,3008,3008,3004,3004,3,609,0
2025/11/17,1400,3012,3015,3012,3015,4,611,0
2025/11/17,1405,3017,3017,3010,3010,3,608,0
2025/11/17,1410,3010,3010,3010,3010,0,608,0
2025/11/17,1415,3009,3009,3007,3007,3,607,0
2025/11/17,1420,3007,3009,3007,3009,3,607,0
2025/11/17,1425,3010,3010,3005,3005,13,613,0
2025/11/17,1430,3009,3009,3009,3009,1,612,0
2025/11/17,1435,3009,3009,3009,3009,0,612,0
2025/11/17,1440,3009,3009,3009,3009,1,611,0
2025/11/17,1445,3009,3009,3009,3009,1,612,0
2025/11/17,1450,3009,3009,3009,3009,0,612,0
2025/11/17,1455,3009,3009,3009,3009,2,614,0
2025/11/17,1500,3010,3010,3006,3006,8,608,0
2025/11/18,2110,3005,3005,3005,3005,2,608,0
2025/11/18,2115,3003,3003,3000,3000,5,611,0
2025/11/18,2125,2998,3003,2998,3003,9,604,0
2025/11/18,2140,3003,3003,3003,3003,4,603,0
2025/11/18,2145,3002,3002,3000,3000,4,604,0
2025/11/18,2200,2997,2997,2997,2997,2,604,0
2025/11/18,2205,2994,2994,2993,2993,3,605,0
2025/11/18,2210,2990,2993,2990,2993,8,612,0
2025/11/18,2215,2996,2996,2996,2996,1,612,0
2025/11/18,2220,2993,2993,2993,2993,1,613,0
2025/11/18,2235,2991,2991,2991,2991,2,615,0
2025/11/18,2245,2990,2990,2990,2990,2,617,0
2025/11/18,2255,2990,2990,2990,2990,1,617,0
2025/11/18,2300,2989,2989,2989,2989,1,617,0
2025/11/18,2305,2986,2986,2985,2985,2,616,0
2025/11/18,2325,2985,2985,2982,2982,7,616,0
2025/11/18,0905,2987,2989,2987,2987,8,621,0
2025/11/18,0910,2987,2990,2987,2990,5,624,0
2025/11/18,0915,2990,2990,2990,2990,0,624,0
2025/11/18,0920,2986,2986,2986,2986,1,624,0
2025/11/18,0925,2986,2986,2986,2986,0,624,0
2025/11/18,0930,2985,2985,2985,2985,1,625,0
2025/11/18,0935,2986,2986,2986,2986,3,623,0
2025/11/18,0940,2986,2986,2986,2986,0,623,0
2025/11/18,0945,2986,2986,2986,2986,0,623,0
2025/11/18,0950,2988,2988,2988,2988,2,625,0
2025/11/18,0955,2984,2984,2984,2984,1,626,0
2025/11/18,1000,2986,2986,2985,2985,2,627,0
2025/11/18,1005,2985,2985,2985,2985,0,627,0
2025/11/18,1010,2985,2985,2985,2985,0,627,0
2025/11/18,1015,2985,2985,2985,2985,0,627,0
2025/11/18,1035,2985,2985,2985,2985,0,627,0
2025/11/18,1040,2985,2985,2985,2985,0,627,0
2025/11/18,1045,2985,2985,2985,2985,0,627,0
2025/11/18,1050,2985,2985,2985,2985,0,627,0
2025/11/18,1055,2985,2989,2985,2987,5,630,0
2025/11/18,1100,2991,2991,2985,2985,2,629,0
2025/11/18,1105,2985,2985,2985,2985,0,629,0
2025/11/18,1110,2985,2985,2985,2985,0,629,0
2025/11/18,1115,2985,2985,2985,2985,0,629,0
2025/11/18,1120,2983,2983,2980,2980,4,630,0
2025/11/18,1125,2983,2983,2983,2983,1,631,0
2025/11/18,1130,2982,2983,2982,2983,5,626,0
2025/11/18,1335,2983,2983,2983,2983,0,626,0
2025/11/18,1340,2983,2983,2983,2983,0,626,0
2025/11/18,1345,2983,2983,2983,2983,0,626,0
2025/11/18,1350,2983,2983,2983,2983,0,626,0
2025/11/18,1355,2983,2983,2983,2983,1,626,0
2025/11/18,1400,2983,2983,2983,2983,0,626,0
2025/11/18,1405,2982,2982,2982,2982,1,625,0
2025/11/18,1410,2982,2982,2982,2982,0,625,0
2025/11/18,1415,2981,2981,2978,2980,7,626,0
2025/11/18,1420,2979,2979,2979,2979,1,627,0
2025/11/18,1425,2976,2978,2976,2978,2,626,0
2025/11/18,1430,2978,2978,2978,2978,0,626,0
2025/11/18,1435,2978,2978,2978,2978,0,626,0
2025/11/18,1440,2975,2976,2972,2976,8,626,0
2025/11/18,1445,2976,2976,2976,2976,5,626,0
2025/11/18,1450,2974,2974,2974,2974,2,624,0
2025/11/18,1455,2974,2974,2974,2974,3,624,0
2025/11/18,1500,2980,2980,2975,2975,3,622,0
2025/11/19,2105,2975,2975,2975,2975,2,624,0
2025/11/19,2110,2978,2978,2978,2978,3,625,0
2025/11/19,2120,2980,2980,2980,2980,3,625,0
2025/11/19,2125,2982,2982,2982,2982,2,626,0
2025/11/19,2130,2982,2982,2982,2982,1,626,0
2025/11/19,2135,2985,2985,2985,2985,1,627,0
2025/11/19,2140,2983,2983,2983,2983,1,628,0
2025/11/19,2145,2982,2982,2982,2982,1,629,0
2025/11/19,2155,2979,2979,2979,2979,1,630,0
2025/11/19,2200,2978,2978,2978,2978,1,631,0
2025/11/19,2220,2976,2976,2976,2976,1,631,0
2025/11/19,2230,2976,2976,2973,2973,3,633,0
2025/11/19,2235,2974,2974,2974,2974,3,636,0
2025/11/19,2245,2973,2973,2973,2973,1,637,0
2025/11/19,2250,2970,2972,2970,2972,8,639,0
2025/11/19,2255,2970,2970,2970,2970,8,634,0
2025/11/19,2300,2970,2970,2968,2968,9,626,0
2025/11/19,2305,2966,2966,2961,2961,5,622,0
2025/11/19,2310,2962,2962,2962,2962,4,622,0
2025/11/19,2320,2965,2965,2965,2965,1,622,0
2025/11/19,2325,2965,2966,2965,2966,2,621,0
2025/11/19,2350,2963,2963,2963,2963,2,622,0
2025/11/19,0035,2964,2964,2964,2964,1,622,0
2025/11/19,0040,2964,2970,2964,2970,8,624,0
2025/11/19,0905,2970,2973,2970,2973,3,625,0
2025/11/19,0910,2972,2972,2972,2972,1,625,0
2025/11/19,0915,2969,2969,2969,2969,1,624,0
2025/11/19,0920,2969,2969,2969,2969,0,624,0
2025/11/19,0925,2971,2972,2971,2972,2,624,0
2025/11/19,0930,2971,2972,2971,2972,5,625,0
2025/11/19,0935,2972,2972,2972,2972,0,625,0
2025/11/19,0940,2971,2972,2971,2972,4,628,0
2025/11/19,0945,2971,2971,2968,2968,2,629,0
2025/11/19,0950,2968,2968,2968,2968,1,630,0
2025/11/19,0955,2964,2964,2955,2955,16,630,0
2025/11/19,1000,2955,2955,2955,2955,0,630,0
2025/11/19,1005,2955,2955,2955,2955,0,630,0
2025/11/19,1010,2955,2956,2954,2954,3,629,0
2025/11/19,1015,2953,2953,2950,2953,10,630,0
2025/11/19,1035,2955,2955,2955,2955,2,630,0
2025/11/19,1040,2955,2955,2955,2955,0,630,0
2025/11/19,1045,2955,2955,2955,2955,0,630,0
2025/11/19,1050,2962,2962,2962,2962,2,632,0
2025/11/19,1055,2963,2963,2963,2963,1,633,0
2025/11/19,1100,2963,2963,2963,2963,0,633,0
2025/11/19,1105,2959,2959,2959,2959,2,634,0
2025/11/19,1110,2958,2958,2958,2958,1,634,0
2025/11/19,1115,2958,2958,2958,2958,0,634,0
2025/11/19,1120,2958,2958,2958,2958,0,634,0
2025/11/19,1125,2958,2958,2958,2958,0,634,0
2025/11/19,1130,2956,2956,2956,2956,1,634,0
2025/11/19,1335,2958,2958,2954,2954,14,633,0
2025/11/19,1340,2952,2952,2948,2948,26,627,0
2025/11/19,1345,2946,2950,2946,2950,10,623,0
2025/11/19,1350,2952,2952,2952,2952,2,623,0
2025/11/19,1355,2950,2950,2950,2950,4,620,0
2025/11/19,1400,2952,2952,2949,2951,7,617,0
2025/11/19,1405,2951,2951,2951,2951,0,617,0
2025/11/19,1410,2951,2951,2951,2951,0,617,0
2025/11/19,1415,2951,2951,2951,2951,0,617,0
2025/11/19,1420,2951,2951,2951,2951,2,617,0
2025/11/19,1425,2950,2950,2950,2950,2,618,0
2025/11/19,1430,2950,2951,2950,2951,5,621,0
2025/11/19,1435,2950,2950,2949,2949,5,619,0
2025/11/19,1440,2950,2950,2940,2941,20,625,0
2025/11/19,1445,2940,2942,2939,2940,11,622,0
2025/11/19,1450,2938,2938,2938,2938,5,626,0
2025/11/19,1455,2937,2938,2936,2936,7,628,0
2025/11/19,1500,2936,2941,2936,2941,6,630,0
2025/11/20,2105,2935,2941,2935,2941,4,630,0
2025/11/20,2115,2940,2940,2940,2940,5,630,0
2025/11/20,2120,2938,2940,2938,2940,3,630,0
2025/11/20,2125,2940,2940,2940,2940,1,630,0
2025/11/20,2130,2935,2935,2935,2935,1,630,0
2025/11/20,2135,2939,2939,2935,2935,3,630,0
2025/11/20,2140,2932,2933,2921,2922,19,638,0
2025/11/20,2145,2921,2924,2915,2918,20,637,0
2025/11/20,2150,2917,2920,2917,2920,2,637,0
2025/11/20,2155,2921,2921,2918,2918,5,642,0
2025/11/20,2200,2920,2923,2920,2922,15,649,0
2025/11/20,2205,2922,2922,2922,2922,2,649,0
2025/11/20,2210,2922,2922,2922,2922,4,649,0
2025/11/20,2215,2922,2922,2921,2921,4,650,0
2025/11/20,2220,2919,2919,2919,2919,1,650,0
2025/11/20,2225,2919,2921,2919,2921,4,649,0
2025/11/20,2235,2922,2922,2922,2922,3,649,0
2025/11/20,2250,2922,2922,2922,2922,1,648,0
2025/11/20,2300,2925,2925,2925,2925,1,649,0
2025/11/20,2315,2926,2926,2926,2926,2,651,0
2025/11/20,0015,2920,2920,2920,2920,1,651,0
2025/11/20,0030,2920,2920,2920,2920,1,651,0
2025/11/20,0040,2919,2919,2919,2919,1,651,0
2025/11/20,0050,2916,2916,2916,2916,4,655,0
2025/11/20,0905,2917,2920,2917,2920,4,653,0
2025/11/20,0910,2920,2920,2920,2920,0,653,0
2025/11/20,0915,2916,2916,2916,2916,10,655,0
2025/11/20,0920,2916,2916,2911,2911,5,656,0
2025/11/20,0925,2915,2915,2915,2915,4,655,0
2025/11/20,0930,2914,2914,2908,2908,11,659,0
2025/11/20,0935,2906,2911,2905,2911,16,655,0
2025/11/20,0940,2908,2908,2907,2907,3,657,0
2025/11/20,0945,2909,2909,2909,2909,2,658,0
2025/11/20,0950,2911,2911,2911,2911,1,659,0
2025/11/20,0955,2911,2911,2911,2911,1,658,0
2025/11/20,1000,2916,2916,2913,2913,3,658,0
2025/11/20,1005,2913,2913,2913,2913,0,658,0
2025/11/20,1010,2913,2913,2913,2913,0,658,0
2025/11/20,1015,2917,2917,2917,2917,1,658,0
2025/11/20,1035,2917,2917,2917,2917,0,658,0
2025/11/20,1040,2919,2919,2919,2919,1,658,0
2025/11/20,1045,2919,2919,2919,2919,0,658,0
2025/11/20,1050,2919,2919,2919,2919,0,658,0
2025/11/20,1055,2919,2919,2919,2919,0,658,0
2025/11/20,1100,2919,2919,2919,2919,0,658,0
2025/11/20,1105,2920,2920,2920,2920,1,659,0
2025/11/20,1110,2920,2920,2920,2920,0,659,0
2025/11/20,1115,2920,2920,2920,2920,0,659,0
2025/11/20,1120,2920,2920,2920,2920,0,659,0
2025/11/20,1125,2918,2918,2918,2918,1,658,0
2025/11/20,1130,2923,2926,2923,2926,3,658,0
2025/11/20,1335,2926,2926,2926,2926,0,658,0
2025/11/20,1340,2928,2930,2928,2930,5,656,0
2025/11/20,1345,2930,2930,2930,2930,0,656,0
2025/11/20,1350,2930,2930,2930,2930,0,656,0
2025/11/20,1355,2930,2930,2930,2930,0,656,0
2025/11/20,1400,2923,2923,2923,2923,5,651,0
2025/11/20,1405,2923,2923,2923,2923,0,651,0
2025/11/20,1410,2923,2923,2923,2923,0,651,0
2025/11/20,1415,2923,2923,2923,2923,0,651,0
2025/11/20,1420,2923,2923,2923,2923,0,651,0
2025/11/20,1425,2921,2921,2919,2919,2,651,0
2025/11/20,1430,2919,2919,2919,2919,0,651,0
2025/11/20,1435,2919,2919,2919,2919,0,651,0
2025/11/20,1440,2919,2919,2919,2919,0,651,0
2025/11/20,1445,2919,2919,2919,2919,0,651,0
2025/11/20,1450,2919,2920,2919,2920,2,652,0
2025/11/20,1455,2919,2922,2916,2916,6,653,0
2025/11/20,1500,2917,2917,2916,2916,4,650,0
2025/11/21,2105,2925,2926,2921,2921,5,649,0
2025/11/21,2110,2930,2936,2930,2933,6,651,0
2025/11/21,2115,2936,2938,2935,2938,4,653,0
2025/11/21,2125,2934,2934,2931,2931,2,653,0
2025/11/21,2140,2934,2938,2934,2937,5,652,0
2025/11/21,2155,2936,2936,2936,2936,1,652,0
2025/11/21,2205,2935,2935,2933,2933,2,652,0
2025/11/21,2210,2931,2931,2931,2931,1,652,0
2025/11/21,2215,2934,2934,2934,2934,1,653,0
2025/11/21,2225,2929,2929,2929,2929,1,654,0
2025/11/21,2235,2926,2926,2926,2926,1,654,0
2025/11/21,2240,2932,2932,2932,2932,1,654,0
2025/11/21,2245,2933,2933,2933,2933,1,654,0
2025/11/21,2305,2932,2932,2932,2932,1,653,0
2025/11/21,2310,2924,2924,2924,2924,1,653,0
2025/11/21,2315,2926,2926,2926,2926,1,653,0
2025/11/21,0905,2926,2926,2924,2926,5,651,0
2025/11/21,0910,2930,2930,2930,2930,1,652,0
2025/11/21,0915,2930,2930,2930,2930,0,652,0
2025/11/21,0920,2931,2931,2931,2931,1,652,0
2025/11/21,0925,2931,2931,2931,2931,0,652,0
2025/11/21,0930,2927,2927,2927,2927,1,651,0
2025/11/21,0935,2927,2927,2927,2927,0,651,0
2025/11/21,0940,2926,2926,2926,2926,1,651,0
2025/11/21,0945,2926,2926,2926,2926,0,651,0
2025/11/21,0950,2927,2929,2927,2929,3,654,0
2025/11/21,0955,2929,2929,2929,2929,0,654,0
2025/11/21,1000,2929,2929,2929,2929,0,654,0
2025/11/21,1005,2928,2929,2928,2929,2,655,0
2025/11/21,1010,2928,2928,2924,2924,5,658,0
2025/11/21,1015,2923,2923,2920,2921,6,660,0
2025/11/21,1035,2921,2921,2921,2921,0,660,0
2025/11/21,1040,2920,2921,2920,2921,5,662,0
2025/11/21,1045,2916,2916,2916,2916,2,663,0
2025/11/21,1050,2916,2916,2916,2916,0,663,0
2025/11/21,1055,2916,2916,2916,2916,0,663,0
2025/11/21,1100,2916,2916,2916,2916,0,663,0
2025/11/21,1105,2921,2921,2921,2921,1,664,0
2025/11/21,1110,2921,2921,2921,2921,0,664,0
2025/11/21,1115,2918,2918,2918,2918,2,663,0
2025/11/21,1120,2918,2918,2918,2918,0,663,0
2025/11/21,1125,2918,2918,2918,2918,0,663,0
2025/11/21,1130,2918,2918,2918,2918,0,663,0
2025/11/21,1335,2918,2918,2918,2918,0,663,0
2025/11/21,1340,2918,2918,2918,2918,0,663,0
2025/11/21,1345,2918,2918,2918,2918,0,663,0
2025/11/21,1350,2918,2918,2918,2918,0,663,0
2025/11/21,1355,2920,2920,2920,2920,1,662,0
2025/11/21,1400,2920,2920,2920,2920,0,662,0
2025/11/21,1405,2920,2920,2920,2920,0,662,0
2025/11/21,1410,2919,2919,2919,2919,1,662,0
2025/11/21,1415,2921,2921,2921,2921,1,662,0
2025/11/21,1420,2921,2921,2921,2921,0,662,0
2025/11/21,1425,2918,2918,2918,2918,3,664,0
2025/11/21,1430,2918,2918,2918,2918,0,664,0
2025/11/21,1435,2918,2918,2918,2918,0,664,0
2025/11/21,1440,2919,2919,2919,2919,2,666,0
2025/11/21,1445,2919,2919,2919,2919,0,666,0
2025/11/21,1450,2919,2919,2919,2919,0,666,0
2025/11/21,1455,2918,2918,2918,2918,1,666,0
2025/11/21,1500,2915,2918,2915,2918,3,665,0
2025/11/24,2105,2890,2932,2890,2915,22,673,0
2025/11/24,2110,2915,2915,2915,2915,1,673,0
2025/11/24,2115,2911,2911,2911,2911,1,674,0
2025/11/24,2120,2914,2914,2914,2914,1,675,0
2025/11/24,2135,2910,2910,2909,2909,2,675,0
2025/11/24,2145,2905,2905,2901,2901,2,673,0
2025/11/24,2155,2903,2909,2903,2909,4,674,0
2025/11/24,2200,2910,2916,2910,2916,10,678,0
2025/11/24,2205,2917,2918,2913,2916,8,678,0
2025/11/24,2210,2920,2924,2920,2924,12,673,0
2025/11/24,2215,2924,2924,2924,2924,1,673,0
2025/11/24,2220,2925,2925,2925,2925,1,673,0
2025/11/24,2225,2925,2925,2925,2925,1,673,0
2025/11/24,2250,2920,2920,2920,2920,2,672,0
2025/11/24,2305,2920,2924,2920,2920,3,675,0
2025/11/24,2310,2920,2920,2920,2920,2,675,0
2025/11/24,0010,2921,2921,2921,2921,1,675,0
2025/11/24,0025,2925,2925,2921,2921,2,676,0
2025/11/24,0055,2928,2928,2928,2928,1,677,0
2025/11/24,0100,2923,2923,2923,2923,1,678,0
2025/11/24,0905,2925,2930,2925,2930,13,681,0
2025/11/24,0910,2925,2929,2925,2929,6,678,0
2025/11/24,0915,2930,2932,2930,2932,4,678,0
2025/11/24,0920,2929,2930,2929,2930,4,680,0
2025/11/24,0925,2930,2932,2930,2932,2,681,0
2025/11/24,0930,2930,2930,2928,2928,5,685,0
2025/11/24,0935,2934,2934,2931,2931,6,690,0
2025/11/24,0940,2933,2933,2933,2933,2,691,0
2025/11/24,0945,2934,2934,2934,2934,1,690,0
2025/11/24,0950,2934,2934,2934,2934,0,690,0
2025/11/24,0955,2934,2934,2934,2934,0,690,0
2025/11/24,1000,2934,2934,2934,2934,0,690,0
2025/11/24,1005,2934,2934,2934,2934,0,690,0
2025/11/24,1010,2934,2934,2934,2934,0,690,0
2025/11/24,1015,2930,2930,2927,2927,3,691,0
2025/11/24,1035,2927,2927,2927,2927,0,691,0
2025/11/24,1040,2931,2931,2931,2931,1,690,0
2025/11/24,1045,2931,2931,2931,2931,0,690,0
2025/11/24,1050,2931,2931,2931,2931,0,690,0
2025/11/24,1055,2931,2931,2931,2931,0,690,0
2025/11/24,1100,2931,2931,2931,2931,0,690,0
2025/11/24,1105,2930,2930,2930,2930,6,686,0
2025/11/24,1110,2934,2934,2932,2932,3,686,0
2025/11/24,1115,2932,2934,2932,2934,2,686,0
2025/11/24,1120,2934,2934,2934,2934,0,686,0
2025/11/24,1125,2933,2935,2933,2935,5,685,0
2025/11/24,1130,2935,2935,2935,2935,2,685,0
2025/11/24,1335,2938,2939,2938,2939,3,688,0
2025/11/24,1340,2936,2936,2936,2936,1,689,0
2025/11/24,1345,2934,2937,2934,2937,7,691,0
2025/11/24,1350,2939,2939,2939,2939,3,694,0
2025/11/24,1355,2938,2939,2936,2936,3,695,0
2025/11/24,1400,2936,2936,2936,2936,0,695,0
2025/11/24,1405,2936,2936,2936,2936,0,695,0
2025/11/24,1410,2936,2936,2936,2936,0,695,0
2025/11/24,1415,2936,2936,2936,2936,0,695,0
2025/11/24,1420,2936,2936,2936,2936,0,695,0
2025/11/24,1425,2935,2935,2935,2935,1,695,0
2025/11/24,1430,2942,2944,2936,2944,8,693,0
2025/11/24,1435,2934,2935,2934,2935,2,694,0
2025/11/24,1440,2935,2935,2935,2935,0,694,0
2025/11/24,1445,2935,2935,2934,2934,2,692,0
2025/11/24,1450,2934,2935,2934,2935,4,694,0
2025/11/24,1455,2934,2934,2934,2934,26,689,0
2025/11/24,1500,2934,2935,2934,2935,7,689,0
2025/11/25,2110,2933,2933,2933,2933,2,689,0
2025/11/25,2120,2933,2934,2933,2934,4,690,0
2025/11/25,2125,2933,2933,2933,2933,2,691,0
2025/11/25,2130,2933,2933,2933,2933,1,691,0
2025/11/25,2135,2933,2933,2933,2933,6,694,0
2025/11/25,2140,2933,2933,2932,2932,2,695,0
2025/11/25,2150,2932,2933,2932,2933,2,696,0
2025/11/25,2155,2933,2933,2933,2933,2,696,0
2025/11/25,2200,2934,2935,2934,2935,2,697,0
2025/11/25,2205,2931,2931,2931,2931,1,697,0
2025/11/25,2225,2931,2931,2931,2931,1,698,0
2025/11/25,2230,2930,2930,2929,2930,7,702,0
2025/11/25,2300,2932,2932,2932,2932,1,703,0
2025/11/25,0005,2930,2930,2930,2930,2,704,0
2025/11/25,0905,2929,2929,2929,2929,1,704,0
2025/11/25,0910,2929,2929,2929,2929,0,704,0
2025/11/25,0915,2929,2929,2929,2929,0,704,0
2025/11/25,0920,2929,2929,2929,2929,0,704,0
2025/11/25,0925,2930,2930,2930,2930,5,704,0
2025/11/25,0930,2933,2933,2933,2933,1,704,0
2025/11/25,0935,2930,2930,2930,2930,2,704,0
2025/11/25,0940,2928,2928,2928,2928,7,704,0
2025/11/25,0945,2927,2927,2926,2926,2,704,0
2025/11/25,0950,2927,2927,2927,2927,2,704,0
2025/11/25,0955,2927,2927,2927,2927,0,704,0
2025/11/25,1000,2927,2927,2927,2927,0,704,0
2025/11/25,1005,2930,2930,2930,2930,1,703,0
2025/11/25,1010,2930,2930,2930,2930,0,703,0
2025/11/25,1015,2930,2930,2930,2930,0,703,0
2025/11/25,1035,2930,2930,2930,2930,0,703,0
2025/11/25,1040,2930,2930,2930,2930,0,703,0
2025/11/25,1045,2932,2932,2928,2928,8,704,0
2025/11/25,1050,2928,2928,2928,2928,0,704,0
2025/11/25,1055,2928,2928,2928,2928,0,704,0
2025/11/25,1100,2929,2929,2927,2927,3,707,0
2025/11/25,1105,2927,2927,2927,2927,5,710,0
2025/11/25,1110,2926,2926,2925,2925,8,710,0
2025/11/25,1115,2926,2926,2926,2926,1,711,0
2025/11/25,1120,2926,2928,2926,2928,2,713,0
2025/11/25,1125,2928,2928,2928,2928,0,713,0
2025/11/25,1130,2928,2928,2928,2928,0,713,0
2025/11/25,1335,2928,2928,2928,2928,0,713,0
2025/11/25,1340,2925,2925,2924,2924,2,713,0
2025/11/25,1345,2924,2924,2924,2924,0,713,0
2025/11/25,1350,2924,2924,2924,2924,0,713,0
2025/11/25,1355,2927,2927,2927,2927,1,713,0
2025/11/25,1400,2927,2927,2927,2927,0,713,0
2025/11/25,1405,2923,2923,2923,2923,1,714,0
2025/11/25,1410,2924,2924,2924,2924,2,715,0
2025/11/25,1415,2925,2925,2925,2925,1,716,0
2025/11/25,1420,2928,2928,2923,2923,3,717,0
2025/11/25,1425,2923,2923,2923,2923,0,717,0
2025/11/25,1430,2923,2923,2923,2923,0,717,0
2025/11/25,1435,2929,2929,2929,2929,1,717,0
2025/11/25,1440,2923,2923,2923,2923,1,717,0
2025/11/25,1445,2928,2928,2928,2928,2,717,0
2025/11/25,1450,2928,2928,2928,2928,0,717,0
2025/11/25,1455,2928,2928,2928,2928,0,717,0
2025/11/25,1500,2929,2929,2929,2929,1,716,0
2025/11/26,2105,2922,2926,2922,2926,2,718,0
2025/11/26,2110,2926,2926,2919,2919,6,720,0
2025/11/26,2115,2919,2919,2916,2916,5,719,0
2025/11/26,2120,2919,2920,2918,2920,5,717,0
2025/11/26,2125,2920,2920,2920,2920,3,717,0
2025/11/26,2135,2920,2920,2920,2920,1,716,0
2025/11/26,2140,2919,2919,2919,2919,1,716,0
2025/11/26,2150,2917,2917,2917,2917,1,717,0
2025/11/26,2200,2922,2923,2922,2923,53,767,0
2025/11/26,2205,2927,2927,2923,2923,10,777,0
2025/11/26,2210,2923,2923,2921,2921,12,781,0
2025/11/26,2215,2924,2926,2923,2925,86,858,0
2025/11/26,2220,2924,2924,2920,2920,27,865,0
2025/11/26,2225,2920,2922,2920,2921,40,879,0
2025/11/26,2230,2921,2925,2921,2921,57,914,0
2025/11/26,2235,2920,2923,2920,2922,24,932,0
2025/11/26,2240,2921,2921,2918,2918,7,934,0
2025/11/26,2245,2917,2917,2917,2917,2,932,0
2025/11/26,2250,2916,2916,2916,2916,3,933,0
2025/11/26,2255,2918,2923,2918,2920,32,959,0
2025/11/26,2300,2918,2918,2918,2918,1,958,0
2025/11/26,2305,2921,2921,2921,2921,1,958,0
2025/11/26,2315,2924,2924,2924,2924,1,957,0
2025/11/26,2325,2922,2922,2922,2922,1,956,0
2025/11/26,0005,2918,2918,2917,2917,2,957,0
2025/11/26,0020,2916,2916,2916,2916,2,957,0
2025/11/26,0905,2925,2925,2925,2925,1,957,0
2025/11/26,0910,2925,2925,2925,2925,1,957,0
2025/11/26,0915,2927,2927,2926,2927,6,962,0
2025/11/26,0920,2925,2925,2925,2925,2,963,0
2025/11/26,0925,2924,2924,2923,2923,2,965,0
2025/11/26,0930,2924,2925,2921,2921,4,966,0
2025/11/26,0935,2921,2921,2921,2921,0,966,0
2025/11/26,0940,2921,2924,2919,2919,3,968,0
2025/11/26,0945,2918,2918,2918,2918,1,969,0
2025/11/26,0950,2919,2919,2919,2919,2,967,0
2025/11/26,0955,2919,2919,2919,2919,0,967,0
2025/11/26,1000,2919,2919,2919,2919,0,967,0
2025/11/26,1005,2921,2924,2921,2922,3,970,0
2025/11/26,1010,2917,2917,2917,2917,2,968,0
2025/11/26,1015,2917,2917,2917,2917,0,968,0
2025/11/26,1035,2917,2917,2917,2917,0,968,0
2025/11/26,1040,2920,2924,2920,2924,7,971,0
2025/11/26,1045,2920,2920,2920,2920,1,972,0
2025/11/26,1050,2923,2923,2923,2923,1,973,0
2025/11/26,1055,2923,2923,2923,2923,0,973,0
2025/11/26,1100,2923,2923,2923,2923,0,973,0
2025/11/26,1105,2923,2923,2923,2923,0,973,0
2025/11/26,1110,2923,2923,2923,2923,0,973,0
2025/11/26,1115,2920,2920,2920,2920,2,971,0
2025/11/26,1120,2920,2920,2920,2920,1,972,0
2025/11/26,1125,2920,2920,2920,2920,0,972,0
2025/11/26,1130,2920,2920,2920,2920,1,973,0
2025/11/26,1335,2917,2917,2917,2917,1,973,0
2025/11/26,1340,2917,2917,2917,2917,0,973,0
2025/11/26,1345,2920,2922,2919,2920,12,976,0
2025/11/26,1350,2919,2919,2919,2919,1,976,0
2025/11/26,1355,2924,2929,2920,2920,6,975,0
2025/11/26,1400,2920,2920,2920,2920,0,975,0
2025/11/26,1405,2920,2920,2920,2920,0,975,0
2025/11/26,1410,2920,2920,2920,2920,0,975,0
2025/11/26,1415,2920,2920,2920,2920,0,975,0
2025/11/26,1420,2925,2928,2925,2928,2,974,0
2025/11/26,1425,2928,2928,2928,2928,0,974,0
2025/11/26,1430,2925,2925,2925,2925,1,975,0
2025/11/26,1435,2924,2924,2921,2921,4,975,0
2025/11/26,1440,2918,2918,2918,2918,1,976,0
2025/11/26,1445,2918,2918,2917,2917,3,979,0
2025/11/26,1450,2917,2917,2917,2917,1,980,0
2025/11/26,1455,2917,2917,2917,2917,0,980,0
2025/11/26,1500,2916,2925,2916,2924,24,982,0
2025/11/27,2105,2934,2934,2902,2909,102,1019,0
2025/11/27,2110,2909,2913,2906,2908,23,1018,0
2025/11/27,2115,2911,2911,2908,2908,16,1025,0
2025/11/27,2120,2909,2909,2905,2905,5,1029,0
2025/11/27,2125,2905,2909,2904,2904,6,1031,0
2025/11/27,2130,2904,2912,2904,2912,48,1026,0
2025/11/27,2135,2912,2912,2912,2912,1,1026,0
2025/11/27,2140,2913,2913,2913,2913,2,1026,0
2025/11/27,2150,2912,2912,2912,2912,1,1027,0
2025/11/27,2155,2914,2917,2912,2913,50,1064,0
2025/11/27,2200,2915,2915,2915,2915,1,1064,0
2025/11/27,2205,2911,2911,2911,2911,5,1060,0
2025/11/27,2210,2910,2910,2910,2910,1,1061,0
2025/11/27,2215,2911,2911,2911,2911,2,1063,0
2025/11/27,2220,2910,2910,2910,2910,1,1064,0
2025/11/27,2225,2911,2911,2911,2911,1,1063,0
2025/11/27,2235,2913,2914,2911,2914,5,1060,0
2025/11/27,2245,2910,2910,2910,2910,1,1061,0
2025/11/27,2250,2910,2910,2907,2907,8,1065,0
2025/11/27,2300,2906,2908,2905,2905,4,1063,0
2025/11/27,2305,2905,2905,2905,2905,1,1063,0
2025/11/27,2315,2908,2908,2908,2908,1,1062,0
2025/11/27,2325,2904,2904,2904,2904,2,1064,0
2025/11/27,0005,2902,2902,2901,2901,2,1066,0
2025/11/27,0030,2905,2905,2905,2905,1,1066,0
2025/11/27,0905,2905,2905,2905,2905,0,1066,0
2025/11/27,0910,2905,2905,2905,2905,0,1066,0
2025/11/27,0915,2906,2909,2906,2907,5,1068,0
2025/11/27,0920,2907,2907,2907,2907,2,1070,0
2025/11/27,0925,2906,2906,2906,2906,1,1071,0
2025/11/27,0930,2906,2906,2906,2906,0,1071,0
2025/11/27,0935,2906,2906,2906,2906,0,1071,0
2025/11/27,0940,2906,2906,2906,2906,0,1071,0
2025/11/27,0945,2906,2906,2906,2906,0,1071,0
2025/11/27,0950,2906,2906,2906,2906,0,1071,0
2025/11/27,0955,2906,2906,2906,2906,0,1071,0
2025/11/27,1000,2907,2908,2907,2908,4,1073,0
2025/11/27,1005,2908,2908,2908,2908,4,1077,0
2025/11/27,1010,2910,2910,2910,2910,2,1077,0
2025/11/27,1015,2910,2910,2910,2910,0,1077,0
2025/11/27,1035,2910,2910,2910,2910,0,1077,0
2025/11/27,1040,2911,2911,2911,2911,2,1075,0
2025/11/27,1045,2915,2915,2915,2915,4,1075,0
2025/11/27,1050,2915,2915,2915,2915,0,1075,0
2025/11/27,1055,2918,2918,2918,2918,1,1074,0
2025/11/27,1100,2919,2919,2919,2919,2,1074,0
2025/11/27,1105,2918,2918,2917,2917,8,1076,0
2025/11/27,1110,2917,2917,2917,2917,2,1074,0
2025/11/27,1115,2917,2917,2917,2917,0,1074,0
2025/11/27,1120,2917,2917,2917,2917,0,1074,0
2025/11/27,1125,2917,2917,2917,2917,0,1074,0
2025/11/27,1130,2917,2917,2917,2917,0,1074,0
2025/11/27,1335,2912,2912,2912,2912,1,1074,0
2025/11/27,1340,2912,2912,2912,2912,0,1074,0
2025/11/27,1345,2915,2915,2915,2915,1,1073,0
2025/11/27,1350,2913,2913,2913,2913,5,1071,0
2025/11/27,1355,2916,2917,2916,2917,4,1069,0
2025/11/27,1400,2917,2917,2917,2917,0,1069,0
2025/11/27,1405,2917,2917,2917,2917,4,1070,0
2025/11/27,1410,2918,2919,2918,2919,5,1073,0
2025/11/27,1415,2919,2919,2919,2919,0,1073,0
2025/11/27,1420,2919,2919,2919,2919,0,1073,0
2025/11/27,1425,2919,2919,2919,2919,0,1073,0
2025/11/27,1430,2919,2919,2919,2919,0,1073,0
2025/11/27,1435,2913,2917,2913,2917,6,1075,0
2025/11/27,1440,2917,2917,2917,2917,0,1075,0
2025/11/27,1445,2916,2917,2916,2917,11,1079,0
2025/11/27,1450,2913,2913,2913,2913,1,1078,0
2025/11/27,1455,2913,2915,2913,2915,10,1076,0
2025/11/27,1500,2915,2916,2912,2912,10,1074,0
2025/11/28,2105,2913,2913,2910,2910,6,1074,0
2025/11/28,2110,2909,2909,2906,2906,3,1077,0
2025/11/28,2115,2909,2909,2909,2909,2,1077,0
2025/11/28,2135,2913,2913,2913,2913,2,1077,0
2025/11/28,2140,2914,2914,2914,2914,8,1069,0
2025/11/28,2145,2914,2914,2914,2914,4,1068,0
2025/11/28,2200,2919,2919,2914,2914,14,1069,0
2025/11/28,2205,2913,2913,2913,2913,3,1071,0
2025/11/28,2230,2916,2916,2916,2916,1,1071,0
2025/11/28,2240,2918,2918,2918,2918,1,1071,0
2025/11/28,2245,2918,2918,2918,2918,2,1071,0
2025/11/28,2250,2915,2915,2915,2915,1,1071,0
2025/11/28,2255,2913,2913,2913,2913,1,1071,0
2025/11/28,2310,2916,2920,2916,2920,15,1078,0
2025/11/28,2335,2919,2919,2919,2919,1,1077,0
2025/11/28,0005,2921,2921,2921,2921,3,1078,0
2025/11/28,0100,2921,2921,2921,2921,1,1078,0
2025/11/28,0905,2922,2922,2921,2921,4,1078,0
2025/11/28,0910,2925,2925,2925,2925,1,1078,0
2025/11/28,0915,2925,2925,2925,2925,0,1078,0
2025/11/28,0920,2922,2922,2922,2922,2,1078,0
2025/11/28,0925,2922,2922,2922,2922,0,1078,0
2025/11/28,0930,2920,2920,2918,2918,3,1080,0
2025/11/28,0935,2918,2918,2918,2918,0,1080,0
2025/11/28,0940,2918,2918,2918,2918,1,1081,0
2025/11/28,0945,2918,2918,2918,2918,1,1082,0
2025/11/28,0950,2918,2918,2914,2914,4,1083,0
2025/11/28,0955,2914,2915,2914,2915,2,1085,0
2025/11/28,1000,2914,2914,2914,2914,2,1087,0
2025/11/28,1005,2912,2912,2909,2909,4,1088,0
2025/11/28,1010,2910,2913,2909,2909,3,1088,0
2025/11/28,1015,2911,2912,2911,2912,3,1091,0
2025/11/28,1035,2910,2910,2910,2910,2,1093,0
2025/11/28,1040,2910,2910,2910,2910,0,1093,0
2025/11/28,1045,2909,2910,2909,2909,3,1093,0
2025/11/28,1050,2909,2909,2909,2909,0,1093,0
2025/11/28,1055,2909,2909,2909,2909,0,1093,0
2025/11/28,1100,2909,2909,2909,2909,0,1093,0
2025/11/28,1105,2913,2913,2913,2913,1,1094,0
2025/11/28,1110,2913,2913,2913,2913,0,1094,0
2025/11/28,1115,2910,2913,2910,2913,2,1095,0
2025/11/28,1120,2913,2913,2913,2913,0,1095,0
2025/11/28,1125,2913,2913,2913,2913,0,1095,0
2025/11/28,1130,2913,2913,2913,2913,0,1095,0
2025/11/28,1335,2913,2913,2913,2913,0,1095,0
2025/11/28,1340,2913,2913,2913,2913,0,1095,0
2025/11/28,1345,2913,2913,2913,2913,0,1095,0
2025/11/28,1350,2909,2909,2909,2909,1,1096,0
2025/11/28,1355,2909,2909,2909,2909,1,1097,0
2025/11/28,1400,2909,2913,2909,2913,42,1134,0
2025/11/28,1405,2915,2917,2911,2913,71,1190,0
2025/11/28,1410,2915,2917,2910,2913,268,1388,0
2025/11/28,1415,2913,2913,2913,2913,0,1388,0
2025/11/28,1420,2913,2918,2913,2917,4,1389,0
2025/11/28,1425,2918,2918,2917,2917,4,1392,0
2025/11/28,1430,2920,2920,2919,2919,7,1392,0
2025/11/28,1435,2919,2919,2919,2919,0,1392,0
2025/11/28,1440,2919,2919,2919,2919,0,1392,0
2025/11/28,1445,2914,2916,2911,2916,3,1391,0
2025/11/28,1450,2913,2914,2913,2914,3,1392,0
2025/11/28,1455,2912,2912,2912,2912,2,1394,0
2025/11/28,1500,2921,2921,2911,2911,12,1386,0
2025/12/01,2105,2918,2918,2900,2900,8,1394,0
2025/12/01,2110,2901,2905,2897,2897,27,1413,0
2025/12/01,2115,2898,2905,2897,2904,63,1451,0
2025/12/01,2120,2903,2908,2898,2904,90,1527,0
2025/12/01,2125,2905,2905,2902,2905,53,1558,0
2025/12/01,2130,2905,2905,2905,2905,1,1559,0
2025/12/01,2135,2903,2903,2902,2903,5,1561,0
2025/12/01,2140,2903,2905,2903,2905,25,1582,0
2025/12/01,2145,2906,2906,2903,2905,38,1617,0
2025/12/01,2150,2904,2907,2902,2906,81,1682,0
2025/12/01,2155,2905,2906,2904,2904,77,1755,0
2025/12/01,2200,2906,2906,2901,2904,123,1848,0
2025/12/01,2205,2904,2907,2904,2907,4,1849,0
2025/12/01,2210,2903,2905,2903,2904,90,1934,0
2025/12/01,2215,2904,2906,2903,2905,145,2059,0
2025/12/01,2220,2905,2905,2903,2903,3,2059,0
2025/12/01,2225,2903,2903,2900,2901,5,2064,0
2025/12/01,2230,2901,2901,2901,2901,2,2066,0
2025/12/01,2235,2905,2906,2905,2906,4,2067,0
2025/12/01,2240,2906,2908,2903,2905,8,2070,0
2025/12/01,2245,2904,2905,2901,2905,123,2189,0
2025/12/01,2250,2906,2908,2905,2905,40,2225,0
2025/12/01,2300,2908,2909,2907,2909,5,2229,0
2025/12/01,2305,2908,2908,2908,2908,1,2230,0
2025/12/01,2310,2912,2914,2908,2908,7,2231,0
2025/12/01,2330,2909,2909,2909,2909,3,2231,0
2025/12/01,2340,2908,2909,2908,2909,2,2232,0
2025/12/01,0025,2902,2902,2901,2901,2,2232,0
2025/12/01,0030,2901,2902,2901,2902,2,2232,0
2025/12/01,0035,2900,2900,2900,2900,9,2239,0
2025/12/01,0040,2899,2899,2899,2899,3,2239,0
2025/12/01,0045,2899,2899,2898,2898,3,2241,0
2025/12/01,0050,2899,2899,2899,2899,2,2240,0
2025/12/01,0055,2899,2899,2899,2899,1,2239,0
2025/12/01,0100,2902,2902,2899,2899,10,2231,0
2025/12/01,0905,2899,2900,2899,2900,2,2231,0
2025/12/01,0910,2900,2907,2900,2907,60,2286,0
2025/12/01,0915,2905,2907,2903,2907,8,2285,0
2025/12/01,0920,2907,2908,2907,2908,2,2286,0
2025/12/01,0925,2910,2910,2910,2910,1,2287,0
2025/12/01,0930,2909,2909,2906,2906,2,2287,0
2025/12/01,0935,2905,2906,2905,2906,2,2288,0
2025/12/01,0940,2906,2906,2906,2906,0,2288,0
2025/12/01,0945,2905,2909,2905,2909,6,2289,0
2025/12/01,0950,2909,2909,2909,2909,0,2289,0
2025/12/01,0955,2911,2911,2906,2907,102,2290,0
2025/12/01,1000,2907,2907,2907,2907,2,2288,0
2025/12/01,1005,2907,2907,2907,2907,0,2288,0
2025/12/01,1010,2907,2907,2907,2907,0,2288,0
2025/12/01,1015,2907,2907,2907,2907,0,2288,0
2025/12/01,1035,2906,2906,2906,2906,1,2289,0
2025/12/01,1040,2907,2907,2907,2907,2,2291,0
2025/12/01,1045,2907,2907,2907,2907,1,2291,0
2025/12/01,1050,2912,2912,2909,2909,3,2291,0
2025/12/01,1055,2913,2913,2913,2913,1,2290,0
2025/12/01,1100,2915,2915,2915,2915,5,2290,0
2025/12/01,1105,2916,2916,2911,2911,4,2293,0
2025/12/01,1110,2911,2911,2911,2911,0,2293,0
2025/12/01,1115,2913,2913,2909,2909,4,2297,0
2025/12/01,1120,2909,2909,2909,2909,0,2297,0
2025/12/01,1125,2912,2912,2908,2908,6,2302,0
2025/12/01,1130,2908,2908,2908,2908,0,2302,0
2025/12/01,1335,2910,2910,2910,2910,4,2305,0
2025/12/01,1340,2909,2910,2909,2910,13,2313,0
2025/12/01,1345,2911,2916,2911,2912,220,2502,0
2025/12/01,1350,2913,2913,2913,2913,1,2503,0
2025/12/01,1355,2917,2917,2912,2916,149,2622,0
2025/12/01,1400,2915,2919,2915,2916,239,2781,0
2025/12/01,1405,2916,2920,2916,2920,247,2989,0
2025/12/01,1410,2922,2929,2922,2927,169,3124,0
2025/12/01,1415,2927,2940,2927,2938,154,3234,0
2025/12/01,1420,2939,2940,2937,2937,76,3294,0
2025/12/01,1425,2938,2940,2935,2939,14,3299,0
2025/12/01,1430,2934,2934,2924,2927,85,3308,0
2025/12/01,1435,2924,2926,2924,2924,43,3312,0
2025/12/01,1440,2924,2924,2924,2924,0,3312,0
2025/12/01,1445,2923,2924,2922,2923,31,3314,0
2025/12/01,1450,2922,2926,2920,2920,26,3326,0
2025/12/01,1455,2920,2920,2920,2920,0,3326,0
2025/12/01,1500,2925,2928,2921,2928,27,3324,0
2025/12/02,2105,2927,2935,2927,2932,50,3362,0
2025/12/02,2110,2931,2931,2928,2929,42,3394,0
2025/12/02,2115,2931,2935,2931,2935,8,3396,0
2025/12/02,2120,2933,2934,2930,2933,35,3419,0
2025/12/02,2125,2935,2940,2935,2940,53,3461,0
2025/12/02,2130,2940,2940,2934,2934,15,3467,0
2025/12/02,2135,2939,2942,2937,2938,64,3519,0
2025/12/02,2140,2941,2944,2939,2939,31,3541,0
2025/12/02,2145,2940,2942,2940,2940,6,3543,0
2025/12/02,2150,2940,2940,2940,2940,1,3542,0
2025/12/02,2200,2937,2937,2936,2937,5,3542,0
2025/12/02,2205,2938,2939,2935,2939,4,3544,0
2025/12/02,2210,2933,2933,2933,2933,3,3546,0
2025/12/02,2215,2934,2939,2934,2935,34,3567,0
2025/12/02,2230,2936,2937,2933,2933,7,3567,0
2025/12/02,2235,2936,2937,2936,2937,6,3569,0
2025/12/02,2240,2938,2940,2938,2940,100,3669,0
2025/12/02,2255,2940,2940,2938,2938,3,3670,0
2025/12/02,2305,2941,2945,2939,2939,28,3669,0
2025/12/02,2320,2939,2939,2939,2939,3,3670,0
2025/12/02,2335,2943,2944,2939,2939,3,3671,0
2025/12/02,2350,2939,2939,2939,2939,1,3672,0
2025/12/02,0005,2938,2938,2938,2938,2,3673,0
2025/12/02,0015,2941,2941,2941,2941,1,3673,0
2025/12/02,0020,2937,2940,2936,2940,4,3675,0
2025/12/02,0025,2934,2934,2934,2934,2,3676,0
2025/12/02,0030,2937,2939,2935,2935,13,3683,0
2025/12/02,0035,2936,2936,2935,2935,3,3685,0
2025/12/02,0055,2931,2931,2931,2931,1,3685,0
2025/12/02,0100,2938,2938,2938,2938,8,3683,0
2025/12/02,0905,2931,2931,2928,2930,21,3690,0
2025/12/02,0910,2931,2931,2929,2929,4,3690,0
2025/12/02,0915,2928,2928,2925,2925,16,3703,0
2025/12/02,0920,2927,2927,2927,2927,1,3703,0
2025/12/02,0925,2928,2928,2926,2926,3,3705,0
2025/12/02,0930,2925,2925,2923,2923,13,3713,0
2025/12/02,0935,2924,2925,2923,2925,7,3717,0
2025/12/02,0940,2924,2924,2924,2924,2,3719,0
2025/12/02,0945,2924,2924,2924,2924,6,3724,0
2025/12/02,0950,2923,2923,2923,2923,4,3727,0
2025/12/02,0955,2927,2927,2924,2927,7,3726,0
2025/12/02,1000,2926,2926,2926,2926,1,3727,0
2025/12/02,1005,2927,2928,2924,2928,42,3747,0
2025/12/02,1010,2930,2931,2930,2931,41,3786,0
2025/12/02,1015,2928,2929,2928,2929,6,3787,0
2025/12/02,1035,2931,2932,2930,2932,6,3788,0
2025/12/02,1040,2932,2932,2932,2932,1,3789,0
2025/12/02,1045,2933,2933,2928,2928,11,3795,0
2025/12/02,1050,2928,2931,2928,2928,10,3803,0
2025/12/02,1055,2928,2928,2928,2928,0,3803,0
2025/12/02,1100,2928,2930,2928,2930,2,3803,0
2025/12/02,1105,2932,2932,2929,2929,2,3801,0
2025/12/02,1110,2929,2931,2928,2931,21,3815,0
2025/12/02,1115,2931,2934,2930,2930,38,3845,0
2025/12/02,1120,2932,2932,2928,2930,15,3857,0
2025/12/02,1125,2927,2927,2927,2927,1,3856,0
2025/12/02,1130,2927,2927,2927,2927,0,3856,0
2025/12/02,1335,2927,2927,2927,2927,0,3856,0
2025/12/02,1340,2927,2927,2927,2927,1,3857,0
2025/12/02,1345,2929,2929,2927,2927,12,3869,0
2025/12/02,1350,2928,2928,2925,2925,9,3872,0
2025/12/02,1355,2926,2927,2926,2927,3,3874,0
2025/12/02,1400,2926,2926,2924,2924,12,3882,0
2025/12/02,1405,2925,2925,2925,2925,1,3881,0
2025/12/02,1410,2925,2925,2925,2925,1,3882,0
2025/12/02,1415,2923,2923,2922,2922,16,3887,0
2025/12/02,1420,2923,2925,2923,2925,3,3886,0
2025/12/02,1425,2925,2925,2925,2925,0,3886,0
2025/12/02,1430,2925,2925,2925,2925,1,3887,0
2025/12/02,1435,2924,2924,2924,2924,3,3887,0
2025/12/02,1440,2924,2924,2924,2924,0,3887,0
2025/12/02,1445,2926,2926,2926,2926,1,3887,0
2025/12/02,1450,2928,2928,2928,2928,1,3887,0
2025/12/02,1455,2928,2928,2928,2928,0,3887,0
2025/12/02,1500,2930,2931,2926,2926,39,3913,0
2025/12/03,2105,2929,2931,2927,2927,17,3907,0
2025/12/03,2110,2927,2930,2924,2930,4,3908,0
2025/12/03,2115,2923,2927,2923,2925,38,3931,0
2025/12/03,2120,2925,2926,2924,2925,87,3996,0
2025/12/03,2125,2925,2928,2924,2927,75,4051,0
2025/12/03,2130,2927,2928,2925,2926,83,4127,0
2025/12/03,2135,2927,2927,2925,2927,15,4134,0
2025/12/03,2140,2929,2930,2929,2929,6,4135,0
2025/12/03,2145,2927,2928,2927,2927,58,4189,0
2025/12/03,2150,2924,2927,2924,2925,68,4249,0
2025/12/03,2155,2925,2925,2924,2925,30,4276,0
2025/12/03,2200,2925,2927,2925,2927,30,4303,0
2025/12/03,2205,2924,2927,2924,2927,49,4349,0
2025/12/03,2210,2927,2928,2922,2924,118,4449,0
2025/12/03,2215,2924,2926,2924,2925,72,4504,0
2025/12/03,2220,2926,2926,2923,2923,76,4579,0
2025/12/03,2225,2923,2924,2916,2924,147,4708,0
2025/12/03,2230,2924,2924,2920,2924,80,4782,0
2025/12/03,2235,2924,2925,2924,2925,55,4837,0
2025/12/03,2240,2926,2928,2926,2926,207,5037,0
2025/12/03,2245,2925,2928,2924,2924,260,5271,0
2025/12/03,2250,2924,2924,2924,2924,2,5271,0
2025/12/03,2305,2927,2928,2921,2928,26,5256,0
2025/12/03,2310,2922,2922,2922,2922,2,5257,0
2025/12/03,2315,2920,2920,2920,2920,4,5257,0
2025/12/03,2320,2920,2920,2920,2920,1,5257,0
2025/12/03,2345,2920,2920,2920,2920,1,5256,0
2025/12/03,0015,2924,2924,2924,2924,7,5263,0
2025/12/03,0020,2920,2920,2920,2920,1,5263,0
2025/12/03,0025,2921,2921,2921,2921,2,5263,0
2025/12/03,0100,2929,2929,2918,2918,9,5257,0
2025/12/03,0905,2918,2918,2913,2915,36,5285,0
2025/12/03,0910,2918,2918,2917,2918,7,5290,0
2025/12/03,0915,2920,2920,2916,2916,3,5291,0
2025/12/03,0920,2919,2919,2915,2915,4,5293,0
2025/12/03,0925,2914,2915,2912,2912,7,5298,0
2025/12/03,0930,2913,2916,2913,2916,2,5298,0
2025/12/03,0935,2913,2913,2913,2913,1,5299,0
2025/12/03,0940,2914,2914,2911,2911,6,5298,0
2025/12/03,0945,2913,2914,2913,2914,3,5298,0
2025/12/03,0950,2914,2914,2914,2914,0,5298,0
2025/12/03,0955,2914,2914,2914,2914,0,5298,0
2025/12/03,1000,2914,2914,2914,2914,0,5298,0
2025/12/03,1005,2915,2915,2914,2914,2,5299,0
2025/12/03,1010,2914,2914,2914,2914,1,5299,0
2025/12/03,1015,2911,2913,2910,2913,13,5299,0
2025/12/03,1035,2913,2913,2909,2909,9,5304,0
2025/12/03,1040,2909,2909,2908,2908,3,5305,0
2025/12/03,1045,2908,2910,2908,2910,6,5301,0
2025/12/03,1050,2908,2908,2907,2907,9,5294,0
2025/12/03,1055,2908,2908,2908,2908,1,5294,0
2025/12/03,1100,2908,2910,2906,2906,5,5296,0
2025/12/03,1105,2906,2909,2906,2906,14,5298,0
2025/12/03,1110,2908,2909,2906,2909,13,5302,0
2025/12/03,1115,2911,2911,2911,2911,2,5301,0
2025/12/03,1120,2911,2921,2911,2921,12,5307,0
2025/12/03,1125,2920,2924,2920,2924,9,5310,0
2025/12/03,1130,2928,2930,2925,2925,6,5313,0
2025/12/03,1335,2923,2923,2923,2923,1,5314,0
2025/12/03,1340,2922,2922,2922,2922,3,5315,0
2025/12/03,1345,2922,2922,2922,2922,0,5315,0
2025/12/03,1350,2923,2923,2923,2923,2,5316,0
2025/12/03,1355,2922,2922,2919,2919,4,5319,0
2025/12/03,1400,2918,2918,2915,2915,2,5317,0
2025/12/03,1405,2919,2919,2919,2919,1,5316,0
2025/12/03,1410,2920,2921,2911,2915,41,5330,0
2025/12/03,1415,2912,2915,2912,2915,4,5329,0
2025/12/03,1420,2917,2917,2913,2914,22,5348,0
2025/12/03,1425,2916,2916,2911,2911,10,5352,0
2025/12/03,1430,2911,2913,2910,2910,14,5359,0
2025/12/03,1435,2913,2915,2912,2912,13,5358,0
2025/12/03,1440,2915,2916,2915,2916,24,5381,0
2025/12/03,1445,2917,2917,2916,2917,5,5383,0
2025/12/03,1450,2919,2919,2919,2919,3,5386,0
2025/12/03,1455,2919,2922,2918,2919,12,5392,0
2025/12/03,1500,2918,2919,2918,2919,4,5395,0
2025/12/04,2105,2920,2921,2900,2917,42,5412,0
2025/12/04,2110,2917,2918,2914,2914,27,5411,0
2025/12/04,2115,2915,2917,2915,2916,50,5456,0
2025/12/04,2120,2915,2916,2912,2912,51,5503,0
2025/12/04,2125,2910,2914,2910,2913,25,5504,0
2025/12/04,2130,2914,2916,2913,2916,88,5579,0
2025/12/04,2135,2915,2918,2915,2915,159,5719,0
2025/12/04,2140,2912,2914,2911,2914,74,5788,0
2025/12/04,2145,2915,2916,2914,2914,90,5872,0
2025/12/04,2150,2914,2916,2914,2916,77,5945,0
2025/12/04,2155,2915,2918,2913,2916,101,6035,0
2025/12/04,2200,2918,2919,2915,2919,170,6184,0
2025/12/04,2205,2919,2920,2916,2918,132,6291,0
2025/12/04,2210,2918,2920,2917,2918,218,6477,0
2025/12/04,2215,2918,2919,2915,2918,10,6476,0
2025/12/04,2225,2918,2918,2915,2915,7,6474,0
2025/12/04,2235,2915,2917,2915,2916,3,6474,0
2025/12/04,2250,2915,2918,2915,2916,14,6476,0
2025/12/04,2305,2918,2923,2918,2920,28,6472,0
2025/12/04,2310,2922,2922,2922,2922,1,6473,0
2025/12/04,2315,2920,2920,2920,2920,2,6474,0
2025/12/04,2335,2919,2919,2918,2918,3,6476,0
2025/12/04,2340,2917,2917,2917,2917,1,6476,0
2025/12/04,2345,2916,2916,2916,2916,1,6476,0
2025/12/04,2355,2919,2919,2919,2919,1,6475,0
2025/12/04,0015,2919,2919,2919,2919,2,6477,0
2025/12/04,0030,2918,2918,2917,2917,3,6478,0
2025/12/04,0035,2916,2916,2915,2915,6,6480,0
2025/12/04,0040,2917,2917,2917,2917,1,6479,0
2025/12/04,0055,2914,2914,2913,2913,2,6480,0
2025/12/04,0100,2921,2921,2921,2921,9,6475,0
2025/12/04,0905,2915,2915,2915,2915,4,6479,0
2025/12/04,0910,2914,2914,2912,2912,22,6492,0
2025/12/04,0915,2912,2912,2908,2908,42,6511,0
2025/12/04,0920,2907,2908,2901,2903,33,6512,0
2025/12/04,0925,2903,2904,2902,2902,10,6517,0
2025/12/04,0930,2903,2903,2901,2901,5,6519,0
2025/12/04,0935,2901,2901,2880,2892,94,6521,0
2025/12/04,0940,2895,2895,2893,2893,5,6522,0
2025/12/04,0945,2892,2893,2889,2889,11,6532,0
2025/12/04,0950,2891,2893,2890,2893,10,6535,0
2025/12/04,0955,2891,2892,2890,2890,5,6536,0
2025/12/04,1000,2890,2890,2889,2889,5,6536,0
2025/12/04,1005,2890,2891,2888,2891,9,6540,0
2025/12/04,1010,2891,2891,2891,2891,2,6541,0
2025/12/04,1015,2890,2890,2889,2889,4,6542,0
2025/12/04,1035,2892,2893,2888,2888,17,6546,0
2025/12/04,1040,2888,2890,2888,2888,18,6544,0
2025/12/04,1045,2889,2890,2888,2890,10,6548,0
2025/12/04,1050,2889,2890,2888,2888,9,6554,0
2025/12/04,1055,2888,2890,2887,2888,19,6563,0
2025/12/04,1100,2889,2890,2889,2890,3,6562,0
2025/12/04,1105,2888,2888,2887,2887,4,6564,0
2025/12/04,1110,2889,2889,2888,2888,4,6565,0
2025/12/04,1115,2887,2887,2882,2883,10,6568,0
2025/12/04,1120,2884,2884,2880,2881,22,6566,0
2025/12/04,1125,2881,2883,2881,2882,20,6559,0
2025/12/04,1130,2885,2885,2880,2880,21,6567,0
2025/12/04,1335,2880,2882,2878,2882,22,6579,0
2025/12/04,1340,2882,2883,2880,2880,13,6587,0
2025/12/04,1345,2880,2880,2872,2874,66,6602,0
2025/12/04,1350,2873,2874,2870,2870,26,6617,0
2025/12/04,1355,2871,2872,2867,2872,22,6623,0
2025/12/04,1400,2871,2872,2869,2870,19,6638,0
2025/12/04,1405,2871,2873,2868,2873,20,6638,0
2025/12/04,1410,2877,2881,2869,2881,187,6631,0
2025/12/04,1415,2879,2882,2878,2880,78,6634,0
2025/12/04,1420,2880,2885,2880,2883,42,6642,0
2025/12/04,1425,2886,2886,2884,2884,24,6642,0
2025/12/04,1430,2885,2885,2879,2882,8,6642,0
2025/12/04,1435,2881,2881,2880,2880,10,6643,0
2025/12/04,1440,2880,2880,2880,2880,7,6643,0
2025/12/04,1445,2880,2880,2877,2879,19,6647,0
2025/12/04,1450,2879,2880,2878,2880,9,6652,0
2025/12/04,1455,2878,2884,2878,2884,9,6653,0
2025/12/04,1500,2883,2884,2880,2880,16,6660,0
2025/12/05,2105,2879,2879,2875,2875,5,6665,0
2025/12/05,2110,2875,2875,2871,2872,6,6667,0
2025/12/05,2115,2872,2874,2872,2874,5,6667,0
2025/12/05,2120,2875,2875,2872,2872,2,6668,0
2025/12/05,2125,2875,2878,2875,2878,11,6676,0
2025/12/05,2130,2876,2878,2874,2876,32,6700,0
2025/12/05,2135,2876,2877,2871,2871,31,6714,0
2025/12/05,2140,2871,2871,2871,2871,1,6714,0
2025/12/05,2145,2873,2873,2873,2873,2,6713,0
2025/12/05,2150,2873,2873,2871,2871,15,6718,0
2025/12/05,2155,2872,2872,2872,2872,1,6718,0
2025/12/05,2200,2872,2872,2872,2872,6,6719,0
2025/12/05,2205,2871,2873,2871,2873,11,6720,0
2025/12/05,2210,2872,2872,2871,2871,12,6723,0
2025/12/05,2215,2871,2871,2870,2870,9,6724,0
2025/12/05,2220,2870,2870,2870,2870,5,6728,0
2025/12/05,2225,2869,2869,2867,2868,11,6725,0
2025/12/05,2230,2868,2869,2867,2869,4,6722,0
2025/12/05,2235,2869,2869,2868,2868,2,6723,0
2025/12/05,2240,2867,2868,2865,2865,17,6732,0
2025/12/05,2245,2866,2866,2864,2864,16,6741,0
2025/12/05,2250,2864,2865,2862,2865,7,6738,0
2025/12/05,2255,2865,2866,2865,2866,4,6736,0
2025/12/05,2300,2865,2865,2865,2865,1,6735,0
2025/12/05,2305,2868,2868,2868,2868,1,6734,0
2025/12/05,2320,2868,2868,2868,2868,1,6735,0
2025/12/05,2330,2866,2866,2866,2866,2,6736,0
2025/12/05,2340,2865,2865,2864,2864,5,6738,0
2025/12/05,2350,2863,2863,2862,2862,4,6735,0
2025/12/05,2355,2864,2864,2864,2864,1,6734,0
2025/12/05,0000,2864,2864,2864,2864,1,6734,0
2025/12/05,0005,2865,2865,2865,2865,3,6734,0
2025/12/05,0010,2866,2866,2866,2866,1,6733,0
2025/12/05,0040,2864,2864,2864,2864,1,6733,0
2025/12/05,0045,2864,2864,2863,2863,6,6730,0
2025/12/05,0050,2862,2862,2861,2861,17,6717,0
2025/12/05,0100,2865,2868,2862,2862,5,6714,0
2025/12/05,0905,2863,2867,2863,2867,5,6717,0
2025/12/05,0910,2866,2867,2861,2863,37,6743,0
2025/12/05,0915,2863,2863,2856,2856,32,6763,0
2025/12/05,0920,2859,2860,2857,2859,8,6763,0
2025/12/05,0925,2861,2861,2855,2857,22,6774,0
2025/12/05,0930,2856,2858,2852,2858,27,6783,0
2025/12/05,0935,2859,2859,2855,2859,17,6788,0
2025/12/05,0940,2860,2860,2858,2858,3,6788,0
2025/12/05,0945,2858,2858,2858,2858,1,6787,0
2025/12/05,0950,2859,2859,2858,2858,3,6787,0
2025/12/05,0955,2858,2860,2856,2856,10,6791,0
2025/12/05,1000,2855,2855,2855,2855,4,6790,0
2025/12/05,1005,2856,2857,2854,2855,10,6793,0
2025/12/05,1010,2855,2855,2855,2855,2,6795,0
2025/12/05,1015,2853,2855,2852,2855,9,6795,0
2025/12/05,1035,2856,2856,2855,2855,4,6797,0
2025/12/05,1040,2855,2857,2855,2857,7,6797,0
2025/12/05,1045,2857,2857,2855,2855,8,6802,0
2025/12/05,1050,2855,2855,2855,2855,0,6802,0
2025/12/05,1055,2857,2857,2857,2857,1,6802,0
2025/12/05,1100,2857,2857,2857,2857,0,6802,0
2025/12/05,1105,2858,2858,2853,2853,11,6807,0
2025/12/05,1110,2853,2853,2852,2853,3,6807,0
2025/12/05,1115,2852,2852,2850,2851,9,6811,0
2025/12/05,1120,2852,2852,2850,2850,12,6820,0
2025/12/05,1125,2851,2851,2849,2849,4,6822,0
2025/12/05,1130,2851,2851,2851,2851,1,6821,0
2025/12/05,1335,2851,2851,2847,2849,23,6836,0
2025/12/05,1340,2848,2849,2847,2848,15,6837,0
2025/12/05,1345,2848,2848,2847,2847,3,6838,0
2025/12/05,1350,2848,2849,2848,2849,9,6844,0
2025/12/05,1355,2847,2847,2840,2844,77,6888,0
2025/12/05,1400,2845,2845,2836,2836,160,7009,0
2025/12/05,1405,2839,2842,2839,2841,24,7008,0
2025/12/05,1410,2840,2840,2839,2840,14,7008,0
2025/12/05,1415,2839,2840,2839,2840,9,7013,0
2025/12/05,1420,2839,2842,2837,2842,11,7012,0
2025/12/05,1425,2839,2842,2839,2842,10,7013,0
2025/12/05,1430,2842,2842,2834,2834,20,7025,0
2025/12/05,1435,2835,2836,2833,2833,22,7027,0
2025/12/05,1440,2835,2835,2833,2835,19,7035,0
2025/12/05,1445,2832,2832,2826,2826,38,7030,0
2025/12/05,1450,2831,2836,2828,2836,18,7028,0
2025/12/05,1455,2838,2839,2837,2839,4,7026,0
2025/12/05,1500,2839,2839,2829,2833,43,7033,0
2025/12/08,2105,2835,2840,2835,2838,17,7034,0
2025/12/08,2110,2837,2837,2837,2837,6,7032,0
2025/12/08,2115,2838,2841,2838,2841,10,7034,0
2025/12/08,2120,2839,2840,2839,2840,5,7037,0
2025/12/08,2125,2842,2846,2842,2846,10,7037,0
2025/12/08,2130,2847,2849,2847,2847,31,7029,0
2025/12/08,2135,2847,2850,2846,2850,14,7030,0
2025/12/08,2140,2850,2853,2850,2850,47,7019,0
2025/12/08,2145,2852,2852,2846,2846,13,7021,0
2025/12/08,2150,2845,2847,2845,2845,4,7022,0
2025/12/08,2155,2845,2845,2841,2843,9,7022,0
2025/12/08,2200,2841,2842,2841,2842,5,7019,0
2025/12/08,2205,2843,2850,2843,2850,7,7017,0
2025/12/08,2210,2846,2846,2844,2845,7,7020,0
2025/12/08,2215,2845,2845,2844,2844,2,7021,0
2025/12/08,2220,2845,2845,2844,2844,2,7020,0
2025/12/08,2225,2845,2846,2844,2846,7,7019,0
2025/12/08,2230,2847,2847,2846,2846,2,7019,0
2025/12/08,2235,2848,2848,2848,2848,1,7018,0
2025/12/08,2240,2849,2849,2849,2849,1,7019,0
2025/12/08,2245,2849,2849,2849,2849,2,7017,0
2025/12/08,2250,2852,2852,2846,2848,11,7016,0
2025/12/08,2255,2846,2846,2846,2846,1,7016,0
2025/12/08,2300,2845,2845,2845,2845,3,7014,0
2025/12/08,2310,2846,2848,2846,2848,2,7014,0
2025/12/08,2315,2846,2846,2846,2846,1,7014,0
2025/12/08,2335,2846,2847,2846,2847,2,7014,0
2025/12/08,2340,2844,2846,2844,2846,6,7012,0
2025/12/08,2355,2846,2846,2846,2846,1,7012,0
2025/12/08,0000,2846,2846,2846,2846,1,7013,0
2025/12/08,0005,2846,2846,2846,2846,1,7013,0
2025/12/08,0015,2845,2845,2845,2845,4,7014,0
2025/12/08,0020,2845,2845,2845,2845,6,7014,0
2025/12/08,0035,2844,2845,2844,2845,6,7014,0
2025/12/08,0040,2844,2844,2844,2844,3,7013,0
2025/12/08,0050,2846,2847,2846,2847,2,7014,0
2025/12/08,0055,2847,2847,2847,2847,4,7016,0
2025/12/08,0100,2848,2848,2844,2844,4,7016,0
2025/12/08,0905,2849,2852,2846,2850,22,7024,0
2025/12/08,0910,2851,2853,2847,2847,20,7034,0
2025/12/08,0915,2846,2850,2846,2847,67,7089,0
2025/12/08,0920,2848,2848,2841,2841,19,7095,0
2025/12/08,0925,2840,2840,2835,2838,27,7103,0
2025/12/08,0930,2839,2839,2836,2836,46,7116,0
2025/12/08,0935,2835,2836,2832,2836,8,7115,0
2025/12/08,0940,2838,2838,2838,2838,1,7116,0
2025/12/08,0945,2840,2840,2840,2840,1,7116,0
2025/12/08,0950,2840,2840,2840,2840,0,7116,0
2025/12/08,0955,2838,2838,2833,2835,11,7119,0
2025/12/08,1000,2835,2835,2833,2835,5,7117,0
2025/12/08,1005,2834,2836,2834,2836,5,7121,0
2025/12/08,1010,2836,2836,2836,2836,0,7121,0
2025/12/08,1015,2834,2834,2834,2834,1,7120,0
2025/12/08,1035,2837,2837,2836,2836,3,7118,0
2025/12/08,1040,2837,2839,2837,2839,5,7117,0
2025/12/08,1045,2840,2844,2840,2842,14,7112,0
2025/12/08,1050,2842,2842,2842,2842,0,7112,0
2025/12/08,1055,2842,2842,2841,2841,3,7112,0
2025/12/08,1100,2840,2840,2838,2839,6,7114,0
2025/12/08,1105,2836,2836,2836,2836,5,7116,0
2025/12/08,1110,2836,2837,2835,2837,6,7121,0
2025/12/08,1115,2837,2837,2837,2837,0,7121,0
2025/12/08,1120,2837,2837,2836,2836,2,7120,0
2025/12/08,1125,2837,2837,2837,2837,1,7121,0
2025/12/08,1130,2835,2835,2835,2835,1,7120,0
2025/12/08,1335,2837,2843,2837,2842,14,7116,0
2025/12/08,1340,2840,2841,2840,2841,6,7116,0
2025/12/08,1345,2841,2842,2840,2841,8,7116,0
2025/12/08,1350,2843,2845,2843,2845,8,7118,0
2025/12/08,1355,2846,2846,2845,2845,2,7119,0
2025/12/08,1400,2843,2843,2842,2843,4,7120,0
2025/12/08,1405,2844,2844,2844,2844,1,7121,0
2025/12/08,1410,2845,2845,2845,2845,1,7121,0
2025/12/08,1415,2845,2845,2844,2844,3,7123,0
2025/12/08,1420,2845,2845,2845,2845,1,7123,0
2025/12/08,1425,2844,2844,2843,2843,3,7122,0
2025/12/08,1430,2845,2845,2844,2844,2,7123,0
2025/12/08,1435,2844,2844,2843,2843,2,7124,0
2025/12/08,1440,2845,2845,2842,2842,5,7126,0
2025/12/08,1445,2843,2844,2843,2844,2,7127,0
2025/12/08,1450,2841,2841,2841,2841,1,7128,0
2025/12/08,1455,2842,2842,2840,2840,8,7133,0
2025/12/08,1500,2841,2841,2837,2841,11,7128,0
2025/12/09,2105,2835,2838,2835,2838,11,7129,0
2025/12/09,2110,2839,2839,2836,2838,13,7130,0
2025/12/09,2115,2838,2838,2836,2836,3,7130,0
2025/12/09,2120,2840,2842,2839,2841,40,7157,0
2025/12/09,2125,2840,2842,2839,2842,4,7159,0
2025/12/09,2130,2839,2839,2838,2838,4,7161,0
2025/12/09,2135,2839,2839,2838,2838,2,7162,0
2025/12/09,2140,2838,2838,2838,2838,3,7162,0
2025/12/09,2155,2839,2839,2839,2839,1,7163,0
2025/12/09,2205,2838,2838,2837,2837,4,7166,0
2025/12/09,2210,2838,2838,2833,2833,23,7185,0
2025/12/09,2215,2832,2832,2832,2832,3,7188,0
2025/12/09,2220,2832,2834,2832,2834,3,7186,0
2025/12/09,2225,2833,2833,2830,2832,13,7189,0
2025/12/09,2230,2832,2832,2828,2828,6,7192,0
2025/12/09,2235,2828,2828,2825,2827,12,7194,0
2025/12/09,2240,2825,2828,2823,2823,18,7195,0
2025/12/09,2245,2825,2826,2823,2823,9,7195,0
2025/12/09,2250,2822,2825,2818,2825,35,7188,0
2025/12/09,2255,2824,2826,2823,2826,10,7188,0
2025/12/09,2300,2826,2828,2826,2828,5,7187,0
2025/12/09,2305,2829,2830,2820,2828,39,7190,0
2025/12/09,2315,2824,2824,2824,2824,1,7190,0
2025/12/09,2330,2827,2827,2827,2827,1,7190,0
2025/12/09,2335,2825,2825,2825,2825,1,7190,0
2025/12/09,2340,2823,2824,2823,2824,2,7190,0
2025/12/09,2345,2823,2824,2823,2824,2,7191,0
2025/12/09,2350,2823,2823,2823,2823,1,7192,0
2025/12/09,0000,2822,2822,2822,2822,1,7192,0
2025/12/09,0005,2823,2823,2823,2823,8,7192,0
2025/12/09,0010,2824,2824,2824,2824,1,7192,0
2025/12/09,0020,2824,2824,2824,2824,1,7191,0
2025/12/09,0025,2825,2825,2825,2825,3,7189,0
2025/12/09,0030,2827,2827,2827,2827,1,7189,0
2025/12/09,0100,2827,2827,2827,2827,2,7189,0
2025/12/09,0905,2825,2827,2825,2827,2,7189,0
2025/12/09,0910,2824,2824,2820,2821,17,7200,0
2025/12/09,0915,2820,2822,2820,2822,3,7200,0
2025/12/09,0920,2822,2822,2820,2820,4,7200,0
2025/12/09,0925,2822,2822,2821,2822,4,7200,0
2025/12/09,0930,2820,2820,2819,2819,5,7200,0
2025/12/09,0935,2819,2819,2819,2819,0,7200,0
2025/12/09,0940,2820,2821,2820,2821,5,7196,0
2025/12/09,0945,2821,2821,2816,2816,42,7187,0
2025/12/09,0950,2816,2816,2812,2814,17,7190,0
2025/12/09,0955,2811,2811,2805,2805,39,7217,0
2025/12/09,1000,2805,2807,2804,2804,16,7210,0
2025/12/09,1005,2803,2803,2798,2799,63,7254,0
2025/12/09,1010,2800,2800,2794,2796,37,7231,0
2025/12/09,1015,2798,2801,2798,2799,6,7233,0
2025/12/09,1035,2796,2801,2796,2801,6,7233,0
2025/12/09,1040,2801,2801,2799,2799,2,7232,0
2025/12/09,1045,2797,2797,2797,2797,1,7231,0
2025/12/09,1050,2797,2798,2796,2796,10,7226,0
2025/12/09,1055,2798,2798,2797,2798,3,7227,0
2025/12/09,1100,2797,2798,2797,2798,2,7228,0
2025/12/09,1105,2796,2796,2795,2796,11,7221,0
2025/12/09,1110,2797,2798,2797,2798,3,7221,0
2025/12/09,1115,2799,2799,2799,2799,1,7222,0
2025/12/09,1120,2799,2805,2799,2805,11,7221,0
2025/12/09,1125,2803,2803,2803,2803,2,7222,0
2025/12/09,1130,2803,2803,2803,2803,2,7223,0
2025/12/09,1335,2803,2804,2802,2804,11,7227,0
2025/12/09,1340,2804,2805,2801,2805,18,7239,0
2025/12/09,1345,2801,2805,2800,2805,10,7243,0
2025/12/09,1350,2805,2806,2800,2800,15,7247,0
2025/12/09,1355,2803,2803,2800,2800,10,7252,0
2025/12/09,1400,2801,2801,2801,2801,11,7262,0
2025/12/09,1405,2800,2802,2799,2802,4,7263,0
2025/12/09,1410,2802,2802,2802,2802,0,7263,0
2025/12/09,1415,2802,2805,2802,2805,5,7263,0
2025/12/09,1420,2805,2805,2800,2804,7,7263,0
2025/12/09,1425,2801,2801,2799,2799,5,7265,0
2025/12/09,1430,2800,2800,2798,2799,6,7266,0
2025/12/09,1435,2800,2802,2799,2799,12,7273,0
2025/12/09,1440,2801,2801,2801,2801,1,7273,0
2025/12/09,1445,2800,2803,2799,2803,6,7275,0
2025/12/09,1450,2803,2803,2803,2803,0,7275,0
2025/12/09,1455,2803,2803,2803,2803,0,7275,0
2025/12/09,1500,2802,2803,2799,2799,5,7273,0
2025/12/10,2105,2795,2795,2791,2795,28,7282,0
2025/12/10,2110,2793,2794,2789,2789,20,7287,0
2025/12/10,2115,2791,2791,2783,2783,36,7296,0
2025/12/10,2120,2782,2783,2775,2779,101,7311,0
2025/12/10,2125,2778,2780,2778,2780,20,7316,0
2025/12/10,2130,2779,2780,2777,2777,24,7317,0
2025/12/10,2135,2778,2779,2777,2778,19,7328,0
2025/12/10,2140,2778,2778,2777,2778,9,7326,0
2025/12/10,2145,2778,2779,2777,2779,7,7327,0
2025/12/10,2150,2779,2779,2779,2779,9,7326,0
2025/12/10,2155,2779,2780,2775,2776,14,7334,0
2025/12/10,2200,2775,2778,2773,2776,34,7336,0
2025/12/10,2205,2776,2776,2776,2776,2,7336,0
2025/12/10,2210,2775,2775,2775,2775,4,7335,0
2025/12/10,2215,2774,2774,2772,2772,4,7335,0
2025/12/10,2220,2771,2772,2770,2772,18,7340,0
2025/12/10,2225,2773,2777,2773,2773,16,7348,0
2025/12/10,2230,2773,2774,2772,2772,12,7354,0
2025/12/10,2235,2772,2773,2772,2773,6,7355,0
2025/12/10,2240,2772,2772,2771,2771,4,7355,0
2025/12/10,2245,2771,2773,2771,2773,15,7362,0
2025/12/10,2250,2773,2773,2768,2768,18,7362,0
2025/12/10,2255,2768,2768,2767,2767,13,7368,0
2025/12/10,2300,2768,2771,2768,2771,21,7361,0
2025/12/10,2315,2769,2769,2767,2767,13,7370,0
2025/12/10,2320,2768,2768,2765,2765,5,7374,0
2025/12/10,2325,2765,2765,2763,2763,2,7375,0
2025/12/10,2330,2762,2765,2760,2764,24,7390,0
2025/12/10,2335,2766,2766,2766,2766,1,7389,0
2025/12/10,2340,2762,2763,2761,2761,7,7392,0
2025/12/10,2350,2764,2764,2762,2762,3,7393,0
2025/12/10,2355,2765,2765,2763,2765,9,7399,0
2025/12/10,0000,2763,2765,2763,2763,6,7404,0
2025/12/10,0005,2762,2762,2758,2758,22,7415,0
2025/12/10,0010,2759,2761,2759,2759,9,7412,0
2025/12/10,0015,2759,2760,2759,2760,5,7409,0
2025/12/10,0025,2760,2760,2760,2760,5,7409,0
2025/12/10,0030,2761,2761,2761,2761,1,7410,0
2025/12/10,0035,2759,2759,2759,2759,1,7409,0
2025/12/10,0040,2761,2761,2761,2761,4,7409,0
2025/12/10,0045,2759,2761,2759,2761,3,7409,0
2025/12/10,0050,2763,2763,2763,2763,1,7409,0
2025/12/10,0055,2760,2763,2760,2763,4,7410,0
2025/12/10,0100,2760,2765,2759,2765,6,7405,0
2025/12/10,0905,2764,2772,2764,2772,65,7407,0
2025/12/10,0910,2769,2772,2768,2769,44,7409,0
2025/12/10,0915,2770,2772,2770,2770,55,7452,0
2025/12/10,0920,2771,2771,2768,2768,13,7458,0
2025/12/10,0925,2767,2771,2766,2770,20,7452,0
2025/12/10,0930,2772,2776,2771,2774,33,7458,0
2025/12/10,0935,2772,2772,2767,2767,10,7463,0
2025/12/10,0940,2770,2776,2770,2776,11,7456,0
2025/12/10,0945,2776,2780,2774,2780,220,7459,0
2025/12/10,0950,2780,2781,2776,2779,48,7461,0
2025/12/10,0955,2778,2780,2776,2780,118,7441,0
2025/12/10,1000,2780,2781,2775,2775,142,7442,0
2025/12/10,1005,2776,2777,2771,2772,20,7444,0
2025/12/10,1010,2772,2772,2765,2767,64,7435,0
2025/12/10,1015,2764,2765,2755,2762,148,7434,0
2025/12/10,1035,2761,2764,2750,2755,60,7441,0
2025/12/10,1040,2755,2758,2753,2756,30,7447,0
2025/12/10,1045,2758,2760,2754,2760,49,7455,0
2025/12/10,1050,2761,2761,2750,2756,84,7474,0
2025/12/10,1055,2752,2757,2746,2757,70,7506,0
2025/12/10,1100,2760,2760,2760,2760,2,7505,0
2025/12/10,1105,2760,2760,2752,2756,19,7502,0
2025/12/10,1110,2756,2757,2755,2757,13,7504,0
2025/12/10,1115,2757,2757,2756,2757,11,7505,0
2025/12/10,1120,2757,2757,2755,2755,12,7510,0
2025/12/10,1125,2755,2759,2754,2757,25,7514,0
2025/12/10,1130,2759,2759,2758,2758,5,7517,0
2025/12/10,1335,2754,2755,2752,2755,15,7520,0
2025/12/10,1340,2756,2767,2755,2765,70,7512,0
2025/12/10,1345,2769,2770,2765,2770,37,7514,0
2025/12/10,1350,2769,2770,2765,2767,25,7520,0
2025/12/10,1355,2765,2766,2762,2762,12,7525,0
2025/12/10,1400,2762,2764,2760,2762,16,7527,0
2025/12/10,1405,2758,2758,2754,2756,15,7532,0
2025/12/10,1410,2758,2759,2756,2759,21,7538,0
2025/12/10,1415,2759,2765,2758,2765,15,7534,0
2025/12/10,1420,2764,2765,2762,2762,5,7535,0
2025/12/10,1425,2760,2761,2757,2759,16,7538,0
2025/12/10,1430,2761,2762,2756,2759,14,7537,0
2025/12/10,1435,2759,2760,2757,2759,15,7541,0
2025/12/10,1440,2757,2757,2757,2757,2,7540,0
2025/12/10,1445,2758,2758,2752,2752,7,7540,0
2025/12/10,1450,2751,2753,2751,2753,8,7533,0
2025/12/10,1455,2753,2756,2750,2756,26,7540,0
2025/12/10,1500,2753,2759,2752,2752,32,7534,0
2025/12/11,2105,2752,2759,2740,2749,246,7595,0
2025/12/11,2110,2751,2752,2747,2751,208,7596,0
2025/12/11,2115,2750,2765,2749,2763,93,7600,0
2025/12/11,2120,2760,2763,2758,2760,50,7597,0
2025/12/11,2125,2760,2764,2759,2761,52,7598,0
2025/12/11,2130,2760,2768,2759,2765,63,7606,0
2025/12/11,2135,2765,2768,2762,2764,32,7608,0
2025/12/11,2140,2765,2766,2760,2760,27,7610,0
2025/12/11,2145,2760,2763,2759,2761,39,7611,0
2025/12/11,2150,2759,2761,2755,2756,60,7649,0
2025/12/11,2155,2757,2758,2753,2757,57,7653,0
2025/12/11,2200,2757,2762,2756,2762,121,7649,0
2025/12/11,2205,2761,2767,2760,2767,93,7670,0
2025/12/11,2210,2769,2770,2765,2768,27,7665,0
2025/12/11,2215,2768,2768,2763,2763,4,7665,0
2025/12/11,2220,2766,2767,2765,2765,11,7661,0
2025/12/11,2225,2767,2768,2765,2766,49,7657,0
2025/12/11,2230,2766,2770,2764,2770,284,7678,0
2025/12/11,2235,2770,2772,2768,2769,246,7676,0
2025/12/11,2240,2767,2767,2767,2767,7,7673,0
2025/12/11,2245,2768,2769,2768,2769,3,7673,0
2025/12/11,2250,2768,2768,2767,2767,8,7672,0
2025/12/11,2255,2767,2768,2766,2766,3,7673,0
2025/12/11,2300,2765,2765,2761,2763,4,7673,0
2025/12/11,2305,2763,2764,2762,2762,4,7673,0
2025/12/11,2310,2764,2764,2764,2764,1,7673,0
2025/12/11,2315,2766,2766,2766,2766,1,7673,0
2025/12/11,2320,2765,2765,2765,2765,1,7672,0
2025/12/11,2325,2765,2765,2765,2765,1,7673,0
2025/12/11,2335,2765,2765,2765,2765,2,7674,0
2025/12/11,2345,2765,2765,2765,2765,2,7673,0
2025/12/11,2350,2765,2766,2765,2766,4,7672,0
2025/12/11,0005,2766,2766,2766,2766,1,7672,0
2025/12/11,0010,2767,2767,2767,2767,1,7672,0
2025/12/11,0020,2767,2767,2767,2767,3,7675,0
2025/12/11,0030,2768,2768,2768,2768,2,7675,0
2025/12/11,0045,2767,2767,2766,2766,5,7677,0
2025/12/11,0055,2764,2766,2764,2766,3,7676,0
2025/12/11,0905,2767,2768,2763,2766,16,7677,0
2025/12/11,0910,2763,2763,2755,2755,28,7674,0
2025/12/11,0915,2756,2759,2751,2752,22,7667,0
2025/12/11,0920,2754,2754,2750,2753,16,7665,0
2025/12/11,0925,2752,2753,2750,2751,10,7668,0
2025/12/11,0930,2753,2755,2751,2753,19,7664,0
2025/12/11,0935,2756,2756,2756,2756,2,7666,0
2025/12/11,0940,2758,2759,2758,2759,2,7667,0
2025/12/11,0945,2759,2759,2759,2759,0,7667,0
2025/12/11,0950,2759,2759,2757,2757,5,7665,0
2025/12/11,0955,2756,2756,2756,2756,1,7664,0
2025/12/11,1000,2756,2757,2756,2757,3,7663,0
2025/12/11,1005,2755,2757,2755,2757,8,7669,0
2025/12/11,1010,2757,2757,2755,2755,3,7670,0
2025/12/11,1015,2754,2754,2754,2754,1,7670,0
2025/12/11,1035,2756,2757,2754,2757,9,7670,0
2025/12/11,1040,2756,2758,2756,2758,10,7671,0
2025/12/11,1045,2755,2755,2755,2755,2,7669,0
2025/12/11,1050,2759,2760,2756,2760,8,7669,0
2025/12/11,1055,2760,2762,2760,2760,5,7669,0
2025/12/11,1100,2759,2759,2755,2755,14,7668,0
2025/12/11,1105,2755,2755,2755,2755,0,7668,0
2025/12/11,1110,2752,2753,2752,2753,13,7666,0
2025/12/11,1115,2754,2756,2754,2756,2,7666,0
2025/12/11,1120,2754,2754,2748,2748,31,7676,0
2025/12/11,1125,2751,2751,2749,2749,5,7678,0
2025/12/11,1130,2749,2749,2749,2749,4,7675,0
2025/12/11,1335,2750,2750,2747,2750,13,7668,0
2025/12/11,1340,2750,2750,2748,2748,7,7670,0
2025/12/11,1345,2747,2748,2744,2744,28,7677,0
2025/12/11,1350,2744,2748,2743,2748,35,7685,0
2025/12/11,1355,2748,2748,2746,2746,4,7685,0
2025/12/11,1400,2745,2747,2744,2746,13,7690,0
2025/12/11,1405,2746,2746,2746,2746,2,7692,0
2025/12/11,1410,2746,2746,2745,2745,2,7692,0
2025/12/11,1415,2747,2747,2747,2747,1,7692,0
2025/12/11,1420,2745,2745,2740,2740,23,7703,0
2025/12/11,1425,2740,2741,2735,2735,49,7707,0
2025/12/11,1430,2735,2737,2731,2737,18,7708,0
2025/12/11,1435,2735,2735,2731,2733,12,7709,0
2025/12/11,1440,2733,2733,2729,2730,66,7738,0
2025/12/11,1445,2731,2731,2725,2727,47,7722,0
2025/12/11,1450,2727,2729,2726,2729,14,7715,0
2025/12/11,1455,2727,2730,2727,2728,20,7713,0
2025/12/11,1500,2730,2734,2727,2734,13,7704,0
2025/12/12,2105,2726,2738,2724,2737,105,7704,0
2025/12/12,2110,2736,2738,2734,2737,58,7725,0
2025/12/12,2115,2739,2739,2733,2735,29,7731,0
2025/12/12,2120,2734,2737,2733,2737,33,7721,0
2025/12/12,2125,2736,2736,2727,2728,34,7732,0
2025/12/12,2130,2728,2734,2728,2734,13,7725,0
2025/12/12,2135,2734,2734,2730,2733,22,7724,0
2025/12/12,2140,2733,2733,2732,2733,5,7725,0
2025/12/12,2145,2731,2732,2728,2732,15,7735,0
2025/12/12,2150,2730,2734,2730,2734,30,7759,0
2025/12/12,2155,2735,2737,2735,2737,42,7787,0
2025/12/12,2200,2737,2737,2734,2734,4,7784,0
2025/12/12,2205,2736,2736,2735,2735,6,7789,0
2025/12/12,2215,2733,2735,2732,2732,9,7785,0
2025/12/12,2225,2732,2732,2730,2730,4,7785,0
2025/12/12,2230,2730,2731,2728,2731,13,7783,0
2025/12/12,2235,2731,2731,2731,2731,1,7782,0
2025/12/12,2240,2732,2732,2728,2728,27,7770,0
2025/12/12,2245,2727,2727,2720,2721,58,7772,0
2025/12/12,2250,2720,2723,2720,2723,30,7775,0
2025/12/12,2255,2724,2725,2724,2725,3,7774,0
2025/12/12,2300,2725,2726,2722,2724,7,7777,0
2025/12/12,2305,2726,2726,2723,2723,30,7779,0
2025/12/12,2310,2721,2721,2721,2721,10,7780,0
2025/12/12,2315,2721,2722,2719,2719,25,7781,0
2025/12/12,2320,2719,2721,2718,2718,8,7777,0
2025/12/12,2325,2719,2719,2713,2717,20,7779,0
2025/12/12,2330,2717,2717,2715,2715,15,7786,0
2025/12/12,2335,2717,2717,2714,2714,17,7786,0
2025/12/12,2340,2716,2716,2714,2714,11,7787,0
2025/12/12,2345,2715,2716,2715,2716,5,7785,0
2025/12/12,2350,2717,2723,2717,2723,13,7780,0
2025/12/12,2355,2722,2724,2720,2720,34,7778,0
2025/12/12,0000,2719,2719,2719,2719,4,7780,0
2025/12/12,0005,2718,2719,2718,2719,7,7779,0
2025/12/12,0010,2718,2718,2715,2716,114,7803,0
2025/12/12,0015,2717,2717,2715,2715,56,7812,0
2025/12/12,0020,2715,2716,2712,2713,120,7801,0
2025/12/12,0025,2714,2715,2714,2715,7,7799,0
2025/12/12,0040,2714,2714,2714,2714,2,7797,0
2025/12/12,0045,2714,2714,2713,2713,2,7797,0
2025/12/12,0050,2713,2713,2713,2713,2,7797,0
2025/12/12,0055,2713,2713,2712,2712,4,7801,0
2025/12/12,0100,2712,2712,2711,2711,7,7797,0
2025/12/12,0905,2712,2719,2711,2719,40,7817,0
2025/12/12,0910,2716,2724,2716,2724,45,7839,0
2025/12/12,0915,2723,2726,2720,2722,15,7840,0
2025/12/12,0920,2724,2728,2723,2727,94,7876,0
2025/12/12,0925,2725,2726,2722,2724,56,7891,0
2025/12/12,0930,2726,2735,2726,2732,149,7940,0
2025/12/12,0935,2733,2735,2730,2731,21,7939,0
2025/12/12,0940,2732,2732,2730,2731,9,7941,0
2025/12/12,0945,2732,2735,2731,2734,32,7964,0
2025/12/12,0950,2732,2736,2732,2735,9,7964,0
2025/12/12,0955,2732,2733,2726,2726,13,7967,0
2025/12/12,1000,2728,2729,2728,2729,2,7967,0
2025/12/12,1005,2729,2737,2729,2736,16,7963,0
2025/12/12,1010,2737,2740,2733,2736,39,7969,0
2025/12/12,1015,2737,2740,2737,2740,13,7967,0
2025/12/12,1035,2738,2738,2733,2734,23,7971,0
2025/12/12,1040,2736,2736,2736,2736,4,7971,0
2025/12/12,1045,2736,2736,2731,2734,52,7995,0
2025/12/12,1050,2734,2736,2729,2730,58,8008,0
2025/12/12,1055,2730,2731,2727,2731,94,8028,0
2025/12/12,1100,2733,2736,2732,2732,31,8030,0
2025/12/12,1105,2732,2736,2732,2735,11,8039,0
2025/12/12,1110,2736,2741,2735,2736,65,8052,0
2025/12/12,1115,2736,2738,2735,2737,21,8061,0
2025/12/12,1120,2736,2738,2733,2733,22,8070,0
2025/12/12,1125,2734,2736,2734,2736,8,8077,0
2025/12/12,1130,2734,2734,2732,2732,23,8095,0
2025/12/12,1335,2739,2739,2729,2730,64,8120,0
2025/12/12,1340,2732,2732,2730,2732,3,8122,0
2025/12/12,1345,2732,2732,2730,2730,3,8124,0
2025/12/12,1350,2730,2732,2730,2732,6,8126,0
2025/12/12,1355,2732,2735,2723,2723,26,8123,0
2025/12/12,1400,2722,2722,2715,2716,35,8127,0
2025/12/12,1405,2718,2724,2716,2721,14,8123,0
2025/12/12,1410,2721,2721,2719,2721,6,8120,0
2025/12/12,1415,2717,2718,2717,2718,2,8120,0
2025/12/12,1420,2720,2722,2718,2720,12,8118,0
2025/12/12,1425,2721,2721,2721,2721,1,8119,0
2025/12/12,1430,2720,2721,2719,2719,14,8118,0
2025/12/12,1435,2721,2724,2718,2719,134,8206,0
2025/12/12,1440,2719,2719,2714,2714,18,8210,0
2025/12/12,1445,2714,2721,2714,2719,36,8227,0
2025/12/12,1450,2718,2729,2718,2723,17,8228,0
2025/12/12,1455,2723,2728,2723,2728,14,8225,0
2025/12/12,1500,2730,2738,2729,2738,38,8212,0
2025/12/15,2105,2730,2766,2730,2762,187,8225,0
2025/12/15,2110,2763,2767,2757,2763,86,8232,0
2025/12/15,2115,2765,2782,2760,2780,139,8251,0
2025/12/15,2120,2781,2799,2781,2785,194,8211,0
2025/12/15,2125,2785,2796,2784,2786,73,8194,0
2025/12/15,2130,2787,2800,2784,2799,98,8181,0
2025/12/15,2135,2800,2806,2795,2795,113,8173,0
2025/12/15,2140,2793,2801,2793,2801,42,8165,0
2025/12/15,2145,2801,2804,2799,2802,34,8173,0
2025/12/15,2150,2800,2803,2799,2803,21,8166,0
2025/12/15,2155,2801,2802,2793,2795,37,8169,0
2025/12/15,2200,2797,2803,2794,2803,52,8178,0
2025/12/15,2205,2803,2806,2801,2803,38,8169,0
2025/12/15,2210,2802,2820,2800,2815,112,8167,0
2025/12/15,2215,2813,2819,2813,2817,57,8175,0
2025/12/15,2220,2816,2817,2810,2814,54,8174,0
2025/12/15,2225,2812,2814,2810,2810,42,8179,0
2025/12/15,2230,2811,2816,2811,2814,16,8180,0
2025/12/15,2235,2816,2816,2812,2813,37,8183,0
2025/12/15,2240,2810,2812,2800,2800,38,8182,0
2025/12/15,2245,2804,2804,2795,2801,115,8164,0
2025/12/15,2250,2800,2810,2800,2810,46,8153,0
2025/12/15,2255,2810,2813,2803,2803,34,8150,0
2025/12/15,2300,2803,2813,2803,2809,16,8145,0
2025/12/15,2305,2811,2811,2807,2807,11,8150,0
2025/12/15,2310,2810,2811,2808,2809,10,8150,0
2025/12/15,2315,2809,2809,2809,2809,2,8152,0
2025/12/15,2320,2808,2808,2800,2802,12,8157,0
2025/12/15,2325,2798,2801,2793,2793,21,8163,0
2025/12/15,2330,2795,2796,2790,2790,44,8169,0
2025/12/15,2335,2789,2793,2789,2791,16,8164,0
2025/12/15,2340,2792,2798,2792,2798,11,8163,0
2025/12/15,2345,2795,2797,2795,2797,11,8162,0
2025/12/15,2350,2797,2799,2797,2799,10,8158,0
2025/12/15,2355,2798,2798,2795,2795,7,8157,0
2025/12/15,0000,2794,2799,2793,2799,14,8157,0
2025/12/15,0005,2800,2800,2797,2798,8,8155,0
2025/12/15,0010,2798,2806,2798,2806,13,8150,0
2025/12/15,0015,2806,2806,2805,2805,9,8146,0
2025/12/15,0020,2803,2803,2803,2803,1,8147,0
2025/12/15,0025,2800,2802,2800,2802,2,8147,0
2025/12/15,0030,2803,2803,2803,2803,1,8147,0
2025/12/15,0040,2803,2804,2801,2801,5,8146,0
2025/12/15,0050,2804,2804,2804,2804,2,8144,0
2025/12/15,0100,2805,2805,2800,2804,11,8143,0
2025/12/15,0905,2805,2807,2796,2801,42,8154,0
2025/12/15,0910,2800,2812,2797,2812,144,8234,0
2025/12/15,0915,2810,2831,2810,2820,161,8213,0
2025/12/15,0920,2820,2822,2818,2818,33,8208,0
2025/12/15,0925,2821,2821,2815,2817,19,8209,0
2025/12/15,0930,2817,2825,2817,2825,14,8207,0
2025/12/15,0935,2822,2822,2819,2820,24,8199,0
2025/12/15,0940,2815,2816,2805,2810,64,8202,0
2025/12/15,0945,2810,2815,2810,2815,30,8198,0
2025/12/15,0950,2816,2822,2816,2822,30,8197,0
2025/12/15,0955,2818,2822,2818,2822,5,8197,0
2025/12/15,1000,2823,2823,2822,2822,5,8198,0
2025/12/15,1005,2821,2824,2819,2820,20,8201,0
2025/12/15,1010,2821,2821,2817,2817,7,8202,0
2025/12/15,1015,2817,2818,2804,2806,277,8338,0
2025/12/15,1035,2810,2810,2800,2800,93,8357,0
2025/12/15,1040,2800,2805,2798,2803,32,8360,0
2025/12/15,1045,2802,2805,2802,2804,9,8357,0
2025/12/15,1050,2805,2805,2803,2804,8,8360,0
2025/12/15,1055,2804,2804,2800,2802,13,8367,0
2025/12/15,1100,2800,2803,2800,2803,6,8364,0
2025/12/15,1105,2804,2812,2804,2811,30,8375,0
2025/12/15,1110,2813,2818,2813,2815,18,8369,0
2025/12/15,1115,2816,2816,2814,2816,5,8371,0
2025/12/15,1120,2816,2816,2816,2816,7,8371,0
2025/12/15,1125,2813,2814,2811,2814,29,8358,0
2025/12/15,1130,2814,2816,2813,2815,11,8354,0
2025/12/15,1335,2811,2811,2809,2811,6,8353,0
2025/12/15,1340,2809,2812,2806,2807,11,8355,0
2025/12/15,1345,2806,2807,2805,2807,12,8360,0
2025/12/15,1350,2807,2810,2807,2810,15,8367,0
2025/12/15,1355,2810,2810,2805,2805,6,8368,0
2025/12/15,1400,2804,2806,2794,2795,95,8407,0
2025/12/15,1405,2794,2795,2789,2789,40,8406,0
2025/12/15,1410,2788,2789,2772,2775,127,8433,0
2025/12/15,1415,2773,2778,2767,2767,176,8451,0
2025/12/15,1420,2769,2779,2761,2779,73,8480,0
2025/12/15,1425,2777,2780,2775,2780,37,8480,0
2025/12/15,1430,2776,2778,2772,2776,19,8490,0
2025/12/15,1435,2778,2780,2776,2777,58,8503,0
2025/12/15,1440,2775,2775,2771,2771,21,8505,0
2025/12/15,1445,2774,2779,2774,2776,33,8501,0
2025/12/15,1450,2775,2776,2772,2774,31,8511,0
2025/12/15,1455,2774,2778,2774,2774,26,8515,0
2025/12/15,1500,2776,2776,2769,2770,55,8530,0
2025/12/16,2105,2770,2786,2767,2785,62,8530,0
2025/12/16,2110,2785,2793,2785,2787,40,8529,0
2025/12/16,2115,2787,2796,2787,2796,131,8601,0
2025/12/16,2120,2792,2792,2785,2787,33,8619,0
2025/12/16,2125,2789,2789,2784,2784,37,8644,0
2025/12/16,2130,2785,2786,2780,2780,29,8664,0
2025/12/16,2135,2779,2782,2779,2782,17,8660,0
2025/12/16,2140,2784,2785,2780,2780,12,8661,0
2025/12/16,2145,2778,2778,2775,2775,15,8666,0
2025/12/16,2150,2773,2773,2770,2771,18,8669,0
2025/12/16,2155,2772,2775,2771,2774,5,8671,0
2025/12/16,2200,2771,2773,2771,2773,4,8670,0
2025/12/16,2205,2771,2773,2764,2768,49,8684,0
2025/12/16,2210,2766,2768,2762,2762,55,8676,0
2025/12/16,2215,2762,2765,2759,2763,42,8672,0
2025/12/16,2220,2762,2762,2758,2758,19,8668,0
2025/12/16,2225,2757,2757,2749,2749,118,8747,0
2025/12/16,2230,2749,2750,2746,2746,56,8756,0
2025/12/16,2235,2749,2755,2749,2755,20,8746,0
2025/12/16,2240,2755,2756,2750,2750,16,8745,0
2025/12/16,2245,2754,2754,2749,2749,15,8749,0
2025/12/16,2250,2748,2748,2741,2743,59,8776,0
2025/12/16,2255,2744,2749,2744,2746,20,8779,0
2025/12/16,2300,2743,2748,2743,2748,12,8772,0
2025/12/16,2305,2748,2748,2747,2747,5,8775,0
2025/12/16,2310,2750,2750,2747,2747,10,8781,0
2025/12/16,2315,2744,2745,2744,2745,20,8781,0
2025/12/16,2320,2745,2747,2745,2747,6,8784,0
2025/12/16,2325,2746,2749,2746,2748,17,8791,0
2025/12/16,2330,2747,2747,2747,2747,2,8789,0
2025/12/16,2345,2750,2750,2750,2750,1,8790,0
2025/12/16,2350,2748,2748,2747,2747,2,8792,0
2025/12/16,2355,2747,2747,2747,2747,1,8792,0
2025/12/16,0000,2745,2745,2745,2745,1,8792,0
2025/12/16,0005,2748,2750,2748,2750,2,8792,0
2025/12/16,0010,2747,2747,2747,2747,1,8791,0
2025/12/16,0015,2748,2748,2748,2748,1,8792,0
2025/12/16,0020,2747,2747,2746,2746,4,8792,0
2025/12/16,0045,2745,2745,2745,2745,2,8793,0
2025/12/16,0050,2748,2748,2745,2748,3,8793,0
2025/12/16,0100,2750,2753,2745,2745,27,8790,0
2025/12/16,0905,2745,2755,2742,2755,38,8789,0
2025/12/16,0910,2755,2759,2750,2751,57,8782,0
2025/12/16,0915,2751,2752,2745,2751,16,8783,0
2025/12/16,0920,2752,2752,2751,2752,37,8807,0
2025/12/16,0925,2750,2758,2750,2758,39,8824,0
2025/12/16,0930,2759,2760,2756,2760,24,8815,0
2025/12/16,0935,2761,2762,2760,2762,17,8810,0
2025/12/16,0940,2760,2760,2756,2756,6,8811,0
2025/12/16,0945,2757,2758,2757,2758,2,8812,0
2025/12/16,0950,2757,2757,2751,2751,21,8823,0
2025/12/16,0955,2750,2750,2748,2748,11,8830,0
2025/12/16,1000,2746,2755,2746,2755,13,8833,0
2025/12/16,1005,2752,2757,2751,2755,14,8843,0
2025/12/16,1010,2757,2758,2757,2758,2,8842,0
2025/12/16,1015,2759,2767,2759,2760,26,8841,0
2025/12/16,1035,2760,2760,2759,2759,5,8845,0
2025/12/16,1040,2762,2765,2760,2760,11,8842,0
2025/12/16,1045,2761,2761,2761,2761,1,8843,0
2025/12/16,1050,2764,2768,2764,2766,11,8843,0
2025/12/16,1055,2768,2770,2765,2765,34,8825,0
2025/12/16,1100,2767,2768,2763,2768,14,8826,0
2025/12/16,1105,2766,2767,2766,2766,5,8828,0
2025/12/16,1110,2765,2765,2762,2762,7,8827,0
2025/12/16,1115,2761,2762,2758,2762,14,8822,0
2025/12/16,1120,2762,2765,2761,2761,11,8827,0
2025/12/16,1125,2765,2766,2763,2763,14,8824,0
2025/12/16,1130,2762,2767,2762,2767,25,8817,0
2025/12/16,1335,2765,2774,2764,2771,55,8826,0
2025/12/16,1340,2771,2776,2770,2770,132,8788,0
2025/12/16,1345,2770,2773,2770,2771,29,8782,0
2025/12/16,1350,2770,2772,2769,2769,13,8787,0
2025/12/16,1355,2769,2769,2769,2769,0,8787,0
2025/12/16,1400,2769,2772,2769,2769,9,8790,0
2025/12/16,1405,2766,2766,2763,2763,7,8792,0
2025/12/16,1410,2764,2766,2763,2765,20,8789,0
2025/12/16,1415,2767,2771,2767,2771,26,8783,0
2025/12/16,1420,2772,2775,2772,2773,32,8781,0
2025/12/16,1425,2772,2774,2767,2767,12,8777,0
2025/12/16,1430,2767,2767,2767,2767,0,8777,0
2025/12/16,1435,2773,2774,2772,2774,6,8781,0
2025/12/16,1440,2775,2775,2772,2772,4,8780,0
2025/12/16,1445,2773,2776,2773,2776,21,8775,0
2025/12/16,1450,2773,2775,2770,2775,26,8774,0
2025/12/16,1455,2774,2775,2770,2770,13,8773,0
2025/12/16,1500,2771,2774,2771,2771,21,8759,0
2025/12/17,2105,2765,2774,2765,2767,47,8783,0
2025/12/17,2110,2765,2768,2761,2768,55,8790,0
2025/12/17,2115,2768,2770,2761,2766,80,8803,0
2025/12/17,2120,2768,2775,2768,2770,40,8809,0
2025/12/17,2125,2774,2784,2774,2784,66,8816,0
2025/12/17,2130,2783,2783,2777,2781,27,8816,0
2025/12/17,2135,2778,2780,2773,2773,13,8811,0
2025/12/17,2140,2773,2779,2773,2777,17,8815,0
2025/12/17,2145,2778,2780,2778,2778,10,8815,0
2025/12/17,2150,2778,2778,2775,2775,14,8811,0
2025/12/17,2155,2777,2778,2776,2776,8,8811,0
2025/12/17,2200,2776,2776,2776,2776,1,8810,0
2025/12/17,2205,2774,2774,2774,2774,4,8810,0
2025/12/17,2210,2773,2774,2770,2771,17,8814,0
2025/12/17,2215,2774,2776,2772,2776,7,8812,0
2025/12/17,2220,2777,2777,2772,2772,9,8814,0
2025/12/17,2225,2772,2777,2770,2770,25,8803,0
2025/12/17,2230,2771,2772,2771,2771,5,8802,0
2025/12/17,2235,2771,2773,2770,2773,25,8793,0
2025/12/17,2240,2770,2770,2770,2770,2,8792,0
2025/12/17,2250,2770,2770,2770,2770,6,8791,0
2025/12/17,2255,2771,2773,2771,2773,7,8792,0
2025/12/17,2300,2774,2774,2772,2772,9,8789,0
2025/12/17,2305,2774,2774,2769,2771,18,8781,0
2025/12/17,2310,2768,2772,2768,2772,5,8779,0
2025/12/17,2315,2772,2772,2772,2772,1,8779,0
2025/12/17,2320,2774,2774,2773,2774,10,8781,0
2025/12/17,2325,2774,2774,2771,2771,10,8783,0
2025/12/17,2330,2771,2771,2771,2771,2,8783,0
2025/12/17,2340,2769,2769,2769,2769,2,8782,0
2025/12/17,2350,2771,2772,2771,2772,10,8775,0
2025/12/17,2355,2772,2772,2772,2772,1,8776,0
2025/12/17,0000,2773,2774,2770,2774,10,8773,0
2025/12/17,0010,2773,2773,2773,2773,1,8774,0
2025/12/17,0025,2770,2770,2770,2770,1,8773,0
2025/12/17,0035,2770,2770,2770,2770,1,8773,0
2025/12/17,0100,2768,2773,2768,2768,4,8771,0
2025/12/17,0905,2769,2770,2766,2768,15,8769,0
2025/12/17,0910,2765,2767,2765,2766,6,8772,0
2025/12/17,0915,2764,2764,2759,2761,26,8782,0
2025/12/17,0920,2761,2762,2756,2761,32,8779,0
2025/12/17,0925,2758,2758,2752,2756,18,8782,0
2025/12/17,0930,2756,2762,2756,2762,7,8781,0
2025/12/17,0935,2765,2767,2760,2761,14,8777,0
2025/12/17,0940,2761,2763,2759,2759,12,8783,0
2025/12/17,0945,2762,2765,2762,2764,8,8782,0
2025/12/17,0950,2763,2765,2760,2763,29,8798,0
2025/12/17,0955,2764,2764,2762,2762,7,8795,0
2025/12/17,1000,2763,2763,2759,2759,16,8800,0
2025/12/17,1005,2761,2763,2761,2763,2,8800,0
2025/12/17,1010,2765,2770,2765,2767,8,8796,0
2025/12/17,1015,2769,2771,2769,2771,17,8799,0
2025/12/17,1035,2772,2772,2768,2768,47,8820,0
2025/12/17,1040,2767,2767,2767,2767,1,8819,0
2025/12/17,1045,2769,2772,2767,2772,8,8818,0
2025/12/17,1050,2773,2774,2771,2773,11,8812,0
2025/12/17,1055,2770,2772,2769,2771,11,8809,0
2025/12/17,1100,2772,2772,2772,2772,1,8808,0
2025/12/17,1105,2774,2774,2770,2770,3,8811,0
2025/12/17,1110,2770,2772,2770,2771,9,8804,0
2025/12/17,1115,2771,2771,2771,2771,0,8804,0
2025/12/17,1120,2769,2769,2769,2769,2,8804,0
2025/12/17,1125,2771,2771,2769,2769,5,8807,0
2025/12/17,1130,2768,2773,2766,2773,7,8808,0
2025/12/17,1335,2771,2774,2768,2773,35,8800,0
2025/12/17,1340,2772,2774,2768,2771,31,8804,0
2025/12/17,1345,2769,2776,2769,2776,46,8826,0
2025/12/17,1350,2778,2781,2777,2777,34,8827,0
2025/12/17,1355,2775,2779,2774,2774,33,8848,0
2025/12/17,1400,2776,2776,2771,2774,24,8864,0
2025/12/17,1405,2774,2777,2774,2775,42,8893,0
2025/12/17,1410,2775,2776,2775,2776,26,8916,0
2025/12/17,1415,2777,2781,2777,2778,50,8948,0
2025/12/17,1420,2781,2784,2779,2782,83,8999,0
2025/12/17,1425,2782,2783,2778,2779,57,9038,0
2025/12/17,1430,2781,2784,2779,2782,82,9100,0
2025/12/17,1435,2783,2783,2775,2777,60,9140,0
2025/12/17,1440,2783,2783,2775,2778,52,9184,0
2025/12/17,1445,2775,2780,2774,2775,137,9271,0
2025/12/17,1450,2775,2780,2773,2778,54,9297,0
2025/12/17,1455,2780,2784,2777,2783,186,9434,0
2025/12/17,1500,2785,2792,2778,2792,349,9595,0
2025/12/18,2105,2775,2829,2775,2812,282,9568,0
2025/12/18,2110,2811,2819,2805,2814,92,9556,0
2025/12/18,2115,2811,2822,2808,2820,112,9550,0
2025/12/18,2120,2820,2820,2809,2810,36,9554,0
2025/12/18,2125,2812,2815,2811,2813,28,9546,0
2025/12/18,2130,2814,2821,2814,2819,30,9536,0
2025/12/18,2135,2819,2819,2812,2812,23,9531,0
2025/12/18,2140,2812,2812,2805,2806,43,9529,0
2025/12/18,2145,2810,2810,2805,2807,23,9526,0
2025/12/18,2150,2809,2815,2809,2815,9,9528,0
2025/12/18,2155,2812,2812,2810,2811,5,9528,0
2025/12/18,2200,2811,2813,2809,2813,8,9534,0
2025/12/18,2205,2811,2811,2807,2809,20,9543,0
2025/12/18,2210,2807,2810,2803,2809,36,9537,0
2025/12/18,2215,2810,2811,2804,2806,171,9680,0
2025/12/18,2220,2807,2809,2803,2808,57,9715,0
2025/12/18,2225,2808,2809,2804,2806,55,9752,0
2025/12/18,2230,2808,2812,2808,2810,120,9832,0
2025/12/18,2235,2812,2816,2810,2815,321,9904,0
2025/12/18,2240,2815,2816,2810,2813,75,9956,0
2025/12/18,2245,2815,2822,2815,2819,204,10075,0
2025/12/18,2250,2819,2821,2815,2820,243,10177,0
2025/12/18,2255,2820,2821,2816,2816,88,10247,0
2025/12/18,2300,2815,2822,2814,2822,76,10239,0
2025/12/18,2305,2818,2821,2814,2818,154,10237,0
2025/12/18,2310,2818,2819,2817,2817,33,10241,0
2025/12/18,2315,2817,2817,2817,2817,9,10236,0
2025/12/18,2320,2816,2816,2815,2815,3,10235,0
2025/12/18,2340,2815,2815,2813,2813,8,10228,0
2025/12/18,2345,2815,2815,2815,2815,1,10227,0
2025/12/18,0010,2815,2815,2815,2815,1,10226,0
2025/12/18,0025,2815,2815,2815,2815,9,10217,0
2025/12/18,0035,2814,2815,2812,2815,4,10216,0
2025/12/18,0050,2816,2816,2816,2816,2,10215,0
2025/12/18,0100,2818,2818,2812,2812,4,10212,0
2025/12/18,0905,2817,2817,2808,2810,41,10219,0
2025/12/18,0910,2810,2811,2803,2808,43,10233,0
2025/12/18,0915,2808,2810,2802,2807,36,10243,0
2025/12/18,0920,2809,2812,2808,2808,32,10246,0
2025/12/18,0925,2808,2811,2802,2802,15,10254,0
2025/12/18,0930,2801,2803,2792,2795,87,10260,0
2025/12/18,0935,2799,2800,2794,2794,26,10267,0
2025/12/18,0940,2794,2797,2794,2794,18,10263,0
2025/12/18,0945,2798,2800,2796,2796,20,10268,0
2025/12/18,0950,2797,2799,2797,2798,5,10271,0
2025/12/18,0955,2800,2802,2798,2802,8,10274,0
2025/12/18,1000,2802,2803,2801,2802,4,10278,0
2025/12/18,1005,2796,2801,2796,2801,8,10275,0
2025/12/18,1010,2802,2805,2797,2799,10,10279,0
2025/12/18,1015,2798,2798,2798,2798,8,10277,0
2025/12/18,1035,2798,2799,2795,2798,5,10277,0
2025/12/18,1040,2798,2798,2793,2793,17,10279,0
2025/12/18,1045,2792,2792,2791,2791,5,10277,0
2025/12/18,1050,2793,2793,2793,2793,1,10278,0
2025/12/18,1055,2792,2792,2787,2792,35,10289,0
2025/12/18,1100,2792,2792,2786,2786,17,10298,0
2025/12/18,1105,2789,2791,2787,2787,19,10305,0
2025/12/18,1110,2785,2790,2785,2790,4,10304,0
2025/12/18,1115,2791,2793,2791,2793,9,10306,0
2025/12/18,1120,2794,2795,2793,2795,8,10305,0
2025/12/18,1125,2795,2796,2794,2796,9,10302,0
2025/12/18,1130,2796,2801,2796,2796,17,10305,0
2025/12/18,1335,2795,2800,2795,2795,16,10312,0
2025/12/18,1340,2794,2794,2789,2789,10,10311,0
2025/12/18,1345,2787,2789,2785,2789,12,10310,0
2025/12/18,1350,2789,2789,2784,2787,20,10304,0
2025/12/18,1355,2788,2789,2786,2786,21,10317,0
2025/12/18,1400,2788,2788,2787,2787,8,10321,0
2025/12/18,1405,2790,2791,2788,2791,5,10321,0
2025/12/18,1410,2793,2793,2793,2793,2,10322,0
2025/12/18,1415,2795,2800,2795,2800,11,10321,0
2025/12/18,1420,2802,2804,2797,2799,18,10323,0
2025/12/18,1425,2800,2803,2798,2798,15,10318,0
2025/12/18,1430,2800,2801,2799,2799,6,10322,0
2025/12/18,1435,2799,2800,2797,2797,10,10330,0
2025/12/18,1440,2797,2797,2795,2796,10,10339,0
2025/12/18,1445,2797,2799,2795,2799,10,10341,0
2025/12/18,1450,2799,2802,2798,2800,9,10338,0
2025/12/18,1455,2801,2801,2793,2796,18,10342,0
2025/12/18,1500,2795,2797,2794,2797,14,10340,0
2025/12/19,2105,2809,2811,2769,2769,162,10386,0
2025/12/19,2110,2770,2774,2764,2773,133,10431,0
2025/12/19,2115,2774,2778,2770,2770,107,10488,0
2025/12/19,2120,2774,2777,2771,2775,60,10521,0
2025/12/19,2125,2774,2775,2767,2772,267,10692,0
2025/12/19,2130,2774,2775,2768,2774,492,10929,0
2025/12/19,2135,2775,2776,2770,2773,62,10945,0
2025/12/19,2140,2770,2770,2765,2767,42,10968,0
2025/12/19,2145,2767,2775,2767,2773,40,10990,0
2025/12/19,2150,2771,2771,2770,2771,9,10991,0
2025/12/19,2155,2770,2774,2770,2773,25,11011,0
2025/12/19,2200,2774,2774,2771,2771,14,11013,0
2025/12/19,2205,2771,2776,2771,2775,17,11006,0
2025/12/19,2210,2774,2777,2774,2775,13,11010,0
2025/12/19,2215,2776,2776,2774,2774,5,11013,0
2025/12/19,2220,2773,2773,2773,2773,3,11016,0
2025/12/19,2225,2774,2777,2774,2774,12,11014,0
2025/12/19,2230,2776,2779,2776,2777,11,11019,0
2025/12/19,2235,2778,2778,2777,2778,3,11021,0
2025/12/19,2240,2776,2779,2773,2773,11,11019,0
2025/12/19,2245,2772,2772,2770,2772,13,11015,0
2025/12/19,2250,2769,2771,2769,2769,11,11017,0
2025/12/19,2255,2773,2775,2773,2773,4,11019,0
2025/12/19,2300,2774,2774,2774,2774,1,11020,0
2025/12/19,2310,2773,2773,2773,2773,2,11018,0
2025/12/19,2325,2775,2775,2775,2775,4,11020,0
2025/12/19,2330,2776,2777,2774,2774,11,11019,0
2025/12/19,2335,2774,2774,2774,2774,2,11017,0
2025/12/19,2340,2776,2776,2776,2776,1,11017,0
2025/12/19,2355,2771,2771,2771,2771,3,11016,0
2025/12/19,0000,2773,2773,2773,2773,4,11014,0
2025/12/19,0035,2774,2774,2774,2774,1,11013,0
2025/12/19,0100,2779,2779,2772,2772,9,11018,0
2025/12/19,0905,2780,2780,2772,2772,13,11020,0
2025/12/19,0910,2770,2770,2770,2770,2,11021,0
2025/12/19,0915,2770,2770,2770,2770,0,11021,0
2025/12/19,0920,2772,2772,2769,2769,11,11025,0
2025/12/19,0925,2768,2768,2768,2768,2,11027,0
2025/12/19,0930,2771,2774,2771,2774,4,11027,0
2025/12/19,0935,2774,2774,2771,2772,11,11029,0
2025/12/19,0940,2773,2775,2772,2774,13,11035,0
2025/12/19,0945,2774,2776,2772,2776,6,11038,0
2025/12/19,0950,2773,2774,2773,2774,8,11042,0
2025/12/19,0955,2772,2772,2772,2772,2,11044,0
2025/12/19,1000,2772,2772,2770,2770,18,11058,0
2025/12/19,1005,2772,2772,2770,2770,6,11061,0
2025/12/19,1010,2770,2772,2770,2772,10,11058,0
2025/12/19,1015,2771,2771,2771,2771,2,11057,0
2025/12/19,1035,2770,2771,2770,2770,24,11075,0
2025/12/19,1040,2771,2772,2771,2772,8,11077,0
2025/12/19,1045,2770,2770,2769,2769,4,11079,0
2025/12/19,1050,2771,2771,2759,2759,86,11131,0
2025/12/19,1055,2759,2764,2758,2764,46,11134,0
2025/12/19,1100,2761,2761,2750,2750,89,11152,0
2025/12/19,1105,2752,2754,2744,2744,196,11132,0
2025/12/19,1110,2746,2749,2742,2747,92,11169,0
2025/12/19,1115,2745,2749,2741,2748,83,11201,0
2025/12/19,1120,2746,2746,2742,2742,21,11205,0
2025/12/19,1125,2744,2750,2744,2750,11,11208,0
2025/12/19,1130,2750,2752,2745,2745,29,11208,0
2025/12/19,1335,2747,2749,2746,2746,17,11210,0
2025/12/19,1340,2744,2745,2741,2741,44,11228,0
2025/12/19,1345,2740,2745,2740,2742,48,11236,0
2025/12/19,1350,2740,2743,2737,2743,59,11239,0
2025/12/19,1355,2745,2745,2741,2742,7,11240,0
2025/12/19,1400,2742,2745,2738,2740,32,11258,0
2025/12/19,1405,2741,2745,2740,2745,14,11257,0
2025/12/19,1410,2743,2747,2740,2747,62,11302,0
2025/12/19,1415,2745,2750,2745,2745,15,11309,0
2025/12/19,1420,2741,2743,2740,2741,20,11310,0
2025/12/19,1425,2739,2742,2737,2739,53,11346,0
2025/12/19,1430,2738,2740,2738,2740,9,11346,0
2025/12/19,1435,2740,2743,2740,2740,16,11351,0
2025/12/19,1440,2740,2742,2739,2740,12,11357,0
2025/12/19,1445,2740,2740,2736,2738,18,11369,0
2025/12/19,1450,2739,2740,2739,2739,4,11372,0
2025/12/19,1455,2741,2745,2741,2745,87,11438,0
2025/12/19,1500,2746,2746,2742,2746,30,11445,0
2025/12/22,2105,2746,2747,2735,2743,167,11525,0
2025/12/22,2110,2741,2748,2739,2746,128,11586,0
2025/12/22,2115,2746,2753,2746,2753,57,11584,0
2025/12/22,2120,2753,2754,2744,2744,104,11609,0
2025/12/22,2125,2745,2750,2744,2745,107,11682,0
2025/12/22,2130,2744,2745,2739,2739,29,11695,0
2025/12/22,2135,2738,2743,2738,2740,89,11744,0
2025/12/22,2140,2738,2743,2738,2742,66,11795,0
2025/12/22,2145,2742,2742,2732,2734,270,11861,0
2025/12/22,2150,2734,2736,2730,2730,76,11905,0
2025/12/22,2155,2730,2737,2730,2734,53,11944,0
2025/12/22,2200,2732,2737,2732,2737,120,12025,0
2025/12/22,2205,2737,2738,2735,2735,114,12134,0
2025/12/22,2210,2737,2737,2732,2737,38,12167,0
2025/12/22,2215,2737,2737,2732,2736,68,12224,0
2025/12/22,2220,2738,2740,2736,2740,82,12300,0
2025/12/22,2225,2740,2741,2736,2736,83,12371,0
2025/12/22,2235,2739,2739,2737,2737,10,12372,0
2025/12/22,2240,2736,2739,2736,2739,12,12380,0
2025/12/22,2245,2737,2742,2736,2740,97,12410,0
2025/12/22,2250,2739,2742,2735,2739,18,12402,0
2025/12/22,2255,2737,2741,2737,2741,12,12398,0
2025/12/22,2300,2739,2739,2737,2738,3,12400,0
2025/12/22,2315,2737,2739,2734,2737,69,12395,0
2025/12/22,2320,2739,2739,2737,2737,2,12396,0
2025/12/22,2325,2738,2738,2738,2738,1,12395,0
2025/12/22,2335,2738,2738,2738,2738,1,12396,0
2025/12/22,2340,2736,2736,2736,2736,2,12396,0
2025/12/22,2350,2744,2744,2738,2738,12,12401,0
2025/12/22,0005,2736,2736,2733,2733,4,12403,0
2025/12/22,0010,2736,2736,2733,2736,12,12404,0
2025/12/22,0015,2737,2737,2737,2737,2,12406,0
2025/12/22,0035,2736,2737,2736,2737,4,12406,0
2025/12/22,0045,2736,2736,2736,2736,2,12407,0
2025/12/22,0055,2735,2735,2735,2735,6,12409,0
2025/12/22,0100,2741,2741,2731,2731,20,12404,0
2025/12/22,0905,2730,2735,2712,2720,312,12506,0
2025/12/22,0910,2721,2723,2715,2720,73,12542,0
2025/12/22,0915,2720,2737,2720,2732,64,12535,0
2025/12/22,0920,2733,2733,2725,2729,94,12524,0
2025/12/22,0925,2730,2732,2725,2725,47,12529,0
2025/12/22,0930,2727,2728,2722,2722,28,12537,0
2025/12/22,0935,2726,2726,2720,2720,15,12546,0
2025/12/22,0940,2720,2725,2720,2725,11,12548,0
2025/12/22,0945,2726,2726,2719,2721,11,12555,0
2025/12/22,0950,2721,2722,2717,2722,23,12569,0
2025/12/22,0955,2721,2721,2717,2717,14,12574,0
2025/12/22,1000,2722,2724,2719,2722,52,12582,0
2025/12/22,1005,2722,2723,2720,2720,7,12584,0
2025/12/22,1010,2723,2723,2718,2720,24,12586,0
2025/12/22,1015,2721,2725,2719,2725,17,12586,0
2025/12/22,1035,2726,2728,2722,2723,36,12587,0
2025/12/22,1040,2721,2723,2721,2721,8,12582,0
2025/12/22,1045,2723,2727,2723,2727,13,12577,0
2025/12/22,1050,2726,2728,2724,2726,12,12582,0
2025/12/22,1055,2727,2727,2720,2720,32,12602,0
2025/12/22,1100,2723,2723,2720,2721,16,12611,0
2025/12/22,1105,2724,2725,2720,2720,39,12625,0
2025/12/22,1110,2724,2726,2720,2720,45,12630,0
2025/12/22,1115,2721,2728,2721,2728,11,12628,0
2025/12/22,1120,2729,2729,2724,2725,61,12666,0
2025/12/22,1125,2724,2728,2723,2726,31,12672,0
2025/12/22,1130,2727,2734,2726,2734,58,12666,0
2025/12/22,1335,2730,2730,2696,2709,845,12887,0
2025/12/22,1340,2709,2715,2704,2712,97,12905,0
2025/12/22,1345,2710,2714,2710,2712,26,12911,0
2025/12/22,1350,2710,2711,2706,2707,39,12924,0
2025/12/22,1355,2707,2711,2707,2710,27,12932,0
2025/12/22,1400,2708,2713,2708,2713,6,12933,0
2025/12/22,1405,2710,2713,2710,2713,6,12937,0
2025/12/22,1410,2712,2716,2711,2715,31,12931,0
2025/12/22,1415,2716,2720,2716,2718,17,12930,0
2025/12/22,1420,2719,2720,2715,2716,13,12930,0
2025/12/22,1425,2719,2726,2718,2726,88,12942,0
2025/12/22,1430,2726,2731,2722,2729,98,12925,0
2025/12/22,1435,2727,2728,2725,2725,13,12926,0
2025/12/22,1440,2722,2722,2718,2718,12,12924,0
2025/12/22,1445,2718,2718,2715,2718,26,12930,0
2025/12/22,1450,2718,2718,2715,2715,7,12930,0
2025/12/22,1455,2716,2722,2715,2722,18,12937,0
2025/12/22,1500,2718,2721,2717,2718,32,12943,0
2025/12/23,2105,2716,2731,2716,2731,149,12953,0
2025/12/23,2110,2730,2746,2729,2745,296,12922,0
2025/12/23,2115,2745,2746,2735,2738,78,12945,0
2025/12/23,2120,2740,2742,2736,2741,46,12943,0
2025/12/23,2125,2741,2741,2735,2737,20,12941,0
2025/12/23,2130,2739,2754,2739,2752,89,12934,0
2025/12/23,2135,2754,2762,2751,2757,145,12905,0
2025/12/23,2140,2755,2760,2751,2751,76,12906,0
2025/12/23,2145,2750,2750,2743,2750,49,12887,0
2025/12/23,2150,2752,2752,2746,2748,15,12885,0
2025/12/23,2155,2746,2748,2744,2744,8,12884,0
2025/12/23,2200,2744,2751,2744,2751,17,12881,0
2025/12/23,2205,2753,2753,2748,2752,20,12871,0
2025/12/23,2210,2750,2751,2746,2748,29,12885,0
2025/12/23,2215,2749,2749,2741,2741,12,12891,0
2025/12/23,2220,2741,2744,2741,2744,37,12905,0
2025/12/23,2225,2741,2741,2740,2740,16,12900,0
2025/12/23,2230,2739,2741,2735,2736,30,12902,0
2025/12/23,2235,2737,2738,2733,2733,19,12908,0
2025/12/23,2240,2737,2740,2737,2739,34,12931,0
2025/12/23,2245,2740,2740,2736,2738,5,12932,0
2025/12/23,2250,2736,2737,2733,2733,13,12926,0
2025/12/23,2255,2733,2736,2732,2736,18,12933,0
2025/12/23,2300,2737,2740,2736,2738,17,12937,0
2025/12/23,2305,2739,2743,2737,2741,21,12935,0
2025/12/23,2310,2743,2743,2739,2740,22,12943,0
2025/12/23,2315,2739,2739,2738,2738,4,12943,0
2025/12/23,2320,2741,2741,2741,2741,1,12944,0
2025/12/23,2330,2737,2737,2737,2737,4,12944,0
2025/12/23,2335,2737,2740,2736,2736,12,12950,0
2025/12/23,2340,2738,2738,2738,2738,3,12950,0
2025/12/23,2345,2737,2738,2736,2738,5,12953,0
2025/12/23,2350,2738,2738,2735,2735,5,12953,0
2025/12/23,0000,2737,2737,2737,2737,1,12952,0
2025/12/23,0005,2736,2736,2736,2736,2,12954,0
2025/12/23,0020,2734,2734,2734,2734,1,12954,0
2025/12/23,0025,2736,2736,2736,2736,1,12953,0
2025/12/23,0030,2735,2735,2735,2735,1,12953,0
2025/12/23,0035,2736,2736,2733,2735,7,12950,0
2025/12/23,0040,2737,2737,2737,2737,2,12950,0
2025/12/23,0050,2738,2738,2734,2737,9,12953,0
2025/12/23,0100,2735,2740,2735,2735,5,12954,0
2025/12/23,0905,2738,2740,2729,2731,59,12964,0
2025/12/23,0910,2730,2731,2725,2731,103,13006,0
2025/12/23,0915,2732,2732,2726,2730,64,13019,0
2025/12/23,0920,2730,2732,2728,2728,43,13055,0
2025/12/23,0925,2726,2728,2723,2728,61,13071,0
2025/12/23,0930,2729,2731,2729,2731,28,13077,0
2025/12/23,0935,2732,2732,2729,2730,13,13076,0
2025/12/23,0940,2728,2728,2725,2727,10,13078,0
2025/12/23,0945,2728,2728,2725,2725,4,13081,0
2025/12/23,0950,2726,2727,2723,2727,7,13077,0
2025/12/23,0955,2725,2729,2725,2728,15,13078,0
2025/12/23,1000,2729,2732,2727,2731,28,13083,0
2025/12/23,1005,2730,2730,2726,2726,13,13086,0
2025/12/23,1010,2727,2727,2721,2725,58,13106,0
2025/12/23,1015,2725,2725,2718,2722,93,13130,0
2025/12/23,1035,2722,2726,2721,2721,42,13138,0
2025/12/23,1040,2721,2721,2716,2718,41,13159,0
2025/12/23,1045,2715,2721,2715,2719,25,13164,0
2025/12/23,1050,2717,2718,2715,2717,21,13175,0
2025/12/23,1055,2717,2719,2716,2719,16,13175,0
2025/12/23,1100,2719,2720,2719,2719,5,13177,0
2025/12/23,1105,2717,2718,2715,2715,27,13198,0
2025/12/23,1110,2714,2715,2712,2715,104,13257,0
2025/12/23,1115,2712,2714,2710,2713,41,13255,0
2025/12/23,1120,2713,2718,2713,2718,5,13256,0
2025/12/23,1125,2719,2719,2717,2718,8,13258,0
2025/12/23,1130,2718,2719,2717,2719,11,13260,0
2025/12/23,1335,2720,2720,2713,2715,22,13263,0
2025/12/23,1340,2716,2717,2714,2715,19,13266,0
2025/12/23,1345,2715,2720,2714,2719,17,13261,0
2025/12/23,1350,2720,2720,2716,2716,6,13265,0
2025/12/23,1355,2717,2717,2713,2715,19,13278,0
2025/12/23,1400,2715,2716,2715,2715,13,13279,0
2025/12/23,1405,2715,2720,2715,2720,17,13292,0
2025/12/23,1410,2720,2721,2718,2720,13,13293,0
2025/12/23,1415,2720,2720,2720,2720,7,13297,0
2025/12/23,1420,2719,2724,2719,2724,21,13303,0
2025/12/23,1425,2724,2726,2722,2723,19,13301,0
2025/12/23,1430,2722,2725,2720,2724,24,13298,0
2025/12/23,1435,2724,2725,2721,2721,19,13308,0
2025/12/23,1440,2721,2721,2718,2720,12,13307,0
2025/12/23,1445,2721,2728,2721,2726,45,13285,0
2025/12/23,1450,2729,2730,2724,2729,40,13281,0
2025/12/23,1455,2728,2731,2728,2730,35,13291,0
2025/12/23,1500,2732,2734,2728,2731,38,13285,0
2025/12/24,2105,2749,2749,2726,2731,374,13315,0
2025/12/24,2110,2729,2735,2728,2732,99,13370,0
2025/12/24,2115,2731,2731,2724,2726,48,13388,0
2025/12/24,2120,2726,2732,2724,2726,51,13394,0
2025/12/24,2125,2727,2731,2727,2728,11,13387,0
2025/12/24,2130,2729,2733,2729,2731,58,13377,0
2025/12/24,2135,2732,2732,2730,2730,9,13379,0
2025/12/24,2140,2731,2742,2731,2741,128,13369,0
2025/12/24,2145,2741,2749,2739,2749,216,13366,0
2025/12/24,2150,2746,2747,2739,2742,93,13368,0
2025/12/24,2155,2745,2750,2744,2745,94,13351,0
2025/12/24,2200,2745,2751,2744,2748,35,13342,0
2025/12/24,2205,2748,2749,2740,2740,26,13349,0
2025/12/24,2210,2740,2742,2740,2742,10,13347,0
2025/12/24,2215,2740,2742,2740,2742,4,13344,0
2025/12/24,2220,2743,2744,2741,2741,9,13347,0
2025/12/24,2225,2740,2740,2736,2736,69,13329,0
2025/12/24,2230,2735,2735,2733,2733,29,13323,0
2025/12/24,2235,2734,2734,2727,2728,39,13334,0
2025/12/24,2240,2729,2735,2729,2735,19,13340,0
2025/12/24,2245,2733,2733,2730,2731,6,13340,0
2025/12/24,2250,2730,2732,2729,2729,40,13327,0
2025/12/24,2255,2731,2734,2731,2734,12,13325,0
2025/12/24,2300,2733,2735,2730,2734,42,13347,0
2025/12/24,2305,2737,2738,2733,2735,18,13350,0
2025/12/24,2310,2734,2740,2733,2740,19,13345,0
2025/12/24,2315,2738,2743,2738,2743,56,13391,0
2025/12/24,2320,2741,2741,2740,2741,6,13386,0
2025/12/24,2325,2743,2743,2740,2741,4,13387,0
2025/12/24,2330,2742,2742,2739,2740,26,13385,0
2025/12/24,2335,2740,2740,2740,2740,1,13385,0
2025/12/24,2340,2740,2742,2740,2742,5,13381,0
2025/12/24,2350,2740,2740,2740,2740,1,13380,0
2025/12/24,0000,2741,2741,2741,2741,2,13380,0
2025/12/24,0010,2742,2742,2741,2741,3,13379,0
2025/12/24,0015,2742,2742,2742,2742,4,13379,0
2025/12/24,0100,2743,2743,2739,2743,22,13390,0
2025/12/24,0905,2743,2745,2737,2742,108,13468,0
2025/12/24,0910,2740,2747,2740,2746,49,13485,0
2025/12/24,0915,2746,2746,2741,2741,18,13485,0
2025/12/24,0920,2742,2743,2739,2739,49,13488,0
2025/12/24,0925,2739,2739,2734,2734,44,13500,0
2025/12/24,0930,2735,2737,2733,2734,39,13507,0
2025/12/24,0935,2733,2735,2733,2735,10,13515,0
2025/12/24,0940,2736,2738,2734,2734,19,13519,0
2025/12/24,0945,2736,2737,2733,2733,23,13530,0
2025/12/24,0950,2733,2742,2733,2740,36,13533,0
2025/12/24,0955,2737,2739,2734,2738,51,13549,0
2025/12/24,1000,2740,2742,2738,2741,17,13550,0
2025/12/24,1005,2740,2743,2740,2743,20,13554,0
2025/12/24,1010,2742,2743,2741,2742,10,13551,0
2025/12/24,1015,2742,2747,2740,2741,91,13573,0
2025/12/24,1035,2741,2750,2741,2750,74,13570,0
2025/12/24,1040,2749,2755,2749,2754,110,13563,0
2025/12/24,1045,2752,2756,2750,2753,52,13564,0
2025/12/24,1050,2754,2762,2754,2756,195,13547,0
2025/12/24,1055,2755,2756,2751,2751,20,13548,0
2025/12/24,1100,2750,2750,2740,2740,118,13532,0
2025/12/24,1105,2742,2748,2741,2748,47,13531,0
2025/12/24,1110,2748,2749,2746,2747,27,13513,0
2025/12/24,1115,2748,2750,2748,2749,11,13512,0
2025/12/24,1120,2750,2750,2744,2747,22,13508,0
2025/12/24,1125,2748,2748,2738,2740,525,13671,0
2025/12/24,1130,2741,2745,2729,2730,1208,13916,0
2025/12/24,1335,2730,2735,2724,2729,1402,14102,0
2025/12/24,1340,2726,2730,2725,2730,751,14270,0
2025/12/24,1345,2729,2734,2727,2731,117,14226,0
2025/12/24,1350,2732,2738,2731,2737,581,14163,0
2025/12/24,1355,2736,2741,2736,2740,93,14109,0
2025/12/24,1400,2739,2741,2736,2741,84,14056,0
2025/12/24,1405,2738,2742,2736,2736,46,14033,0
2025/12/24,1410,2738,2738,2735,2738,37,14039,0
2025/12/24,1415,2737,2737,2734,2737,31,14047,0
2025/12/24,1420,2738,2738,2736,2736,6,14047,0
2025/12/24,1425,2735,2738,2735,2736,8,14046,0
2025/12/24,1430,2736,2737,2735,2737,38,14029,0
2025/12/24,1435,2738,2739,2737,2737,55,14016,0
2025/12/24,1440,2735,2739,2735,2739,25,14015,0
2025/12/24,1445,2739,2740,2738,2739,30,13999,0
2025/12/24,1450,2739,2741,2738,2741,28,13992,0
2025/12/24,1455,2740,2742,2739,2741,23,13987,0
2025/12/24,1500,2740,2741,2737,2740,23,13984,0
2025/12/25,2105,2742,2744,2727,2730,266,14053,0
2025/12/25,2110,2731,2735,2729,2729,51,14068,0
2025/12/25,2115,2730,2733,2717,2722,296,14187,0
2025/12/25,2120,2721,2724,2718,2722,96,14239,0
2025/12/25,2125,2723,2723,2719,2723,53,14267,0
2025/12/25,2130,2723,2725,2720,2723,57,14257,0
2025/12/25,2135,2725,2727,2721,2722,59,14258,0
2025/12/25,2140,2724,2724,2713,2718,209,14322,0
2025/12/25,2145,2718,2720,2717,2718,92,14376,0
2025/12/25,2150,2719,2720,2716,2716,50,14398,0
2025/12/25,2155,2717,2717,2711,2717,61,14423,0
2025/12/25,2200,2719,2719,2715,2717,28,14435,0
2025/12/25,2205,2717,2717,2713,2715,24,14444,0
2025/12/25,2210,2714,2719,2714,2719,24,14448,0
2025/12/25,2215,2719,2720,2718,2720,17,14446,0
2025/12/25,2220,2720,2721,2716,2716,16,14447,0
2025/12/25,2225,2717,2718,2716,2718,14,14453,0
2025/12/25,2230,2719,2724,2719,2724,25,14454,0
2025/12/25,2235,2724,2724,2721,2721,14,14457,0
2025/12/25,2240,2723,2723,2720,2720,5,14461,0
2025/12/25,2245,2721,2721,2719,2719,23,14462,0
2025/12/25,2250,2719,2720,2717,2717,52,14475,0
2025/12/25,2255,2717,2718,2714,2715,54,14512,0
2025/12/25,2300,2714,2715,2712,2713,38,14535,0
2025/12/25,2305,2715,2716,2714,2714,25,14535,0
2025/12/25,2310,2715,2715,2712,2715,23,14540,0
2025/12/25,2315,2714,2715,2713,2713,5,14540,0
2025/12/25,2320,2713,2713,2713,2713,1,14541,0
2025/12/25,2325,2715,2715,2713,2713,7,14542,0
2025/12/25,2330,2713,2713,2713,2713,1,14543,0
2025/12/25,2335,2713,2715,2711,2714,16,14547,0
2025/12/25,2340,2713,2716,2713,2713,8,14548,0
2025/12/25,2345,2715,2715,2715,2715,4,14551,0
2025/12/25,2350,2714,2718,2714,2716,10,14553,0
2025/12/25,2355,2717,2717,2717,2717,4,14557,0
2025/12/25,0000,2717,2718,2716,2716,10,14554,0
2025/12/25,0005,2718,2718,2718,2718,3,14554,0
2025/12/25,0010,2718,2718,2717,2717,2,14555,0
2025/12/25,0015,2717,2717,2717,2717,2,14556,0
2025/12/25,0025,2715,2715,2715,2715,1,14556,0
2025/12/25,0030,2716,2716,2716,2716,1,14555,0
2025/12/25,0045,2715,2715,2715,2715,1,14554,0
2025/12/25,0050,2717,2717,2717,2717,1,14554,0
2025/12/25,0055,2717,2717,2716,2716,2,14554,0
2025/12/25,0100,2718,2720,2714,2714,16,14548,0
2025/12/25,0905,2715,2718,2712,2715,78,14574,0
2025/12/25,0910,2717,2720,2715,2717,75,14582,0
2025/12/25,0915,2718,2726,2718,2724,130,14607,0
2025/12/25,0920,2726,2728,2724,2725,47,14605,0
2025/12/25,0925,2726,2728,2724,2725,50,14591,0
2025/12/25,0930,2725,2725,2723,2723,3,14594,0
2025/12/25,0935,2722,2725,2720,2725,33,14612,0
2025/12/25,0940,2725,2725,2724,2724,6,14612,0
2025/12/25,0945,2723,2726,2722,2725,14,14620,0
2025/12/25,0950,2727,2727,2726,2726,14,14626,0
2025/12/25,0955,2724,2724,2700,2709,1738,15247,0
2025/12/25,1000,2710,2714,2700,2707,2095,15512,0
2025/12/25,1005,2707,2709,2706,2708,85,15474,0
2025/12/25,1010,2708,2711,2708,2710,70,15454,0
2025/12/25,1015,2711,2715,2709,2712,133,15426,0
2025/12/25,1035,2708,2715,2708,2710,99,15409,0
2025/12/25,1040,2710,2712,2708,2712,152,15444,0
2025/12/25,1045,2712,2712,2709,2709,10,15451,0
2025/12/25,1050,2709,2714,2709,2714,46,15460,0
2025/12/25,1055,2713,2713,2709,2709,51,15469,0
2025/12/25,1100,2709,2711,2707,2709,81,15496,0
2025/12/25,1105,2710,2710,2707,2707,27,15504,0
2025/12/25,1110,2707,2709,2707,2708,14,15501,0
2025/12/25,1115,2708,2711,2707,2711,28,15512,0
2025/12/25,1120,2712,2715,2712,2712,151,15505,0
2025/12/25,1125,2713,2713,2711,2711,6,15504,0
2025/12/25,1130,2714,2714,2710,2710,18,15507,0
2025/12/25,1335,2710,2710,2707,2708,30,15497,0
2025/12/25,1340,2709,2709,2699,2705,210,15555,0
2025/12/25,1345,2705,2707,2702,2707,64,15532,0
2025/12/25,1350,2708,2710,2706,2710,111,15507,0
2025/12/25,1355,2708,2708,2704,2705,63,15480,0
2025/12/25,1400,2704,2704,2702,2702,39,15483,0
2025/12/25,1405,2702,2707,2702,2707,29,15492,0
2025/12/25,1410,2707,2710,2707,2710,16,15493,0
2025/12/25,1415,2710,2714,2710,2714,32,15490,0
2025/12/25,1420,2712,2712,2710,2710,15,15494,0
2025/12/25,1425,2709,2710,2708,2708,15,15494,0
2025/12/25,1430,2711,2711,2710,2710,13,15503,0
2025/12/25,1435,2710,2710,2708,2708,4,15503,0
2025/12/25,1440,2709,2712,2709,2710,76,15551,0
2025/12/25,1445,2712,2714,2711,2714,20,15549,0
2025/12/25,1450,2714,2716,2712,2714,43,15528,0
2025/12/25,1455,2713,2717,2713,2715,47,15507,0
2025/12/25,1500,2715,2717,2712,2715,44,15506,0
2025/12/26,2105,2715,2729,2715,2728,373,15375,0
2025/12/26,2110,2728,2737,2725,2729,199,15328,0
2025/12/26,2115,2730,2731,2721,2727,154,15353,0
2025/12/26,2120,2728,2732,2723,2723,251,15370,0
2025/12/26,2125,2724,2724,2720,2721,113,15397,0
2025/12/26,2130,2724,2726,2723,2724,21,15405,0
2025/12/26,2135,2724,2725,2720,2720,45,15440,0
2025/12/26,2140,2720,2721,2718,2720,63,15459,0
2025/12/26,2145,2719,2719,2715,2716,138,15516,0
2025/12/26,2150,2715,2718,2713,2716,45,15528,0
2025/12/26,2155,2716,2717,2715,2716,22,15543,0
2025/12/26,2200,2715,2716,2713,2714,27,15560,0
2025/12/26,2205,2714,2715,2712,2712,32,15576,0
2025/12/26,2210,2714,2714,2710,2713,60,15589,0
2025/12/26,2215,2712,2713,2710,2711,93,15653,0
2025/12/26,2220,2712,2715,2712,2715,11,15655,0
2025/12/26,2225,2712,2712,2708,2710,61,15700,0
2025/12/26,2230,2711,2711,2704,2704,126,15762,0
2025/12/26,2235,2704,2707,2703,2706,57,15793,0
2025/12/26,2240,2708,2709,2705,2705,34,15811,0
2025/12/26,2245,2706,2706,2702,2705,43,15825,0
2025/12/26,2250,2704,2706,2702,2705,65,15830,0
2025/12/26,2255,2706,2707,2705,2706,15,15830,0
2025/12/26,2300,2707,2708,2706,2708,24,15835,0
2025/12/26,2305,2706,2708,2706,2708,29,15843,0
2025/12/26,2310,2707,2707,2703,2706,23,15831,0
2025/12/26,2315,2704,2705,2704,2705,4,15834,0
2025/12/26,2320,2704,2706,2702,2702,49,15835,0
2025/12/26,2325,2701,2704,2699,2702,65,15854,0
2025/12/26,2330,2704,2704,2704,2704,2,15855,0
2025/12/26,2335,2704,2704,2703,2704,5,15857,0
2025/12/26,2340,2703,2703,2702,2702,2,15857,0
2025/12/26,2350,2703,2703,2703,2703,5,15862,0
2025/12/26,2355,2704,2704,2704,2704,1,15862,0
2025/12/26,0000,2704,2705,2701,2701,12,15857,0
2025/12/26,0005,2703,2703,2701,2701,17,15852,0
2025/12/26,0015,2703,2703,2703,2703,5,15856,0
2025/12/26,0020,2703,2703,2703,2703,1,15856,0
2025/12/26,0025,2704,2704,2703,2703,3,15859,0
2025/12/26,0050,2700,2702,2700,2702,5,15859,0
2025/12/26,0055,2702,2702,2702,2702,1,15858,0
2025/12/26,0100,2704,2704,2701,2701,3,15855,0
2025/12/26,0905,2703,2706,2698,2703,203,15868,0
2025/12/26,0910,2703,2705,2701,2702,39,15869,0
2025/12/26,0915,2703,2707,2703,2707,40,15877,0
2025/12/26,0920,2707,2708,2702,2704,57,15886,0
2025/12/26,0925,2706,2707,2705,2705,28,15889,0
2025/12/26,0930,2707,2707,2700,2700,69,15922,0
2025/12/26,0935,2701,2701,2693,2696,175,15973,0
2025/12/26,0940,2696,2697,2694,2696,63,16014,0
2025/12/26,0945,2696,2696,2689,2692,130,16063,0
2025/12/26,0950,2693,2694,2680,2683,343,16221,0
2025/12/26,0955,2684,2691,2682,2690,184,16321,0
2025/12/26,1000,2690,2694,2689,2689,47,16310,0
2025/12/26,1005,2690,2695,2690,2693,104,16360,0
2025/12/26,1010,2692,2705,2692,2703,113,16328,0
2025/12/26,1015,2702,2716,2702,2715,254,16255,0
2025/12/26,1035,2716,2783,2716,2770,2238,15962,0
2025/12/26,1040,2771,2801,2771,2773,1410,15522,0
2025/12/26,1045,2774,2784,2765,2777,410,15494,0
2025/12/26,1050,2777,2792,2773,2785,316,15475,0
2025/12/26,1055,2786,2803,2785,2801,453,15634,0
2025/12/26,1100,2800,2840,2800,2830,717,15694,0
2025/12/26,1105,2832,2897,2832,2877,1750,15701,0
2025/12/26,1110,2879,2900,2872,2889,3433,15374,0
2025/12/26,1115,2889,2900,2886,2900,1352,15258,0
2025/12/26,1120,2900,2900,2865,2878,5409,15504,0
2025/12/26,1125,2875,2883,2850,2858,2048,15674,0
2025/12/26,1130,2858,2864,2833,2845,479,15781,0
2025/12/26,1335,2846,2859,2835,2848,799,15877,0
2025/12/26,1340,2847,2870,2847,2870,669,16225,0
2025/12/26,1345,2868,2873,2855,2858,887,16751,0
2025/12/26,1350,2860,2868,2860,2862,399,16909,0
2025/12/26,1355,2861,2868,2857,2867,538,17164,0
2025/12/26,1400,2866,2879,2865,2879,247,17183,0
2025/12/26,1405,2879,2884,2870,2881,370,17334,0
2025/12/26,1410,2880,2884,2874,2884,552,17682,0
2025/12/26,1415,2883,2887,2878,2887,172,17715,0
2025/12/26,1420,2887,2888,2878,2886,217,17772,0
2025/12/26,1425,2886,2888,2882,2885,76,17763,0
2025/12/26,1430,2881,2894,2879,2894,180,17793,0
2025/12/26,1435,2892,2900,2892,2896,689,17904,0
2025/12/26,1440,2897,2898,2885,2888,207,17990,0
2025/12/26,1445,2887,2890,2884,2886,292,18057,0
2025/12/26,1450,2885,2887,2870,2876,622,18080,0
2025/12/26,1455,2876,2887,2871,2876,369,18080,0
2025/12/26,1500,2885,2885,2865,2872,257,18042,0
2025/12/29,2105,2860,2925,2860,2900,1320,18189,0
2025/12/29,2110,2900,2904,2885,2890,429,18203,0
2025/12/29,2115,2887,2899,2885,2895,256,18292,0
2025/12/29,2120,2894,2895,2880,2883,191,18306,0
2025/12/29,2125,2880,2889,2871,2888,380,18374,0
2025/12/29,2130,2888,2892,2886,2892,162,18416,0
2025/12/29,2135,2892,2893,2886,2888,181,18321,0
2025/12/29,2140,2888,2893,2885,2890,41,18316,0
2025/12/29,2145,2890,2897,2888,2888,76,18309,0
2025/12/29,2150,2888,2892,2885,2891,115,18321,0
2025/12/29,2155,2890,2890,2880,2883,112,18329,0
2025/12/29,2200,2883,2887,2882,2885,79,18331,0
2025/12/29,2205,2887,2887,2880,2880,102,18287,0
2025/12/29,2210,2880,2880,2867,2872,242,18335,0
2025/12/29,2215,2873,2873,2861,2872,160,18373,0
2025/12/29,2220,2872,2875,2865,2867,111,18383,0
2025/12/29,2225,2867,2875,2863,2874,103,18394,0
2025/12/29,2230,2874,2874,2867,2868,94,18401,0
2025/12/29,2235,2870,2870,2862,2863,144,18452,0
2025/12/29,2240,2862,2867,2855,2865,265,18474,0
2025/12/29,2245,2865,2871,2864,2871,88,18494,0
2025/12/29,2250,2872,2874,2867,2874,100,18516,0
2025/12/29,2255,2874,2874,2870,2871,40,18519,0
2025/12/29,2300,2871,2876,2870,2872,74,18531,0
2025/12/29,2305,2872,2884,2872,2881,140,18544,0
2025/12/29,2310,2882,2883,2878,2879,42,18536,0
2025/12/29,2315,2881,2883,2877,2880,59,18505,0
2025/12/29,2320,2880,2884,2880,2884,30,18515,0
2025/12/29,2325,2884,2889,2884,2887,78,18526,0
2025/12/29,2330,2886,2888,2881,2888,24,18523,0
2025/12/29,2335,2888,2888,2880,2886,71,18495,0
2025/12/29,2340,2887,2890,2885,2886,74,18534,0
2025/12/29,2345,2888,2888,2886,2886,9,18534,0
2025/12/29,2350,2887,2888,2881,2886,22,18531,0
2025/12/29,2355,2885,2886,2881,2883,105,18589,0
2025/12/29,0000,2883,2887,2882,2886,59,18614,0
2025/12/29,0005,2884,2885,2882,2883,76,18636,0
2025/12/29,0010,2884,2892,2884,2891,61,18629,0
2025/12/29,0015,2892,2894,2876,2880,220,18647,0
2025/12/29,0020,2881,2891,2881,2889,54,18637,0
2025/12/29,0025,2889,2896,2888,2894,125,18628,0
2025/12/29,0030,2893,2894,2892,2892,23,18630,0
2025/12/29,0035,2892,2892,2890,2891,27,18631,0
2025/12/29,0040,2891,2892,2888,2892,24,18636,0
2025/12/29,0045,2890,2891,2889,2889,7,18637,0
2025/12/29,0050,2889,2891,2888,2889,20,18639,0
2025/12/29,0055,2890,2890,2886,2889,20,18643,0
2025/12/29,0100,2890,2898,2886,2890,84,18638,0
2025/12/29,0905,2878,2896,2858,2887,1205,18630,0
2025/12/29,0910,2887,2907,2886,2893,634,18635,0
2025/12/29,0915,2893,2897,2867,2871,416,18685,0
2025/12/29,0920,2870,2881,2870,2880,336,18827,0
2025/12/29,0925,2878,2880,2866,2866,295,18846,0
2025/12/29,0930,2866,2866,2850,2855,691,18946,0
2025/12/29,0935,2857,2868,2848,2865,358,19010,0
2025/12/29,0940,2865,2868,2857,2857,247,19112,0
2025/12/29,0945,2856,2858,2841,2841,539,19390,0
2025/12/29,0950,2842,2850,2838,2849,525,19621,0
2025/12/29,0955,2848,2851,2843,2846,392,19684,0
2025/12/29,1000,2845,2846,2821,2826,868,19940,0
2025/12/29,1005,2824,2846,2824,2845,269,19997,0
2025/12/29,1010,2845,2851,2841,2849,255,20119,0
2025/12/29,1015,2850,2850,2844,2847,112,20135,0
2025/12/29,1035,2848,2857,2848,2855,365,20282,0
2025/12/29,1040,2855,2858,2848,2848,201,20343,0
2025/12/29,1045,2849,2855,2846,2852,214,20417,0
2025/12/29,1050,2852,2856,2851,2856,49,20422,0
2025/12/29,1055,2856,2858,2854,2854,53,20434,0
2025/12/29,1100,2853,2856,2852,2853,49,20442,0
2025/12/29,1105,2854,2860,2850,2859,80,20471,0
2025/12/29,1110,2857,2863,2855,2859,50,20477,0
2025/12/29,1115,2858,2860,2850,2860,203,20586,0
2025/12/29,1120,2858,2865,2856,2862,47,20563,0
2025/12/29,1125,2863,2866,2862,2864,64,20590,0
2025/12/29,1130,2865,2865,2848,2851,282,20727,0
2025/12/29,1335,2851,2857,2848,2851,229,20789,0
2025/12/29,1340,2850,2851,2840,2842,292,20875,0
2025/12/29,1345,2842,2850,2842,2848,75,20894,0
2025/12/29,1350,2848,2854,2846,2850,48,20908,0
2025/12/29,1355,2851,2853,2849,2849,38,20923,0
2025/12/29,1400,2851,2851,2830,2833,210,21029,0
2025/12/29,1405,2832,2836,2821,2824,492,20968,0
2025/12/29,1410,2827,2835,2820,2825,182,20968,0
2025/12/29,1415,2827,2837,2826,2833,87,20971,0
2025/12/29,1420,2834,2834,2823,2830,141,20999,0
2025/12/29,1425,2831,2834,2828,2829,141,20968,0
2025/12/29,1430,2828,2828,2820,2821,146,20986,0
2025/12/29,1435,2822,2831,2818,2829,172,20983,0
2025/12/29,1440,2831,2836,2825,2831,208,21068,0
2025/12/29,1445,2830,2830,2823,2826,165,21100,0
2025/12/29,1450,2827,2827,2808,2815,476,21251,0
2025/12/29,1455,2815,2827,2815,2822,112,21209,0
2025/12/29,1500,2820,2830,2813,2824,229,21223,0
2025/12/30,2105,2828,2839,2820,2829,434,21291,0
2025/12/30,2110,2830,2830,2821,2824,379,21160,0
2025/12/30,2115,2823,2825,2811,2814,278,21184,0
2025/12/30,2120,2814,2817,2808,2813,221,21243,0
2025/12/30,2125,2811,2813,2801,2810,365,21344,0
2025/12/30,2130,2810,2811,2806,2808,199,21407,0
2025/12/30,2135,2808,2814,2807,2812,85,21423,0
2025/12/30,2140,2811,2812,2804,2804,121,21443,0
2025/12/30,2145,2805,2806,2794,2798,360,21501,0
2025/12/30,2150,2798,2798,2790,2792,216,21564,0
2025/12/30,2155,2794,2796,2789,2794,214,21651,0
2025/12/30,2200,2794,2798,2793,2797,137,21661,0
2025/12/30,2205,2797,2800,2797,2797,296,21828,0
2025/12/30,2210,2797,2800,2793,2795,509,22168,0
2025/12/30,2215,2796,2811,2794,2809,1068,22730,0
2025/12/30,2220,2808,2809,2803,2803,408,22755,0
2025/12/30,2225,2805,2805,2800,2800,79,22712,0
2025/12/30,2230,2801,2808,2801,2804,74,22708,0
2025/12/30,2235,2804,2804,2798,2804,192,22690,0
2025/12/30,2240,2804,2811,2803,2810,245,22637,0
2025/12/30,2245,2810,2810,2806,2809,56,22624,0
2025/12/30,2250,2809,2813,2807,2807,141,22558,0
2025/12/30,2255,2808,2809,2806,2807,41,22553,0
2025/12/30,2300,2807,2808,2803,2805,29,22551,0
2025/12/30,2305,2805,2805,2802,2804,49,22528,0
2025/12/30,2310,2805,2805,2800,2802,81,22549,0
2025/12/30,2315,2802,2804,2801,2802,13,22544,0
2025/12/30,2320,2802,2802,2801,2802,4,22544,0
2025/12/30,2325,2802,2803,2800,2802,21,22541,0
2025/12/30,2330,2802,2804,2802,2802,14,22544,0
2025/12/30,2335,2803,2803,2801,2802,34,22553,0
2025/12/30,2340,2804,2805,2804,2804,13,22559,0
2025/12/30,2345,2804,2805,2804,2804,18,22573,0
2025/12/30,2350,2803,2804,2802,2803,9,22567,0
2025/12/30,2355,2806,2806,2804,2804,11,22571,0
2025/12/30,0000,2805,2805,2805,2805,3,22570,0
2025/12/30,0005,2806,2807,2805,2805,17,22559,0
2025/12/30,0010,2806,2806,2805,2805,20,22559,0
2025/12/30,0015,2806,2806,2806,2806,2,22561,0
2025/12/30,0020,2806,2807,2805,2805,18,22565,0
2025/12/30,0025,2804,2807,2804,2806,12,22562,0
2025/12/30,0030,2805,2805,2805,2805,1,22561,0
2025/12/30,0035,2804,2806,2803,2803,13,22562,0
2025/12/30,0040,2801,2803,2800,2803,13,22558,0
2025/12/30,0045,2800,2800,2798,2799,24,22561,0
2025/12/30,0050,2799,2799,2798,2799,27,22576,0
2025/12/30,0055,2800,2800,2800,2800,1,22576,0
2025/12/30,0100,2799,2803,2798,2803,16,22566,0
2025/12/30,0905,2805,2805,2793,2798,304,22584,0
2025/12/30,0910,2797,2816,2797,2814,275,22554,0
2025/12/30,0915,2814,2825,2812,2825,426,22519,0
2025/12/30,0920,2823,2825,2816,2822,269,22475,0
2025/12/30,0925,2822,2824,2818,2824,167,22456,0
2025/12/30,0930,2825,2829,2822,2822,229,22461,0
2025/12/30,0935,2823,2823,2818,2822,134,22420,0
2025/12/30,0940,2821,2824,2818,2818,101,22379,0
2025/12/30,0945,2819,2824,2818,2821,68,22373,0
2025/12/30,0950,2822,2826,2820,2823,93,22324,0
2025/12/30,0955,2824,2833,2824,2831,875,22659,0
2025/12/30,1000,2831,2834,2823,2825,392,22897,0
2025/12/30,1005,2825,2831,2825,2831,407,23092,0
2025/12/30,1010,2831,2833,2828,2828,269,23148,0
2025/12/30,1015,2827,2829,2825,2829,108,23159,0
2025/12/30,1035,2830,2831,2825,2825,82,23168,0
2025/12/30,1040,2825,2828,2822,2828,46,23178,0
2025/12/30,1045,2827,2836,2826,2836,137,23136,0
2025/12/30,1050,2836,2841,2833,2834,193,23115,0
2025/12/30,1055,2833,2836,2830,2836,65,23113,0
2025/12/30,1100,2835,2836,2832,2834,45,23106,0
2025/12/30,1105,2834,2841,2832,2841,57,23106,0
2025/12/30,1110,2840,2843,2838,2838,85,23096,0
2025/12/30,1115,2838,2844,2835,2844,429,23361,0
2025/12/30,1120,2845,2845,2840,2841,220,23426,0
2025/12/30,1125,2841,2841,2838,2840,81,23471,0
2025/12/30,1130,2839,2841,2836,2841,120,23480,0
2025/12/30,1335,2838,2839,2830,2832,307,23608,0
2025/12/30,1340,2831,2832,2822,2823,125,23650,0
2025/12/30,1345,2822,2831,2822,2826,161,23722,0
2025/12/30,1350,2827,2830,2825,2829,69,23735,0
2025/12/30,1355,2830,2834,2830,2834,39,23747,0
2025/12/30,1400,2834,2835,2830,2835,73,23755,0
2025/12/30,1405,2833,2839,2833,2837,38,23743,0
2025/12/30,1410,2836,2844,2836,2844,113,23746,0
2025/12/30,1415,2846,2851,2843,2844,369,23838,0
2025/12/30,1420,2844,2846,2841,2842,137,23788,0
2025/12/30,1425,2841,2841,2831,2832,135,23846,0
2025/12/30,1430,2832,2835,2829,2834,123,23886,0
2025/12/30,1435,2833,2836,2832,2836,63,23875,0
2025/12/30,1440,2836,2836,2830,2830,39,23874,0
2025/12/30,1445,2830,2833,2827,2833,62,23897,0
2025/12/30,1450,2832,2834,2829,2829,60,23901,0
2025/12/30,1455,2828,2832,2828,2831,47,23887,0
2025/12/30,1500,2829,2835,2829,2832,82,23861,0
2025/12/31,2105,2836,2853,2836,2846,495,23845,0
2025/12/31,2110,2846,2847,2841,2842,148,23844,0
2025/12/31,2115,2841,2841,2835,2839,171,23878,0
2025/12/31,2120,2840,2841,2837,2841,89,23912,0
2025/12/31,2125,2842,2842,2836,2839,65,23924,0
2025/12/31,2130,2839,2840,2833,2834,73,23943,0
2025/12/31,2135,2835,2840,2834,2839,81,23942,0
2025/12/31,2140,2838,2840,2837,2839,35,23951,0
2025/12/31,2145,2840,2841,2838,2840,38,23946,0
2025/12/31,2150,2841,2843,2839,2839,28,23961,0
2025/12/31,2155,2839,2840,2832,2834,74,23979,0
2025/12/31,2200,2836,2837,2834,2836,64,23984,0
2025/12/31,2205,2838,2838,2835,2835,24,23990,0
2025/12/31,2210,2835,2837,2830,2833,53,23990,0
2025/12/31,2215,2833,2836,2833,2834,40,24000,0
2025/12/31,2220,2835,2837,2831,2835,34,24003,0
2025/12/31,2225,2835,2838,2835,2836,23,24003,0
2025/12/31,2230,2837,2837,2833,2834,18,23996,0
2025/12/31,2235,2835,2836,2834,2834,9,23994,0
2025/12/31,2240,2836,2839,2836,2836,20,24002,0
2025/12/31,2245,2836,2836,2831,2835,18,24001,0
2025/12/31,2250,2835,2836,2832,2832,37,23990,0
2025/12/31,2255,2832,2835,2832,2835,19,23991,0
2025/12/31,2300,2834,2834,2832,2833,11,23994,0
2025/12/31,2305,2833,2835,2833,2835,15,23993,0
2025/12/31,2310,2835,2836,2835,2836,7,23999,0
2025/12/31,2315,2836,2838,2836,2838,4,24000,0
2025/12/31,2320,2838,2838,2834,2835,11,24002,0
2025/12/31,2325,2835,2836,2834,2834,5,24003,0
2025/12/31,2330,2834,2834,2834,2834,3,24003,0
2025/12/31,2335,2834,2836,2834,2836,9,24002,0
2025/12/31,2340,2833,2834,2833,2833,5,24002,0
2025/12/31,2345,2833,2833,2832,2832,12,24006,0
2025/12/31,2350,2834,2834,2833,2833,3,24009,0
2025/12/31,2355,2834,2834,2831,2831,9,24012,0
2025/12/31,0000,2832,2832,2830,2832,23,24019,0
2025/12/31,0005,2832,2833,2832,2832,10,24020,0
2025/12/31,0015,2830,2831,2830,2831,13,24014,0
2025/12/31,0020,2833,2833,2833,2833,4,24016,0
2025/12/31,0025,2831,2831,2831,2831,2,24016,0
2025/12/31,0035,2831,2831,2831,2831,1,24017,0
2025/12/31,0040,2829,2829,2828,2828,21,24010,0
2025/12/31,0050,2829,2829,2829,2829,1,24010,0
2025/12/31,0055,2830,2830,2830,2830,1,24010,0
2025/12/31,0100,2831,2833,2829,2833,18,24011,0
2025/12/31,0905,2827,2833,2827,2831,167,24034,0
2025/12/31,0910,2830,2834,2826,2831,148,24074,0
2025/12/31,0915,2830,2833,2824,2824,133,24132,0
2025/12/31,0920,2824,2829,2824,2829,62,24133,0
2025/12/31,0925,2829,2833,2827,2832,36,24143,0
2025/12/31,0930,2831,2832,2827,2829,32,24147,0
2025/12/31,0935,2829,2829,2821,2826,91,24196,0
2025/12/31,0940,2826,2833,2826,2832,46,24193,0
2025/12/31,0945,2831,2838,2830,2838,82,24200,0
2025/12/31,0950,2838,2844,2838,2844,170,24197,0
2025/12/31,0955,2844,2844,2836,2839,147,24194,0
2025/12/31,1000,2839,2839,2829,2830,179,24266,0
2025/12/31,1005,2830,2833,2826,2831,156,24312,0
2025/12/31,1010,2830,2832,2830,2832,28,24316,0
2025/12/31,1015,2833,2834,2831,2832,146,24346,0
2025/12/31,1035,2832,2839,2832,2838,952,24292,0
2025/12/31,1040,2838,2838,2831,2831,400,24284,0
2025/12/31,1045,2831,2833,2829,2832,567,24268,0
2025/12/31,1050,2833,2833,2820,2821,579,24313,0
2025/12/31,1055,2821,2824,2811,2817,384,24386,0
2025/12/31,1100,2817,2821,2811,2821,186,24390,0
2025/12/31,1105,2821,2824,2819,2824,115,24392,0
2025/12/31,1110,2824,2825,2820,2822,89,24396,0
2025/12/31,1115,2823,2825,2822,2825,75,24417,0
2025/12/31,1120,2825,2830,2824,2826,442,24417,0
2025/12/31,1125,2827,2827,2819,2820,221,24401,0
2025/12/31,1130,2820,2828,2819,2820,272,24409,0
2025/12/31,1335,2821,2826,2819,2822,198,24401,0
2025/12/31,1340,2822,2829,2822,2824,82,24391,0
2025/12/31,1345,2825,2826,2821,2823,54,24393,0
2025/12/31,1350,2824,2825,2815,2819,479,24477,0
2025/12/31,1355,2819,2820,2816,2819,273,24314,0
2025/12/31,1400,2820,2823,2815,2822,172,24331,0
2025/12/31,1405,2821,2831,2821,2831,128,24318,0
2025/12/31,1410,2831,2836,2830,2833,99,24318,0
2025/12/31,1415,2833,2834,2832,2834,43,24313,0
2025/12/31,1420,2835,2837,2833,2835,115,24363,0
2025/12/31,1425,2835,2843,2834,2841,97,24356,0
2025/12/31,1430,2840,2862,2838,2858,575,24320,0
2025/12/31,1435,2859,2885,2853,2872,1506,24169,0
2025/12/31,1440,2874,2874,2853,2863,547,24108,0
2025/12/31,1445,2862,2866,2851,2853,352,24139,0
2025/12/31,1450,2853,2856,2848,2854,318,24074,0
2025/12/31,1455,2854,2861,2854,2861,96,24051,0
2025/12/31,1500,2859,2861,2851,2852,141,24046,0
2026/01/05,0905,2860,2882,2860,2875,1050,23985,0
2026/01/05,0910,2875,2902,2873,2883,1469,23789,0
2026/01/05,0915,2884,2887,2868,2874,534,23862,0
2026/01/05,0920,2874,2885,2874,2876,278,23951,0
2026/01/05,0925,2876,2893,2874,2893,323,23984,0
2026/01/05,0930,2894,2898,2890,2895,278,24020,0
2026/01/05,0935,2896,2896,2883,2887,184,24028,0
2026/01/05,0940,2887,2894,2887,2893,124,24068,0
2026/01/05,0945,2890,2890,2883,2885,87,24054,0
2026/01/05,0950,2886,2886,2875,2878,131,24068,0
2026/01/05,0955,2876,2882,2875,2879,152,24057,0
2026/01/05,1000,2882,2882,2873,2879,89,24067,0
2026/01/05,1005,2882,2882,2876,2877,90,24096,0
2026/01/05,1010,2876,2878,2873,2876,120,24179,0
2026/01/05,1015,2875,2881,2874,2878,122,24221,0
2026/01/05,1035,2881,2886,2881,2884,144,24232,0
2026/01/05,1040,2885,2888,2883,2885,96,24260,0
2026/01/05,1045,2885,2885,2877,2877,73,24268,0
2026/01/05,1050,2880,2880,2876,2877,130,24219,0
2026/01/05,1055,2876,2883,2875,2883,113,24232,0
2026/01/05,1100,2882,2882,2875,2876,32,24223,0
2026/01/05,1105,2876,2884,2873,2884,110,24243,0
2026/01/05,1110,2885,2889,2884,2886,87,24237,0
2026/01/05,1115,2888,2891,2886,2888,150,24290,0
2026/01/05,1120,2890,2893,2886,2887,186,24367,0
2026/01/05,1125,2886,2892,2884,2892,98,24365,0
2026/01/05,1130,2892,2892,2888,2891,57,24347,0
2026/01/05,1335,2889,2889,2882,2885,119,24366,0
2026/01/05,1340,2885,2885,2866,2866,245,24403,0
2026/01/05,1345,2867,2868,2834,2846,838,24593,0
2026/01/05,1350,2846,2853,2840,2851,365,24738,0
2026/01/05,1355,2851,2852,2842,2850,247,24706,0
2026/01/05,1400,2850,2857,2840,2856,153,24726,0
2026/01/05,1405,2856,2856,2850,2854,130,24743,0
2026/01/05,1410,2853,2853,2845,2848,102,24756,0
2026/01/05,1415,2848,2849,2842,2846,97,24752,0
2026/01/05,1420,2847,2852,2843,2849,84,24756,0
2026/01/05,1425,2848,2848,2840,2843,114,24785,0
2026/01/05,1430,2844,2845,2838,2845,101,24797,0
2026/01/05,1435,2842,2847,2837,2840,112,24803,0
2026/01/05,1440,2842,2848,2837,2845,72,24800,0
2026/01/05,1445,2845,2849,2843,2848,73,24801,0
2026/01/05,1450,2849,2853,2846,2848,119,24820,0
2026/01/05,1455,2849,2851,2846,2850,100,24831,0
2026/01/05,1500,2854,2854,2847,2850,173,24861,0
2026/01/06,2105,2850,2854,2844,2846,385,24994,0
2026/01/06,2110,2846,2854,2846,2854,250,25056,0
2026/01/06,2115,2855,2855,2851,2852,234,25180,0
2026/01/06,2120,2852,2854,2850,2853,103,25206,0
2026/01/06,2125,2854,2857,2852,2855,124,25219,0
2026/01/06,2130,2854,2854,2843,2847,346,25182,0
2026/01/06,2135,2846,2850,2844,2848,127,25156,0
2026/01/06,2140,2848,2850,2842,2844,91,25168,0
2026/01/06,2145,2843,2846,2843,2844,137,25119,0
2026/01/06,2150,2845,2847,2845,2847,16,25118,0
2026/01/06,2155,2847,2848,2845,2846,50,25111,0
2026/01/06,2200,2847,2854,2847,2852,96,25134,0
2026/01/06,2205,2852,2863,2852,2855,155,25110,0
2026/01/06,2210,2855,2856,2850,2850,192,25067,0
2026/01/06,2215,2851,2852,2849,2850,59,25063,0
2026/01/06,2220,2850,2850,2845,2848,67,25079,0
2026/01/06,2225,2848,2848,2845,2847,61,25074,0
2026/01/06,2230,2847,2848,2846,2847,10,25077,0
2026/01/06,2235,2847,2850,2847,2848,29,25090,0
2026/01/06,2240,2848,2848,2845,2846,53,25104,0
2026/01/06,2245,2845,2848,2845,2847,21,25110,0
2026/01/06,2250,2847,2851,2847,2850,44,25114,0
2026/01/06,2255,2849,2852,2849,2850,26,25116,0
2026/01/06,2300,2851,2852,2850,2850,55,25151,0
2026/01/06,2305,2850,2854,2850,2851,30,25165,0
2026/01/06,2310,2851,2853,2851,2852,22,25164,0
2026/01/06,2315,2852,2854,2850,2854,25,25156,0
2026/01/06,2320,2855,2855,2853,2854,23,25151,0
2026/01/06,2325,2853,2854,2853,2853,14,25157,0
2026/01/06,2330,2855,2858,2855,2856,49,25161,0
2026/01/06,2335,2856,2857,2853,2855,21,25169,0
2026/01/06,2340,2856,2857,2853,2855,15,25181,0
2026/01/06,2345,2855,2855,2854,2855,18,25184,0
2026/01/06,2350,2855,2855,2853,2853,20,25180,0
2026/01/06,2355,2853,2853,2853,2853,10,25181,0
2026/01/06,0000,2853,2854,2853,2853,3,25179,0
2026/01/06,0005,2853,2853,2853,2853,4,25182,0
2026/01/06,0010,2853,2853,2853,2853,5,25179,0
2026/01/06,0015,2853,2854,2851,2851,21,25173,0
2026/01/06,0020,2851,2852,2851,2852,6,25168,0
2026/01/06,0025,2852,2852,2852,2852,3,25167,0
2026/01/06,0030,2853,2853,2852,2852,7,25165,0
2026/01/06,0035,2853,2853,2853,2853,3,25166,0
2026/01/06,0045,2854,2854,2854,2854,5,25164,0
2026/01/06,0050,2854,2854,2852,2852,9,25167,0
2026/01/06,0055,2852,2854,2851,2853,32,25165,0
2026/01/06,0100,2852,2853,2850,2850,26,25173,0
2026/01/06,0905,2852,2857,2848,2852,181,25203,0
2026/01/06,0910,2852,2855,2847,2848,140,25210,0
2026/01/06,0915,2847,2850,2845,2849,74,25235,0
2026/01/06,0920,2849,2866,2849,2861,160,25248,0
2026/01/06,0925,2861,2867,2859,2861,185,25285,0
2026/01/06,0930,2862,2863,2857,2859,59,25305,0
2026/01/06,0935,2860,2860,2852,2854,101,25326,0
2026/01/06,0940,2854,2865,2854,2862,60,25338,0
2026/01/06,0945,2861,2863,2859,2863,35,25347,0
2026/01/06,0950,2863,2867,2861,2862,138,25392,0
2026/01/06,0955,2862,2870,2862,2869,101,25417,0
2026/01/06,1000,2869,2883,2868,2879,1109,26116,0
2026/01/06,1005,2880,2883,2875,2883,446,26306,0
2026/01/06,1010,2883,2886,2879,2881,236,26367,0
2026/01/06,1015,2879,2882,2876,2880,156,26360,0
2026/01/06,1035,2882,2885,2879,2883,105,26374,0
2026/01/06,1040,2883,2884,2867,2867,262,26428,0
2026/01/06,1045,2866,2872,2864,2871,275,26323,0
2026/01/06,1050,2871,2875,2870,2872,78,26302,0
2026/01/06,1055,2874,2876,2872,2874,50,26287,0
2026/01/06,1100,2874,2877,2874,2877,61,26267,0
2026/01/06,1105,2878,2880,2876,2878,100,26243,0
2026/01/06,1110,2880,2890,2880,2890,395,26286,0
2026/01/06,1115,2891,2895,2888,2892,495,26357,0
2026/01/06,1120,2891,2893,2888,2890,161,26367,0
2026/01/06,1125,2889,2905,2885,2905,529,26387,0
2026/01/06,1130,2905,2906,2890,2892,257,26318,0
2026/01/06,1335,2893,2916,2893,2906,686,26311,0
2026/01/06,1340,2906,2910,2900,2900,256,26307,0
2026/01/06,1345,2900,2901,2892,2896,245,26347,0
2026/01/06,1350,2896,2900,2887,2893,543,26330,0
2026/01/06,1355,2892,2897,2889,2892,304,26391,0
2026/01/06,1400,2892,2893,2884,2885,249,26357,0
2026/01/06,1405,2885,2888,2881,2885,241,26402,0
2026/01/06,1410,2886,2891,2885,2889,86,26408,0
2026/01/06,1415,2890,2893,2888,2891,91,26422,0
2026/01/06,1420,2893,2895,2890,2893,110,26438,0
2026/01/06,1425,2892,2894,2890,2890,111,26425,0
2026/01/06,1430,2890,2896,2889,2896,65,26433,0
2026/01/06,1435,2897,2900,2896,2898,154,26471,0
2026/01/06,1440,2898,2900,2896,2897,86,26465,0
2026/01/06,1445,2897,2899,2892,2896,133,26516,0
2026/01/06,1450,2897,2900,2894,2898,191,26598,0
2026/01/06,1455,2898,2898,2892,2895,281,26763,0
2026/01/06,1500,2897,2897,2891,2891,157,26740,0
2026/01/07,2105,2901,2957,2900,2954,1572,27101,0
2026/01/07,2110,2955,3005,2954,2979,1921,27311,0
2026/01/07,2115,2979,3000,2978,2993,768,27413,0
2026/01/07,2120,2992,3008,2988,2996,1008,27512,0
2026/01/07,2125,2996,2999,2974,2975,696,27595,0
2026/01/07,2130,2975,2986,2967,2969,819,27847,0
2026/01/07,2135,2969,2980,2964,2967,483,27927,0
2026/01/07,2140,2967,2974,2966,2967,280,27983,0
2026/01/07,2145,2966,2975,2963,2975,366,28126,0
2026/01/07,2150,2976,2979,2973,2976,294,28187,0
2026/01/07,2155,2977,2987,2977,2983,414,28390,0
2026/01/07,2200,2984,2986,2978,2984,370,28422,0
2026/01/07,2205,2985,2994,2984,2994,237,28442,0
2026/01/07,2210,2994,2999,2991,2996,166,28419,0
2026/01/07,2215,2998,3000,2984,2990,549,28429,0
2026/01/07,2220,2992,2998,2987,2994,228,28461,0
2026/01/07,2225,2994,3009,2993,3007,417,28352,0
2026/01/07,2230,3007,3028,3002,3026,977,28417,0
2026/01/07,2235,3023,3030,3015,3018,488,28337,0
2026/01/07,2240,3018,3022,3012,3014,563,28442,0
2026/01/07,2245,3014,3018,3011,3016,114,28430,0
2026/01/07,2250,3016,3016,3005,3005,431,28525,0
2026/01/07,2255,3006,3009,2996,3006,356,28500,0
2026/01/07,2300,3006,3010,2999,3008,156,28510,0
2026/01/07,2305,3007,3007,2997,3002,117,28541,0
2026/01/07,2310,3003,3007,3001,3006,47,28544,0
2026/01/07,2315,3006,3008,3004,3006,113,28598,0
2026/01/07,2320,3005,3007,3002,3003,86,28590,0
2026/01/07,2325,3004,3007,3004,3006,13,28587,0
2026/01/07,2330,3006,3008,3005,3006,38,28598,0
2026/01/07,2335,3006,3008,2997,3000,116,28633,0
2026/01/07,2340,2999,3003,2996,3000,95,28604,0
2026/01/07,2345,3001,3002,3000,3000,5,28604,0
2026/01/07,2350,3002,3004,3002,3002,35,28614,0
2026/01/07,2355,3003,3004,3002,3002,21,28607,0
2026/01/07,0000,3003,3007,3003,3005,23,28593,0
2026/01/07,0005,3006,3006,3002,3002,30,28579,0
2026/01/07,0010,3002,3002,3001,3002,18,28581,0
2026/01/07,0015,3002,3002,3002,3002,1,28581,0
2026/01/07,0020,3003,3003,3002,3002,3,28580,0
2026/01/07,0025,3003,3006,3003,3004,10,28576,0
2026/01/07,0030,3005,3008,3005,3007,18,28577,0
2026/01/07,0035,3007,3012,3007,3012,59,28576,0
2026/01/07,0040,3011,3013,3010,3013,54,28584,0
2026/01/07,0045,3013,3013,3009,3011,24,28587,0
2026/01/07,0050,3007,3008,3006,3008,38,28585,0
2026/01/07,0055,3007,3007,3002,3002,33,28597,0
2026/01/07,0100,3000,3003,2991,2992,147,28615,0
2026/01/07,0905,3005,3012,2995,2996,777,28991,0
2026/01/07,0910,2996,2996,2972,2982,1152,29003,0
2026/01/07,0915,2982,2984,2969,2975,1045,29063,0
2026/01/07,0920,2975,2981,2967,2972,549,29070,0
2026/01/07,0925,2972,2982,2966,2978,362,29126,0
2026/01/07,0930,2980,2982,2971,2971,153,29164,0
2026/01/07,0935,2973,2977,2964,2965,235,29206,0
2026/01/07,0940,2965,2965,2948,2962,694,29439,0
2026/01/07,0945,2964,2977,2963,2972,1034,29983,0
2026/01/07,0950,2972,2983,2968,2968,307,30054,0
2026/01/07,0955,2968,2968,2958,2962,254,30179,0
2026/01/07,1000,2960,2964,2951,2954,303,30279,0
2026/01/07,1005,2955,2958,2942,2948,599,30517,0
2026/01/07,1010,2947,2960,2944,2957,437,30541,0
2026/01/07,1015,2958,2963,2956,2961,258,30606,0
2026/01/07,1035,2961,2965,2956,2958,235,30702,0
2026/01/07,1040,2959,2965,2959,2964,74,30716,0
2026/01/07,1045,2963,2965,2960,2961,146,30668,0
2026/01/07,1050,2962,2969,2958,2963,134,30681,0
2026/01/07,1055,2961,2968,2961,2968,120,30709,0
2026/01/07,1100,2967,2967,2961,2966,68,30725,0
2026/01/07,1105,2966,2967,2963,2966,95,30759,0
2026/01/07,1110,2966,2970,2963,2967,244,30810,0
2026/01/07,1115,2966,2971,2964,2971,180,30795,0
2026/01/07,1120,2972,2989,2972,2986,291,30779,0
2026/01/07,1125,2986,2995,2980,2989,311,30685,0
2026/01/07,1130,2988,2993,2982,2983,142,30670,0
2026/01/07,1335,2983,2984,2960,2960,523,30615,0
2026/01/07,1340,2962,2972,2961,2970,155,30647,0
2026/01/07,1345,2970,2972,2956,2958,281,30723,0
2026/01/07,1350,2958,2962,2953,2960,319,30811,0
2026/01/07,1355,2961,2970,2961,2968,165,30850,0
2026/01/07,1400,2969,2973,2967,2972,202,30826,0
2026/01/07,1405,2972,2986,2972,2986,399,30825,0
2026/01/07,1410,2987,2999,2986,2994,642,30849,0
2026/01/07,1415,2994,2996,2986,2992,266,30827,0
2026/01/07,1420,2994,3008,2994,3008,675,30743,0
2026/01/07,1425,3009,3050,3008,3031,1734,30660,0
2026/01/07,1430,3030,3040,3018,3028,704,30659,0
2026/01/07,1435,3028,3032,3003,3011,588,30575,0
2026/01/07,1440,3014,3018,3002,3016,608,30560,0
2026/01/07,1445,3015,3015,3000,3002,534,30423,0
2026/01/07,1450,3003,3013,2996,3010,472,30450,0
2026/01/07,1455,3009,3015,3005,3014,276,30371,0
2026/01/07,1500,3009,3022,3009,3012,506,30200,0
2026/01/08,2105,3012,3024,3003,3008,941,30335,0
2026/01/08,2110,3009,3010,2974,2985,997,30496,0
2026/01/08,2115,2982,2985,2972,2975,731,30697,0
2026/01/08,2120,2972,2992,2972,2983,407,30792,0
2026/01/08,2125,2981,2986,2976,2978,330,30910,0
2026/01/08,2130,2979,2983,2976,2978,186,30971,0
2026/01/08,2135,2978,2991,2977,2989,193,30996,0
2026/01/08,2140,2989,2992,2985,2991,661,31387,0
2026/01/08,2145,2992,2999,2984,2984,501,31634,0
2026/01/08,2150,2985,2992,2983,2989,140,31634,0
2026/01/08,2155,2990,2990,2983,2987,186,31625,0
2026/01/08,2200,2987,2993,2987,2993,93,31624,0
2026/01/08,2205,2993,2994,2990,2991,91,31625,0
2026/01/08,2210,2990,2996,2988,2993,93,31640,0
2026/01/08,2215,2992,2997,2991,2995,152,31670,0
2026/01/08,2220,2995,2997,2988,2988,219,31715,0
2026/01/08,2225,2988,2990,2982,2983,175,31775,0
2026/01/08,2230,2983,2991,2982,2986,135,31780,0
2026/01/08,2235,2985,2989,2984,2985,214,31849,0
2026/01/08,2240,2987,2989,2977,2983,401,31914,0
2026/01/08,2245,2983,2983,2974,2979,303,31983,0
2026/01/08,2250,2979,2980,2965,2971,821,32214,0
2026/01/08,2255,2970,2975,2963,2971,371,32392,0
2026/01/08,2300,2970,2975,2959,2965,477,32560,0
2026/01/08,2305,2962,2970,2962,2968,260,32617,0
2026/01/08,2310,2968,2971,2964,2964,100,32628,0
2026/01/08,2315,2966,2967,2961,2963,82,32645,0
2026/01/08,2320,2963,2966,2960,2961,134,32675,0
2026/01/08,2325,2960,2964,2960,2962,116,32686,0
2026/01/08,2330,2962,2969,2961,2968,114,32711,0
2026/01/08,2335,2968,2968,2966,2967,28,32707,0
2026/01/08,2340,2966,2969,2964,2969,64,32721,0
2026/01/08,2345,2968,2968,2966,2968,26,32726,0
2026/01/08,2350,2968,2972,2968,2970,33,32736,0
2026/01/08,2355,2972,2972,2967,2967,16,32740,0
2026/01/08,0000,2967,2969,2967,2968,46,32746,0
2026/01/08,0005,2969,2969,2965,2968,45,32767,0
2026/01/08,0010,2968,2968,2967,2967,5,32765,0
2026/01/08,0015,2967,2967,2966,2966,4,32763,0
2026/01/08,0020,2966,2967,2964,2964,10,32761,0
2026/01/08,0025,2964,2967,2964,2966,25,32766,0
2026/01/08,0030,2967,2969,2966,2969,15,32764,0
2026/01/08,0035,2968,2969,2968,2969,5,32761,0
2026/01/08,0040,2968,2968,2966,2967,19,32756,0
2026/01/08,0045,2965,2969,2965,2969,7,32750,0
2026/01/08,0050,2969,2973,2969,2973,42,32745,0
2026/01/08,0055,2973,2974,2973,2974,40,32765,0
2026/01/08,0100,2972,2974,2970,2970,47,32770,0
2026/01/08,0905,2970,2982,2962,2978,854,33323,0
2026/01/08,0910,2977,2983,2972,2983,525,33399,0
2026/01/08,0915,2982,2984,2975,2982,290,33486,0
2026/01/08,0920,2983,2991,2980,2991,308,33531,0
2026/01/08,0925,2991,2995,2985,2987,386,33641,0
2026/01/08,0930,2986,2987,2978,2987,166,33688,0
2026/01/08,0935,2984,2996,2984,2991,230,33748,0
2026/01/08,0940,2993,2995,2989,2991,175,33769,0
2026/01/08,0945,2991,2995,2989,2992,132,33782,0
2026/01/08,0950,2991,2993,2986,2991,106,33797,0
2026/01/08,0955,2991,2991,2987,2988,88,33807,0
2026/01/08,1000,2988,2991,2988,2989,87,33794,0
2026/01/08,1005,2988,2993,2983,2983,156,33814,0
2026/01/08,1010,2983,2986,2978,2984,201,33793,0
2026/01/08,1015,2985,2993,2984,2987,96,33790,0
2026/01/08,1035,2990,2990,2969,2972,436,33870,0
2026/01/08,1040,2970,2975,2961,2963,387,33934,0
2026/01/08,1045,2964,2970,2962,2966,405,33984,0
2026/01/08,1050,2966,2972,2963,2964,188,34038,0
2026/01/08,1055,2964,2974,2964,2970,134,34051,0
2026/01/08,1100,2969,2972,2966,2969,69,34070,0
2026/01/08,1105,2971,2971,2940,2946,1450,34667,0
2026/01/08,1110,2947,2951,2935,2950,996,34949,0
2026/01/08,1115,2950,2950,2929,2939,767,35112,0
2026/01/08,1120,2940,2943,2926,2939,824,35168,0
2026/01/08,1125,2937,2945,2933,2943,222,35140,0
2026/01/08,1130,2944,2950,2943,2943,126,35138,0
2026/01/08,1335,2943,2943,2913,2921,1340,35273,0
2026/01/08,1340,2921,2936,2919,2932,298,35334,0
2026/01/08,1345,2931,2933,2907,2910,989,35424,0
2026/01/08,1350,2911,2920,2909,2917,350,35373,0
2026/01/08,1355,2917,2918,2905,2915,599,35203,0
2026/01/08,1400,2915,2933,2915,2929,307,35171,0
2026/01/08,1405,2928,2934,2923,2923,222,35218,0
2026/01/08,1410,2923,2923,2913,2913,401,35148,0
2026/01/08,1415,2912,2917,2908,2916,253,35150,0
2026/01/08,1420,2916,2923,2913,2921,151,35156,0
2026/01/08,1425,2920,2927,2918,2924,275,35199,0
2026/01/08,1430,2925,2936,2923,2935,294,35230,0
2026/01/08,1435,2935,2940,2931,2935,355,35219,0
2026/01/08,1440,2936,2948,2936,2941,471,35250,0
2026/01/08,1445,2941,2945,2933,2937,368,35291,0
2026/01/08,1450,2937,2946,2935,2942,166,35255,0
2026/01/08,1455,2942,2946,2937,2941,158,35264,0
2026/01/08,1500,2942,2942,2938,2941,103,35214,0
2026/01/09,2105,2942,2942,2922,2929,427,35285,0
2026/01/09,2110,2928,2939,2928,2934,170,35317,0
2026/01/09,2115,2932,2936,2925,2927,257,35375,0
2026/01/09,2120,2928,2934,2928,2933,161,35404,0
2026/01/09,2125,2932,2932,2916,2918,380,35466,0
2026/01/09,2130,2918,2922,2913,2915,204,35487,0
2026/01/09,2135,2916,2923,2915,2923,166,35460,0
2026/01/09,2140,2924,2929,2923,2926,125,35484,0
2026/01/09,2145,2925,2926,2918,2920,200,35466,0
2026/01/09,2150,2920,2920,2890,2892,1075,35759,0
2026/01/09,2155,2892,2893,2885,2890,752,35793,0
2026/01/09,2200,2890,2893,2888,2892,398,35842,0
2026/01/09,2205,2891,2892,2876,2880,764,35839,0
2026/01/09,2210,2881,2888,2880,2885,337,35866,0
2026/01/09,2215,2885,2887,2878,2881,389,35933,0
2026/01/09,2220,2881,2882,2874,2877,366,35900,0
2026/01/09,2225,2877,2879,2862,2874,635,35918,0
2026/01/09,2230,2874,2882,2872,2873,313,35898,0
2026/01/09,2235,2872,2875,2863,2874,440,35927,0
2026/01/09,2240,2873,2881,2872,2880,278,36028,0
2026/01/09,2245,2878,2881,2870,2870,249,36095,0
2026/01/09,2250,2870,2884,2870,2883,188,36114,0
2026/01/09,2255,2884,2885,2879,2880,224,36227,0
2026/01/09,2300,2881,2884,2876,2878,128,36246,0
2026/01/09,2305,2877,2881,2877,2881,60,36250,0
2026/01/09,2310,2880,2885,2880,2885,173,36234,0
2026/01/09,2315,2884,2888,2883,2885,58,36227,0
2026/01/09,2320,2885,2887,2882,2884,119,36220,0
2026/01/09,2325,2885,2887,2884,2884,47,36236,0
2026/01/09,2330,2884,2888,2883,2886,37,36240,0
2026/01/09,2335,2886,2889,2886,2888,33,36234,0
2026/01/09,2340,2888,2889,2884,2888,29,36231,0
2026/01/09,2345,2887,2891,2887,2888,60,36241,0
2026/01/09,2350,2888,2888,2885,2886,21,36234,0
2026/01/09,2355,2887,2888,2886,2886,4,36233,0
2026/01/09,0000,2885,2888,2885,2887,33,36237,0
2026/01/09,0005,2887,2889,2887,2888,29,36233,0
2026/01/09,0010,2888,2888,2888,2888,8,36239,0
2026/01/09,0015,2888,2888,2885,2887,8,36241,0
2026/01/09,0020,2887,2889,2887,2889,3,36240,0
2026/01/09,0025,2889,2889,2889,2889,1,36240,0
2026/01/09,0030,2888,2888,2887,2887,19,36251,0
2026/01/09,0035,2887,2888,2887,2888,12,36240,0
2026/01/09,0040,2889,2891,2888,2890,11,36234,0
2026/01/09,0045,2889,2890,2886,2886,17,36240,0
2026/01/09,0050,2886,2886,2883,2883,20,36226,0
2026/01/09,0055,2884,2885,2882,2882,14,36220,0
2026/01/09,0100,2882,2883,2880,2881,62,36223,0
2026/01/09,0905,2882,2894,2882,2891,982,36844,0
2026/01/09,0910,2891,2893,2884,2886,228,36862,0
2026/01/09,0915,2884,2890,2883,2888,92,36854,0
2026/01/09,0920,2889,2891,2883,2885,105,36888,0
2026/01/09,0925,2885,2888,2883,2886,54,36890,0
2026/01/09,0930,2888,2894,2888,2890,95,36907,0
2026/01/09,0935,2889,2891,2884,2887,321,36818,0
2026/01/09,0940,2888,2888,2878,2882,135,36835,0
2026/01/09,0945,2881,2892,2880,2892,87,36832,0
2026/01/09,0950,2892,2895,2888,2891,93,36823,0
2026/01/09,0955,2891,2895,2889,2893,82,36823,0
2026/01/09,1000,2893,2900,2893,2897,299,36901,0
2026/01/09,1005,2896,2904,2895,2904,190,36922,0
2026/01/09,1010,2904,2911,2902,2909,434,37062,0
2026/01/09,1015,2908,2913,2906,2912,217,37064,0
2026/01/09,1035,2912,2927,2912,2922,647,37022,0
2026/01/09,1040,2922,2925,2915,2920,215,36999,0
2026/01/09,1045,2921,2922,2916,2922,119,37017,0
2026/01/09,1050,2921,2925,2917,2922,167,37024,0
2026/01/09,1055,2922,2922,2914,2914,257,37020,0
2026/01/09,1100,2915,2929,2915,2924,240,37036,0
2026/01/09,1105,2924,2924,2909,2912,317,37045,0
2026/01/09,1110,2912,2912,2906,2906,360,37055,0
2026/01/09,1115,2906,2909,2903,2903,262,37079,0
2026/01/09,1120,2904,2908,2901,2905,403,37043,0
2026/01/09,1125,2907,2911,2905,2909,70,37044,0
2026/01/09,1130,2909,2911,2906,2910,59,37065,0
2026/01/09,1335,2910,2918,2910,2918,268,37144,0
2026/01/09,1340,2918,2920,2913,2915,75,37155,0
2026/01/09,1345,2917,2918,2910,2910,93,37163,0
2026/01/09,1350,2912,2918,2912,2913,67,37172,0
2026/01/09,1355,2914,2917,2913,2914,68,37180,0
2026/01/09,1400,2913,2918,2911,2917,71,37195,0
2026/01/09,1405,2917,2923,2917,2920,120,37217,0
2026/01/09,1410,2918,2920,2915,2917,107,37191,0
2026/01/09,1415,2916,2922,2914,2918,102,37191,0
2026/01/09,1420,2919,2920,2914,2916,90,37191,0
2026/01/09,1425,2917,2918,2915,2916,78,37204,0
2026/01/09,1430,2917,2925,2917,2923,149,37176,0
2026/01/09,1435,2923,2924,2919,2923,84,37181,0
2026/01/09,1440,2924,2924,2920,2921,71,37178,0
2026/01/09,1445,2921,2922,2918,2922,68,37190,0
2026/01/09,1450,2921,2931,2921,2926,210,37166,0
2026/01/09,1455,2925,2925,2922,2923,119,37140,0
2026/01/09,1500,2925,2926,2921,2921,145,37145,0
2026/01/12,2105,2915,2930,2905,2924,738,37170,0
2026/01/12,2110,2924,2933,2921,2930,268,37214,0
2026/01/12,2115,2931,2936,2918,2919,278,37244,0
2026/01/12,2120,2919,2923,2910,2913,373,37246,0
2026/01/12,2125,2912,2913,2905,2910,283,37285,0
2026/01/12,2130,2909,2917,2905,2914,216,37297,0
2026/01/12,2135,2913,2921,2908,2920,269,37336,0
2026/01/12,2140,2918,2919,2903,2907,363,37418,0
2026/01/12,2145,2906,2912,2903,2910,162,37424,0
2026/01/12,2150,2909,2914,2909,2911,84,37413,0
2026/01/12,2155,2911,2911,2903,2903,96,37450,0
2026/01/12,2200,2903,2907,2902,2903,211,37495,0
2026/01/12,2205,2902,2910,2902,2908,117,37504,0
2026/01/12,2210,2907,2910,2903,2908,71,37516,0
2026/01/12,2215,2908,2908,2904,2908,85,37516,0
2026/01/12,2220,2907,2912,2907,2912,96,37528,0
2026/01/12,2225,2912,2914,2911,2913,48,37514,0
2026/01/12,2230,2913,2914,2911,2912,94,37536,0
2026/01/12,2235,2912,2913,2909,2910,70,37521,0
2026/01/12,2240,2910,2920,2910,2918,124,37508,0
2026/01/12,2245,2917,2918,2914,2918,207,37565,0
2026/01/12,2250,2918,2920,2916,2918,101,37525,0
2026/01/12,2255,2920,2921,2917,2919,83,37505,0
2026/01/12,2300,2919,2920,2914,2917,176,37602,0
2026/01/12,2305,2918,2921,2916,2916,55,37615,0
2026/01/12,2310,2915,2917,2914,2916,48,37591,0
2026/01/12,2315,2916,2918,2916,2918,19,37593,0
2026/01/12,2320,2917,2918,2916,2918,11,37593,0
2026/01/12,2325,2918,2920,2917,2919,24,37589,0
2026/01/12,2330,2918,2920,2917,2920,10,37591,0
2026/01/12,2335,2919,2922,2919,2921,61,37621,0
2026/01/12,2340,2921,2924,2920,2921,43,37623,0
2026/01/12,2345,2920,2921,2918,2920,39,37631,0
2026/01/12,2350,2918,2918,2913,2914,68,37638,0
2026/01/12,2355,2915,2916,2914,2914,13,37646,0
2026/01/12,0000,2914,2915,2914,2915,9,37642,0
2026/01/12,0005,2914,2914,2913,2913,16,37644,0
2026/01/12,0010,2912,2913,2912,2913,10,37645,0
2026/01/12,0015,2913,2913,2909,2911,43,37662,0
2026/01/12,0020,2912,2912,2912,2912,3,37665,0
2026/01/12,0025,2912,2912,2912,2912,2,37666,0
2026/01/12,0030,2911,2912,2911,2912,7,37672,0
2026/01/12,0035,2911,2912,2911,2912,8,37673,0
2026/01/12,0040,2913,2914,2913,2914,9,37671,0
2026/01/12,0045,2915,2915,2913,2913,20,37666,0
2026/01/12,0050,2912,2912,2912,2912,5,37668,0
2026/01/12,0055,2912,2915,2912,2915,7,37665,0
2026/01/12,0100,2913,2915,2912,2914,27,37651,0
2026/01/12,0905,2917,2945,2917,2939,1080,37780,0
2026/01/12,0910,2939,2941,2920,2926,741,37794,0
2026/01/12,0915,2927,2927,2915,2924,503,37792,0
2026/01/12,0920,2924,2934,2923,2933,226,37816,0
2026/01/12,0925,2932,2937,2927,2933,178,37804,0
2026/01/12,0930,2932,2934,2927,2932,100,37807,0
2026/01/12,0935,2931,2932,2923,2924,213,37835,0
2026/01/12,0940,2923,2923,2906,2908,483,37949,0
2026/01/12,0945,2909,2910,2892,2899,894,38154,0
2026/01/12,0950,2901,2908,2901,2903,187,38255,0
2026/01/12,0955,2903,2911,2901,2909,88,38256,0
2026/01/12,1000,2909,2913,2907,2911,120,38274,0
2026/01/12,1005,2908,2912,2897,2899,290,38392,0
2026/01/12,1010,2901,2905,2900,2905,110,38371,0
2026/01/12,1015,2905,2910,2905,2908,113,38367,0
2026/01/12,1035,2906,2906,2896,2902,270,38457,0
2026/01/12,1040,2903,2904,2896,2903,294,38399,0
2026/01/12,1045,2904,2907,2904,2907,76,38386,0
2026/01/12,1050,2906,2909,2903,2904,76,38378,0
2026/01/12,1055,2905,2906,2902,2903,52,38387,0
2026/01/12,1100,2902,2909,2902,2908,69,38405,0
2026/01/12,1105,2909,2909,2901,2903,49,38406,0
2026/01/12,1110,2903,2909,2902,2909,50,38388,0
2026/01/12,1115,2907,2911,2907,2909,78,38365,0
2026/01/12,1120,2910,2920,2910,2919,133,38344,0
2026/01/12,1125,2919,2927,2917,2924,196,38277,0
2026/01/12,1130,2924,2927,2919,2927,129,38230,0
2026/01/12,1335,2924,2930,2921,2928,543,38291,0
2026/01/12,1340,2927,2928,2922,2925,393,38218,0
2026/01/12,1345,2924,2928,2923,2926,142,38204,0
2026/01/12,1350,2926,2927,2919,2922,196,38267,0
2026/01/12,1355,2921,2923,2918,2922,362,38443,0
2026/01/12,1400,2922,2924,2920,2923,180,38469,0
2026/01/12,1405,2923,2923,2918,2921,258,38477,0
2026/01/12,1410,2921,2923,2916,2920,154,38401,0
2026/01/12,1415,2920,2922,2915,2922,101,38390,0
2026/01/12,1420,2922,2925,2919,2923,92,38349,0
2026/01/12,1425,2924,2933,2924,2933,164,38375,0
2026/01/12,1430,2933,2935,2930,2935,168,38331,0
2026/01/12,1435,2935,2935,2926,2929,162,38295,0
2026/01/12,1440,2929,2929,2923,2928,89,38283,0
2026/01/12,1445,2929,2938,2927,2935,269,38234,0
2026/01/12,1450,2933,2935,2931,2932,145,38192,0
2026/01/12,1455,2933,2937,2932,2937,94,38163,0
2026/01/12,1500,2936,2942,2933,2939,376,38017,0
2026/01/13,2105,2938,2951,2914,2916,1070,38050,0
2026/01/13,2110,2915,2920,2909,2915,476,38103,0
2026/01/13,2115,2915,2925,2915,2919,349,38155,0
2026/01/13,2120,2919,2924,2918,2920,174,38226,0
2026/01/13,2125,2921,2927,2918,2923,122,38225,0
2026/01/13,2130,2922,2922,2915,2918,104,38269,0
2026/01/13,2135,2916,2920,2914,2917,150,38318,0
2026/01/13,2140,2917,2919,2914,2919,82,38334,0
2026/01/13,2145,2919,2920,2905,2908,460,38509,0
2026/01/13,2150,2907,2916,2907,2910,246,38593,0
2026/01/13,2155,2910,2915,2907,2915,291,38661,0
2026/01/13,2200,2916,2917,2910,2911,89,38701,0
2026/01/13,2205,2911,2912,2880,2882,1161,38979,0
2026/01/13,2210,2882,2892,2882,2889,661,39025,0
2026/01/13,2215,2888,2895,2885,2887,494,39090,0
2026/01/13,2220,2887,2890,2883,2887,235,39086,0
2026/01/13,2225,2888,2892,2884,2891,283,38975,0
2026/01/13,2230,2891,2892,2880,2889,346,38948,0
2026/01/13,2235,2887,2898,2886,2895,175,38963,0
2026/01/13,2240,2896,2896,2891,2895,88,38966,0
2026/01/13,2245,2895,2896,2891,2893,71,38989,0
2026/01/13,2250,2892,2893,2885,2892,204,38963,0
2026/01/13,2255,2892,2894,2890,2893,39,38948,0
2026/01/13,2300,2893,2895,2892,2894,82,38999,0
2026/01/13,2305,2894,2899,2894,2896,78,38998,0
2026/01/13,2310,2894,2895,2893,2893,25,38992,0
2026/01/13,2315,2894,2895,2893,2894,18,38994,0
2026/01/13,2320,2895,2895,2892,2893,52,38968,0
2026/01/13,2325,2891,2894,2890,2894,26,38954,0
2026/01/13,2330,2895,2896,2892,2894,43,38939,0
2026/01/13,2335,2896,2898,2896,2896,30,38943,0
2026/01/13,2340,2896,2897,2896,2897,9,38942,0
2026/01/13,2345,2896,2897,2895,2897,24,38945,0
2026/01/13,2350,2897,2897,2896,2896,29,38962,0
2026/01/13,2355,2896,2896,2895,2895,4,38961,0
2026/01/13,0000,2895,2896,2895,2896,4,38961,0
2026/01/13,0005,2896,2897,2896,2896,9,38956,0
2026/01/13,0010,2897,2898,2896,2897,39,38937,0
2026/01/13,0015,2897,2897,2895,2897,12,38932,0
2026/01/13,0020,2898,2898,2897,2898,26,38920,0
2026/01/13,0025,2897,2898,2897,2897,10,38919,0
2026/01/13,0030,2896,2898,2896,2898,6,38915,0
2026/01/13,0035,2899,2902,2899,2900,89,38895,0
2026/01/13,0040,2901,2901,2901,2901,1,38895,0
2026/01/13,0045,2900,2900,2898,2900,14,38890,0
2026/01/13,0050,2900,2900,2899,2899,10,38892,0
2026/01/13,0055,2901,2901,2900,2900,4,38888,0
2026/01/13,0100,2896,2902,2896,2902,51,38855,0
2026/01/13,0905,2895,2903,2891,2895,352,38865,0
2026/01/13,0910,2895,2902,2892,2901,172,38863,0
2026/01/13,0915,2901,2909,2901,2906,178,38854,0
2026/01/13,0920,2906,2910,2900,2903,194,38897,0
2026/01/13,0925,2903,2905,2900,2904,72,38889,0
2026/01/13,0930,2904,2904,2900,2902,167,39006,0
2026/01/13,0935,2901,2902,2891,2891,165,39031,0
2026/01/13,0940,2891,2898,2889,2897,253,39096,0
2026/01/13,0945,2898,2898,2893,2895,81,39098,0
2026/01/13,0950,2895,2897,2892,2895,24,39099,0
2026/01/13,0955,2896,2897,2893,2893,56,39119,0
2026/01/13,1000,2895,2899,2894,2897,33,39124,0
2026/01/13,1005,2898,2902,2897,2902,76,39121,0
2026/01/13,1010,2902,2907,2898,2907,46,39123,0
2026/01/13,1015,2907,2907,2901,2903,64,39114,0
2026/01/13,1035,2902,2905,2900,2902,75,39107,0
2026/01/13,1040,2901,2901,2898,2899,64,39105,0
2026/01/13,1045,2900,2905,2900,2904,64,39104,0
2026/01/13,1050,2902,2904,2901,2902,57,39104,0
2026/01/13,1055,2902,2910,2901,2908,93,39099,0
2026/01/13,1100,2909,2910,2906,2908,176,39164,0
2026/01/13,1105,2908,2912,2908,2908,105,39167,0
2026/01/13,1110,2908,2915,2908,2910,287,39187,0
2026/01/13,1115,2909,2909,2901,2901,116,39201,0
2026/01/13,1120,2901,2905,2899,2901,144,39238,0
2026/01/13,1125,2903,2908,2902,2904,119,39296,0
2026/01/13,1130,2904,2904,2886,2886,330,39377,0
2026/01/13,1335,2887,2887,2866,2877,1635,39564,0
2026/01/13,1340,2877,2877,2863,2871,928,39690,0
2026/01/13,1345,2871,2875,2868,2874,604,39744,0
2026/01/13,1350,2874,2876,2866,2868,420,39783,0
2026/01/13,1355,2868,2871,2866,2869,342,39803,0
2026/01/13,1400,2870,2874,2846,2846,946,40000,0
2026/01/13,1405,2846,2852,2837,2852,1002,39948,0
2026/01/13,1410,2852,2855,2847,2854,445,39941,0
2026/01/13,1415,2854,2855,2849,2852,189,39913,0
2026/01/13,1420,2852,2856,2851,2856,277,39990,0
2026/01/13,1425,2856,2864,2855,2863,335,39934,0
2026/01/13,1430,2863,2864,2855,2858,137,39922,0
2026/01/13,1435,2858,2861,2854,2855,241,39995,0
2026/01/13,1440,2853,2855,2846,2853,252,40003,0
2026/01/13,1445,2853,2855,2848,2854,397,39976,0
2026/01/13,1450,2853,2858,2852,2856,179,39959,0
2026/01/13,1455,2856,2865,2856,2863,668,40017,0
2026/01/13,1500,2865,2867,2857,2861,216,39998,0
2026/01/14,2105,2866,2880,2854,2868,730,40006,0
2026/01/14,2110,2868,2872,2864,2870,282,39997,0
2026/01/14,2115,2871,2872,2865,2868,174,40034,0
2026/01/14,2120,2869,2873,2866,2871,103,40034,0
2026/01/14,2125,2871,2871,2863,2866,164,40082,0
2026/01/14,2130,2865,2865,2859,2860,176,40089,0
2026/01/14,2135,2861,2868,2861,2865,120,40058,0
2026/01/14,2140,2866,2867,2854,2861,392,40003,0
2026/01/14,2145,2862,2867,2859,2865,121,39981,0
2026/01/14,2150,2866,2868,2862,2862,73,39983,0
2026/01/14,2155,2861,2865,2859,2864,65,39977,0
2026/01/14,2200,2864,2865,2859,2859,66,39985,0
2026/01/14,2205,2858,2866,2856,2866,79,39983,0
2026/01/14,2210,2865,2869,2863,2865,90,39983,0
2026/01/14,2215,2865,2865,2862,2862,38,39983,0
2026/01/14,2220,2863,2865,2859,2864,121,39968,0
2026/01/14,2225,2865,2869,2863,2865,66,39974,0
2026/01/14,2230,2866,2868,2865,2867,40,39947,0
2026/01/14,2235,2867,2867,2862,2867,50,39936,0
2026/01/14,2240,2867,2869,2866,2866,36,39941,0
2026/01/14,2245,2867,2869,2867,2868,41,39941,0
2026/01/14,2250,2868,2870,2866,2870,69,39938,0
2026/01/14,2255,2869,2870,2867,2867,45,39946,0
2026/01/14,2300,2868,2869,2864,2867,42,39949,0
2026/01/14,2305,2866,2867,2864,2867,23,39944,0
2026/01/14,2310,2867,2868,2867,2868,44,39950,0
2026/01/14,2315,2866,2867,2866,2867,10,39945,0
2026/01/14,2320,2866,2866,2863,2865,27,39937,0
2026/01/14,2325,2865,2865,2862,2862,15,39942,0
2026/01/14,2330,2863,2866,2863,2865,23,39938,0
2026/01/14,2335,2865,2866,2864,2866,6,39936,0
2026/01/14,2340,2864,2865,2864,2865,10,39942,0
2026/01/14,2345,2866,2866,2865,2865,10,39935,0
2026/01/14,2355,2865,2865,2864,2864,15,39931,0
2026/01/14,0000,2865,2866,2865,2866,3,39930,0
2026/01/14,0005,2866,2866,2866,2866,2,39930,0
2026/01/14,0010,2866,2866,2865,2865,3,39929,0
2026/01/14,0015,2866,2866,2865,2865,16,39932,0
2026/01/14,0020,2866,2866,2866,2866,3,39932,0
2026/01/14,0025,2867,2868,2864,2865,44,39945,0
2026/01/14,0030,2865,2866,2864,2866,9,39941,0
2026/01/14,0035,2866,2867,2866,2866,5,39943,0
2026/01/14,0040,2865,2865,2865,2865,3,39941,0
2026/01/14,0045,2865,2865,2865,2865,3,39941,0
2026/01/14,0050,2866,2866,2866,2866,1,39942,0
2026/01/14,0100,2869,2869,2865,2865,57,39910,0
2026/01/14,0905,2870,2873,2864,2867,193,39941,0
2026/01/14,0910,2866,2867,2862,2864,97,39951,0
2026/01/14,0915,2864,2870,2864,2870,218,39837,0
2026/01/14,0920,2870,2879,2870,2875,266,39827,0
2026/01/14,0925,2876,2876,2868,2869,158,39846,0
2026/01/14,0930,2871,2874,2867,2869,78,39839,0
2026/01/14,0935,2870,2872,2868,2872,89,39857,0
2026/01/14,0940,2871,2880,2871,2877,169,39819,0
2026/01/14,0945,2877,2877,2873,2874,113,39799,0
2026/01/14,0950,2873,2874,2870,2873,94,39816,0
2026/01/14,0955,2873,2875,2872,2873,32,39814,0
2026/01/14,1000,2872,2873,2869,2871,74,39805,0
2026/01/14,1005,2869,2874,2868,2870,293,39761,0
2026/01/14,1010,2871,2878,2871,2873,136,39740,0
2026/01/14,1015,2875,2879,2873,2874,200,39743,0
2026/01/14,1035,2873,2878,2867,2868,271,39737,0
2026/01/14,1040,2868,2873,2867,2873,78,39723,0
2026/01/14,1045,2873,2876,2872,2873,52,39719,0
2026/01/14,1050,2873,2877,2871,2875,34,39717,0
2026/01/14,1055,2877,2880,2875,2876,160,39714,0
2026/01/14,1100,2876,2878,2874,2874,58,39721,0
2026/01/14,1105,2873,2878,2873,2876,30,39713,0
2026/01/14,1110,2876,2878,2875,2876,48,39715,0
2026/01/14,1115,2876,2881,2874,2879,268,39849,0
2026/01/14,1120,2878,2881,2876,2880,157,39931,0
2026/01/14,1125,2880,2892,2880,2889,326,39887,0
2026/01/14,1130,2887,2887,2875,2878,172,39830,0
2026/01/14,1335,2874,2874,2864,2869,589,39989,0
2026/01/14,1340,2869,2874,2867,2872,100,39995,0
2026/01/14,1345,2872,2872,2864,2869,162,40011,0
2026/01/14,1350,2868,2869,2865,2865,100,40003,0
2026/01/14,1355,2865,2866,2857,2857,369,40027,0
2026/01/14,1400,2858,2858,2848,2856,670,39912,0
2026/01/14,1405,2856,2871,2856,2871,295,39793,0
2026/01/14,1410,2871,2903,2871,2887,1614,39575,0
2026/01/14,1415,2888,2896,2887,2891,412,39537,0
2026/01/14,1420,2892,2893,2881,2882,321,39547,0
2026/01/14,1425,2881,2884,2879,2884,114,39519,0
2026/01/14,1430,2884,2888,2883,2883,161,39609,0
2026/01/14,1435,2882,2887,2876,2877,217,39611,0
2026/01/14,1440,2876,2882,2875,2880,190,39552,0
2026/01/14,1445,2880,2886,2878,2879,166,39525,0
2026/01/14,1450,2879,2880,2876,2878,114,39540,0
2026/01/14,1455,2878,2882,2877,2878,125,39542,0
2026/01/14,1500,2879,2883,2878,2880,146,39563,0
2026/01/15,2105,2888,2893,2869,2869,730,39639,0
2026/01/15,2110,2868,2870,2859,2868,389,39636,0
2026/01/15,2115,2866,2871,2862,2862,241,39700,0
2026/01/15,2120,2861,2866,2861,2864,358,39802,0
2026/01/15,2125,2865,2866,2861,2861,166,39879,0
2026/01/15,2130,2863,2863,2852,2859,547,39963,0
2026/01/15,2135,2858,2858,2849,2851,457,40103,0
2026/01/15,2140,2852,2860,2850,2860,195,40164,0
2026/01/15,2145,2860,2861,2855,2857,145,40232,0
2026/01/15,2150,2856,2856,2852,2855,189,40232,0
2026/01/15,2155,2854,2858,2852,2855,74,40250,0
2026/01/15,2200,2855,2859,2854,2857,325,40340,0
2026/01/15,2205,2857,2864,2857,2862,177,40356,0
2026/01/15,2210,2861,2864,2859,2864,158,40356,0
2026/01/15,2215,2863,2863,2859,2860,79,40342,0
2026/01/15,2220,2862,2864,2860,2861,140,40411,0
2026/01/15,2225,2863,2867,2863,2865,187,40488,0
2026/01/15,2230,2865,2865,2861,2865,105,40454,0
2026/01/15,2235,2864,2866,2861,2864,63,40458,0
2026/01/15,2240,2865,2865,2861,2863,59,40464,0
2026/01/15,2245,2862,2864,2858,2862,42,40462,0
2026/01/15,2250,2861,2863,2860,2860,42,40460,0
2026/01/15,2255,2861,2862,2860,2861,25,40460,0
2026/01/15,2300,2860,2862,2859,2862,80,40449,0
2026/01/15,2305,2860,2860,2855,2855,59,40445,0
2026/01/15,2310,2855,2856,2852,2853,68,40464,0
2026/01/15,2315,2853,2857,2853,2857,38,40456,0
2026/01/15,2320,2858,2858,2857,2857,11,40457,0
2026/01/15,2325,2857,2858,2857,2857,11,40454,0
2026/01/15,2330,2857,2857,2856,2856,16,40455,0
2026/01/15,2335,2855,2857,2855,2856,6,40453,0
2026/01/15,2340,2856,2856,2856,2856,4,40454,0
2026/01/15,2345,2857,2858,2856,2857,40,40451,0
2026/01/15,2350,2857,2863,2857,2863,15,40444,0
2026/01/15,2355,2863,2863,2859,2859,19,40443,0
2026/01/15,0000,2861,2862,2861,2862,6,40443,0
2026/01/15,0005,2861,2862,2860,2862,6,40443,0
2026/01/15,0010,2860,2861,2859,2859,10,40439,0
2026/01/15,0015,2859,2860,2859,2859,18,40436,0
2026/01/15,0020,2858,2862,2858,2862,22,40432,0
2026/01/15,0025,2861,2861,2861,2861,2,40430,0
2026/01/15,0030,2862,2862,2862,2862,4,40431,0
2026/01/15,0035,2863,2863,2860,2860,3,40431,0
2026/01/15,0040,2859,2860,2859,2860,9,40423,0
2026/01/15,0045,2860,2860,2860,2860,2,40422,0
2026/01/15,0050,2861,2862,2861,2862,10,40425,0
2026/01/15,0055,2862,2863,2861,2862,9,40422,0
2026/01/15,0100,2861,2864,2860,2864,29,40408,0
2026/01/15,0905,2860,2865,2857,2861,391,40427,0
2026/01/15,0910,2861,2861,2857,2861,68,40398,0
2026/01/15,0915,2861,2862,2858,2858,134,40364,0
2026/01/15,0920,2859,2865,2859,2860,112,40353,0
2026/01/15,0925,2861,2864,2859,2859,63,40348,0
2026/01/15,0930,2858,2858,2853,2857,229,40329,0
2026/01/15,0935,2854,2869,2851,2867,239,40349,0
2026/01/15,0940,2867,2869,2858,2858,155,40293,0
2026/01/15,0945,2858,2864,2858,2861,42,40293,0
2026/01/15,0950,2862,2863,2858,2860,90,40287,0
2026/01/15,0955,2861,2866,2858,2865,135,40252,0
2026/01/15,1000,2864,2877,2862,2871,250,40172,0
2026/01/15,1005,2872,2884,2871,2883,618,40150,0
2026/01/15,1010,2883,2885,2876,2878,253,40089,0
2026/01/15,1015,2877,2885,2874,2883,358,40058,0
2026/01/15,1035,2883,2883,2875,2876,145,40026,0
2026/01/15,1040,2877,2877,2874,2875,81,40017,0
2026/01/15,1045,2875,2875,2867,2868,109,39989,0
2026/01/15,1050,2870,2871,2867,2871,240,40137,0
2026/01/15,1055,2871,2871,2865,2867,253,40141,0
2026/01/15,1100,2868,2873,2867,2872,190,40191,0
2026/01/15,1105,2873,2877,2867,2876,248,40184,0
2026/01/15,1110,2875,2881,2874,2878,176,40256,0
2026/01/15,1115,2877,2877,2866,2866,134,40302,0
2026/01/15,1120,2866,2870,2862,2863,253,40370,0
2026/01/15,1125,2862,2864,2849,2851,739,40488,0
2026/01/15,1130,2851,2852,2836,2842,826,40556,0
2026/01/15,1335,2845,2848,2837,2842,656,40584,0
2026/01/15,1340,2841,2845,2838,2840,332,40656,0
2026/01/15,1345,2841,2845,2839,2844,111,40660,0
2026/01/15,1350,2844,2850,2840,2844,199,40663,0
2026/01/15,1355,2846,2852,2845,2850,98,40644,0
2026/01/15,1400,2850,2851,2838,2840,153,40689,0
2026/01/15,1405,2840,2848,2838,2847,100,40715,0
2026/01/15,1410,2847,2852,2847,2848,135,40687,0
2026/01/15,1415,2850,2851,2848,2849,103,40717,0
2026/01/15,1420,2848,2851,2848,2850,55,40736,0
2026/01/15,1425,2849,2852,2848,2852,37,40731,0
2026/01/15,1430,2851,2856,2850,2855,85,40690,0
2026/01/15,1435,2854,2854,2849,2852,37,40681,0
2026/01/15,1440,2852,2860,2851,2860,91,40653,0
2026/01/15,1445,2859,2872,2859,2871,918,40339,0
2026/01/15,1450,2871,2871,2865,2867,312,40314,0
2026/01/15,1455,2867,2870,2865,2868,80,40285,0
2026/01/15,1500,2869,2869,2866,2867,83,40275,0
2026/01/16,2105,2859,2886,2859,2866,914,40281,0
2026/01/16,2110,2868,2870,2861,2865,337,40271,0
2026/01/16,2115,2864,2864,2854,2858,452,40315,0
2026/01/16,2120,2859,2861,2844,2845,425,40364,0
2026/01/16,2125,2844,2850,2841,2846,492,40343,0
2026/01/16,2130,2846,2846,2830,2835,898,40510,0
2026/01/16,2135,2835,2841,2823,2823,586,40511,0
2026/01/16,2140,2823,2828,2813,2819,1267,40446,0
2026/01/16,2145,2819,2830,2818,2828,479,40416,0
2026/01/16,2150,2827,2832,2823,2832,509,40463,0
2026/01/16,2155,2832,2833,2829,2830,116,40453,0
2026/01/16,2200,2830,2830,2826,2828,178,40440,0
2026/01/16,2205,2827,2830,2827,2828,88,40452,0
2026/01/16,2210,2828,2833,2826,2833,99,40452,0
2026/01/16,2215,2831,2834,2829,2833,402,40372,0
2026/01/16,2220,2833,2835,2830,2834,380,40280,0
2026/01/16,2225,2834,2835,2831,2831,164,40288,0
2026/01/16,2230,2832,2838,2832,2833,107,40241,0
2026/01/16,2235,2833,2836,2832,2832,151,40241,0
2026/01/16,2240,2831,2832,2821,2822,148,40276,0
2026/01/16,2245,2822,2827,2822,2823,85,40265,0
2026/01/16,2250,2822,2826,2822,2826,82,40273,0
2026/01/16,2255,2826,2829,2825,2827,90,40277,0
2026/01/16,2300,2826,2829,2825,2827,64,40265,0
2026/01/16,2305,2826,2830,2826,2828,58,40270,0
2026/01/16,2310,2828,2828,2827,2827,49,40264,0
2026/01/16,2315,2827,2828,2826,2827,35,40264,0
2026/01/16,2320,2827,2829,2827,2829,24,40267,0
2026/01/16,2325,2830,2830,2828,2829,17,40256,0
2026/01/16,2330,2827,2829,2827,2829,5,40256,0
2026/01/16,2335,2828,2829,2827,2827,18,40257,0
2026/01/16,2340,2826,2828,2825,2826,36,40244,0
2026/01/16,2345,2826,2827,2826,2827,21,40254,0
2026/01/16,2350,2826,2828,2826,2827,19,40261,0
2026/01/16,2355,2826,2828,2826,2828,12,40266,0
2026/01/16,0005,2827,2827,2827,2827,20,40274,0
2026/01/16,0010,2826,2827,2826,2826,11,40282,0
2026/01/16,0015,2826,2828,2826,2828,13,40286,0
2026/01/16,0020,2827,2827,2826,2826,13,40289,0
2026/01/16,0025,2826,2827,2825,2826,31,40312,0
2026/01/16,0030,2827,2828,2825,2825,9,40314,0
2026/01/16,0035,2824,2824,2824,2824,5,40313,0
2026/01/16,0040,2827,2828,2827,2828,2,40313,0
2026/01/16,0045,2828,2828,2828,2828,1,40313,0
2026/01/16,0050,2828,2828,2826,2827,10,40308,0
2026/01/16,0055,2826,2829,2826,2829,12,40306,0
2026/01/16,0100,2826,2831,2826,2831,44,40298,0
2026/01/16,0905,2831,2839,2824,2838,453,40302,0
2026/01/16,0910,2837,2841,2835,2841,255,40249,0
2026/01/16,0915,2841,2843,2837,2839,147,40268,0
2026/01/16,0920,2840,2848,2839,2845,373,40282,0
2026/01/16,0925,2845,2850,2845,2848,216,40284,0
2026/01/16,0930,2847,2854,2847,2852,152,40278,0
2026/01/16,0935,2853,2858,2848,2855,316,40236,0
2026/01/16,0940,2856,2863,2854,2860,162,40229,0
2026/01/16,0945,2861,2861,2852,2853,233,40261,0
2026/01/16,0950,2853,2874,2853,2869,760,40435,0
2026/01/16,0955,2870,2875,2863,2875,461,40350,0
2026/01/16,1000,2875,2877,2863,2870,437,40357,0
2026/01/16,1005,2870,2873,2864,2864,458,40521,0
2026/01/16,1010,2864,2871,2858,2868,446,40558,0
2026/01/16,1015,2867,2870,2865,2866,60,40554,0
2026/01/16,1035,2863,2870,2856,2861,363,40613,0
2026/01/16,1040,2860,2865,2854,2863,413,40595,0
2026/01/16,1045,2863,2863,2857,2863,194,40645,0
2026/01/16,1050,2865,2871,2862,2862,458,40750,0
2026/01/16,1055,2863,2867,2862,2867,427,40710,0
2026/01/16,1100,2868,2871,2863,2864,240,40711,0
2026/01/16,1105,2865,2868,2862,2862,106,40704,0
2026/01/16,1110,2863,2865,2858,2858,254,40830,0
2026/01/16,1115,2859,2861,2851,2857,202,40787,0
2026/01/16,1120,2855,2860,2855,2859,139,40757,0
2026/01/16,1125,2860,2860,2848,2853,127,40798,0
2026/01/16,1130,2854,2856,2850,2853,58,40801,0
2026/01/16,1335,2854,2861,2852,2854,106,40818,0
2026/01/16,1340,2854,2857,2853,2857,103,40769,0
2026/01/16,1345,2856,2861,2854,2855,124,40792,0
2026/01/16,1350,2856,2856,2851,2852,122,40804,0
2026/01/16,1355,2853,2853,2844,2844,108,40827,0
2026/01/16,1400,2844,2849,2843,2846,112,40844,0
2026/01/16,1405,2846,2846,2830,2836,439,40920,0
2026/01/16,1410,2836,2836,2822,2830,575,41030,0
2026/01/16,1415,2831,2834,2825,2831,196,41068,0
2026/01/16,1420,2830,2835,2826,2829,150,41084,0
2026/01/16,1425,2830,2836,2829,2836,160,41049,0
2026/01/16,1430,2836,2836,2834,2836,223,41014,0
2026/01/16,1435,2834,2837,2830,2831,413,40985,0
2026/01/16,1440,2832,2835,2831,2832,103,41003,0
2026/01/16,1445,2833,2833,2826,2828,133,41041,0
2026/01/16,1450,2827,2830,2825,2825,159,41070,0
2026/01/16,1455,2825,2829,2825,2828,326,41040,0
2026/01/16,1500,2829,2833,2828,2832,134,41036,0
2026/01/19,2105,2840,2840,2809,2827,718,41037,0
2026/01/19,2110,2825,2831,2824,2829,225,41040,0
2026/01/19,2115,2830,2834,2828,2833,188,41017,0
2026/01/19,2120,2834,2835,2826,2832,284,41212,0
2026/01/19,2125,2833,2833,2826,2830,76,41235,0
2026/01/19,2130,2828,2830,2825,2830,162,41261,0
2026/01/19,2135,2827,2844,2826,2838,296,41269,0
2026/01/19,2140,2839,2841,2834,2834,160,41235,0
2026/01/19,2145,2834,2837,2832,2836,447,41409,0
2026/01/19,2150,2835,2837,2834,2836,84,41432,0
2026/01/19,2155,2836,2838,2833,2835,220,41528,0
2026/01/19,2200,2834,2837,2834,2837,169,41510,0
2026/01/19,2205,2837,2840,2835,2840,278,41616,0
2026/01/19,2210,2840,2847,2837,2845,351,41619,0
2026/01/19,2215,2845,2850,2844,2845,250,41576,0
2026/01/19,2220,2845,2848,2842,2846,279,41718,0
2026/01/19,2225,2845,2849,2844,2845,172,41752,0
2026/01/19,2230,2845,2848,2844,2847,57,41721,0
2026/01/19,2235,2846,2847,2843,2846,81,41671,0
2026/01/19,2240,2847,2848,2843,2844,112,41615,0
2026/01/19,2245,2844,2844,2839,2840,107,41592,0
2026/01/19,2250,2839,2842,2836,2840,93,41545,0
2026/01/19,2255,2838,2841,2836,2840,61,41526,0
2026/01/19,2300,2841,2841,2839,2841,23,41522,0
2026/01/19,2305,2840,2840,2839,2840,11,41521,0
2026/01/19,2310,2841,2842,2840,2841,47,41504,0
2026/01/19,2315,2840,2844,2839,2843,20,41497,0
2026/01/19,2320,2843,2843,2840,2840,13,41492,0
2026/01/19,2325,2839,2841,2839,2840,11,41493,0
2026/01/19,2330,2839,2841,2838,2840,45,41469,0
2026/01/19,2335,2838,2840,2837,2840,25,41463,0
2026/01/19,2340,2839,2839,2838,2839,14,41459,0
2026/01/19,2345,2837,2839,2837,2837,7,41462,0
2026/01/19,2350,2837,2840,2837,2840,11,41457,0
2026/01/19,2355,2839,2839,2836,2838,22,41448,0
2026/01/19,0000,2840,2841,2839,2840,7,41444,0
2026/01/19,0005,2841,2841,2840,2840,7,41441,0
2026/01/19,0010,2840,2841,2839,2841,5,41441,0
2026/01/19,0015,2839,2841,2839,2840,10,41436,0
2026/01/19,0020,2841,2841,2841,2841,6,41438,0
2026/01/19,0025,2841,2843,2841,2843,27,41458,0
2026/01/19,0030,2842,2845,2842,2844,12,41454,0
2026/01/19,0035,2844,2844,2843,2843,8,41450,0
2026/01/19,0040,2842,2842,2842,2842,5,41451,0
2026/01/19,0045,2843,2844,2843,2843,22,41430,0
2026/01/19,0050,2842,2843,2842,2843,10,41425,0
2026/01/19,0055,2842,2844,2842,2842,27,41408,0
2026/01/19,0100,2842,2844,2833,2844,187,41358,0
2026/01/19,0905,2846,2847,2830,2833,480,41454,0
2026/01/19,0910,2833,2837,2828,2836,191,41477,0
2026/01/19,0915,2836,2837,2831,2835,108,41485,0
2026/01/19,0920,2834,2841,2833,2841,103,41488,0
2026/01/19,0925,2840,2847,2836,2836,134,41480,0
2026/01/19,0930,2836,2837,2832,2836,69,41479,0
2026/01/19,0935,2834,2838,2832,2838,122,41507,0
2026/01/19,0940,2839,2840,2834,2837,294,41479,0
2026/01/19,0945,2837,2841,2836,2839,83,41506,0
2026/01/19,0950,2838,2839,2834,2834,29,41513,0
2026/01/19,0955,2835,2837,2834,2836,35,41510,0
2026/01/19,1000,2835,2835,2827,2828,294,41688,0
2026/01/19,1005,2828,2830,2824,2825,270,41718,0
2026/01/19,1010,2826,2829,2826,2829,92,41719,0
2026/01/19,1015,2828,2835,2828,2835,237,41846,0
2026/01/19,1035,2834,2834,2829,2830,74,41833,0
2026/01/19,1040,2829,2831,2827,2830,53,41854,0
2026/01/19,1045,2830,2831,2828,2830,55,41863,0
2026/01/19,1050,2828,2831,2827,2831,140,41915,0
2026/01/19,1055,2829,2829,2824,2825,113,41904,0
2026/01/19,1100,2826,2827,2818,2821,178,41937,0
2026/01/19,1105,2820,2823,2816,2822,201,41886,0
2026/01/19,1110,2822,2823,2818,2821,146,41911,0
2026/01/19,1115,2819,2821,2818,2819,89,41928,0
2026/01/19,1120,2819,2824,2819,2824,103,41983,0
2026/01/19,1125,2825,2826,2821,2821,89,41981,0
2026/01/19,1130,2821,2821,2812,2815,185,41979,0
2026/01/19,1335,2816,2819,2815,2817,138,42024,0
2026/01/19,1340,2816,2818,2815,2815,67,42040,0
2026/01/19,1345,2814,2816,2812,2814,184,42040,0
2026/01/19,1350,2814,2814,2809,2813,203,42053,0
2026/01/19,1355,2813,2813,2810,2813,116,42075,0
2026/01/19,1400,2813,2815,2812,2813,136,42083,0
2026/01/19,1405,2811,2815,2809,2814,298,42209,0
2026/01/19,1410,2813,2814,2812,2813,73,42211,0
2026/01/19,1415,2814,2814,2810,2813,66,42226,0
2026/01/19,1420,2812,2813,2811,2812,57,42228,0
2026/01/19,1425,2813,2817,2811,2815,154,42256,0
2026/01/19,1430,2815,2819,2815,2818,264,42278,0
2026/01/19,1435,2817,2820,2817,2818,142,42259,0
2026/01/19,1440,2819,2820,2817,2819,168,42224,0
2026/01/19,1445,2819,2819,2816,2818,65,42208,0
2026/01/19,1450,2817,2818,2812,2813,205,42168,0
2026/01/19,1455,2812,2815,2810,2810,92,42172,0
2026/01/19,1500,2812,2814,2807,2809,217,42121,0
2026/01/20,2105,2807,2807,2791,2798,1117,42370,0
2026/01/20,2110,2798,2804,2794,2803,231,42391,0
2026/01/20,2115,2803,2805,2796,2798,337,42553,0
2026/01/20,2120,2796,2797,2792,2792,254,42513,0
2026/01/20,2125,2792,2795,2774,2776,1155,42697,0
2026/01/20,2130,2775,2780,2768,2771,820,42808,0
2026/01/20,2135,2771,2781,2771,2777,332,42786,0
2026/01/20,2140,2777,2779,2772,2774,189,42843,0
2026/01/20,2145,2772,2777,2767,2768,306,42919,0
2026/01/20,2150,2768,2772,2767,2770,281,42988,0
2026/01/20,2155,2769,2773,2767,2768,147,43026,0
2026/01/20,2200,2768,2772,2764,2770,399,43113,0
2026/01/20,2205,2770,2772,2769,2771,109,43143,0
2026/01/20,2210,2770,2773,2765,2765,119,43179,0
2026/01/20,2215,2765,2769,2764,2769,197,43149,0
2026/01/20,2220,2768,2777,2768,2775,151,43136,0
2026/01/20,2225,2775,2776,2772,2774,92,43140,0
2026/01/20,2230,2773,2775,2770,2770,48,43156,0
2026/01/20,2235,2770,2773,2769,2771,47,43137,0
2026/01/20,2240,2771,2772,2770,2771,28,43131,0
2026/01/20,2245,2770,2771,2767,2767,108,43159,0
2026/01/20,2250,2767,2770,2767,2768,97,43141,0
2026/01/20,2255,2768,2772,2768,2770,24,43137,0
2026/01/20,2300,2770,2773,2769,2770,73,43149,0
2026/01/20,2305,2770,2776,2770,2774,125,43159,0
2026/01/20,2310,2774,2776,2773,2774,36,43160,0
2026/01/20,2315,2773,2774,2772,2774,35,43156,0
2026/01/20,2320,2772,2775,2772,2772,51,43173,0
2026/01/20,2325,2772,2774,2772,2773,16,43169,0
2026/01/20,2330,2773,2773,2772,2772,6,43166,0
2026/01/20,2335,2772,2773,2772,2773,10,43165,0
2026/01/20,2340,2772,2774,2772,2774,11,43167,0
2026/01/20,2345,2774,2774,2772,2772,32,43164,0
2026/01/20,2350,2772,2774,2772,2772,15,43167,0
2026/01/20,2355,2774,2774,2773,2773,6,43163,0
2026/01/20,0000,2774,2774,2772,2774,17,43157,0
2026/01/20,0005,2774,2774,2771,2771,4,43157,0
2026/01/20,0010,2772,2773,2771,2772,5,43155,0
2026/01/20,0015,2773,2773,2773,2773,2,43154,0
2026/01/20,0020,2773,2773,2773,2773,2,43153,0
2026/01/20,0025,2771,2772,2771,2772,5,43152,0
2026/01/20,0030,2773,2773,2773,2773,7,43149,0
2026/01/20,0035,2771,2772,2771,2772,7,43146,0
2026/01/20,0040,2773,2773,2771,2771,5,43145,0
2026/01/20,0045,2772,2772,2772,2772,1,43145,0
2026/01/20,0050,2772,2772,2771,2772,8,43150,0
2026/01/20,0055,2772,2772,2771,2772,4,43149,0
2026/01/20,0100,2772,2774,2770,2770,41,43131,0
2026/01/20,0905,2774,2775,2768,2775,194,43176,0
2026/01/20,0910,2775,2777,2773,2774,75,43179,0
2026/01/20,0915,2775,2775,2770,2772,97,43203,0
2026/01/20,0920,2773,2775,2772,2774,31,43195,0
2026/01/20,0925,2775,2778,2774,2777,59,43195,0
2026/01/20,0930,2777,2782,2777,2780,208,43185,0
2026/01/20,0935,2779,2780,2776,2777,59,43204,0
2026/01/20,0940,2776,2777,2772,2774,86,43228,0
2026/01/20,0945,2774,2775,2769,2769,98,43295,0
2026/01/20,0950,2769,2769,2758,2766,556,43394,0
2026/01/20,0955,2765,2766,2761,2763,167,43459,0
2026/01/20,1000,2763,2763,2755,2756,241,43466,0
2026/01/20,1005,2756,2760,2755,2756,141,43511,0
2026/01/20,1010,2754,2756,2751,2756,499,43666,0
2026/01/20,1015,2757,2757,2748,2751,456,43925,0
2026/01/20,1035,2751,2756,2750,2751,365,43896,0
2026/01/20,1040,2752,2754,2748,2754,102,43926,0
2026/01/20,1045,2754,2761,2753,2758,144,43924,0
2026/01/20,1050,2759,2764,2759,2763,118,43925,0
2026/01/20,1055,2762,2767,2762,2764,96,43947,0
2026/01/20,1100,2764,2764,2760,2760,85,43961,0
2026/01/20,1105,2760,2760,2758,2758,57,43982,0
2026/01/20,1110,2758,2760,2756,2760,98,43978,0
2026/01/20,1115,2759,2762,2759,2762,71,44018,0
2026/01/20,1120,2763,2764,2761,2763,28,44029,0
2026/01/20,1125,2763,2766,2762,2763,95,44061,0
2026/01/20,1130,2763,2765,2761,2763,50,44066,0
2026/01/20,1335,2762,2768,2762,2766,101,44072,0
2026/01/20,1340,2765,2765,2753,2757,341,44064,0
2026/01/20,1345,2757,2762,2754,2760,247,44238,0
2026/01/20,1350,2760,2762,2758,2759,241,44403,0
2026/01/20,1355,2759,2761,2758,2760,191,44546,0
2026/01/20,1400,2760,2763,2759,2761,187,44597,0
2026/01/20,1405,2761,2762,2760,2762,200,44752,0
2026/01/20,1410,2763,2773,2762,2773,294,44833,0
2026/01/20,1415,2772,2772,2766,2768,277,44956,0
2026/01/20,1420,2767,2771,2765,2767,248,45100,0
2026/01/20,1425,2768,2770,2766,2766,221,45240,0
2026/01/20,1430,2765,2766,2763,2763,123,45287,0
2026/01/20,1435,2764,2765,2761,2762,138,45326,0
2026/01/20,1440,2762,2766,2759,2760,107,45377,0
2026/01/20,1445,2761,2761,2757,2758,171,45426,0
2026/01/20,1450,2757,2759,2754,2757,165,45481,0
2026/01/20,1455,2757,2758,2752,2755,366,45572,0
2026/01/20,1500,2755,2756,2750,2755,383,45699,0
2026/01/21,2105,2761,2769,2752,2755,542,45661,0
2026/01/21,2110,2755,2757,2751,2754,187,45717,0
2026/01/21,2115,2752,2757,2751,2754,186,45792,0
2026/01/21,2120,2755,2756,2747,2752,362,45860,0
2026/01/21,2125,2752,2756,2751,2754,161,45914,0
2026/01/21,2130,2754,2758,2752,2755,151,45956,0
2026/01/21,2135,2758,2759,2755,2756,144,45974,0
2026/01/21,2140,2757,2759,2755,2756,89,45974,0
2026/01/21,2145,2756,2758,2756,2758,24,45967,0
2026/01/21,2150,2756,2757,2752,2756,73,45987,0
2026/01/21,2155,2755,2755,2752,2752,120,45988,0
2026/01/21,2200,2753,2754,2752,2753,82,46009,0
2026/01/21,2205,2754,2759,2753,2756,150,46055,0
2026/01/21,2210,2756,2757,2752,2753,32,46052,0
2026/01/21,2215,2753,2753,2750,2751,184,46078,0
2026/01/21,2220,2751,2752,2747,2751,182,46066,0
2026/01/21,2225,2750,2754,2749,2749,71,46069,0
2026/01/21,2230,2750,2753,2748,2753,44,46075,0
2026/01/21,2235,2753,2756,2752,2753,63,46066,0
2026/01/21,2240,2752,2756,2752,2755,25,46064,0
2026/01/21,2245,2756,2756,2754,2755,46,46073,0
2026/01/21,2250,2754,2755,2751,2751,83,46081,0
2026/01/21,2255,2751,2753,2751,2753,26,46086,0
2026/01/21,2300,2754,2754,2752,2754,14,46084,0
2026/01/21,2305,2754,2755,2754,2754,22,46079,0
2026/01/21,2310,2753,2754,2753,2754,9,46084,0
2026/01/21,2315,2754,2754,2753,2754,12,46088,0
2026/01/21,2320,2754,2755,2752,2752,13,46088,0
2026/01/21,2325,2752,2753,2750,2750,44,46092,0
2026/01/21,2330,2750,2751,2748,2751,49,46099,0
2026/01/21,2335,2750,2752,2750,2751,30,46092,0
2026/01/21,2340,2751,2751,2750,2750,7,46093,0
2026/01/21,2345,2752,2752,2751,2752,9,46095,0
2026/01/21,2350,2752,2752,2751,2751,10,46094,0
2026/01/21,2355,2752,2752,2752,2752,7,46098,0
2026/01/21,0000,2751,2752,2751,2751,12,46098,0
2026/01/21,0005,2752,2752,2752,2752,1,46098,0
2026/01/21,0010,2751,2754,2751,2754,18,46097,0
2026/01/21,0015,2753,2754,2753,2754,9,46101,0
2026/01/21,0020,2753,2753,2753,2753,6,46101,0
2026/01/21,0025,2753,2753,2753,2753,1,46100,0
2026/01/21,0030,2754,2754,2752,2754,15,46097,0
2026/01/21,0035,2754,2754,2753,2753,2,46097,0
2026/01/21,0040,2755,2755,2753,2753,8,46091,0
2026/01/21,0050,2752,2752,2752,2752,2,46091,0
2026/01/21,0055,2753,2754,2752,2754,12,46085,0
2026/01/21,0100,2753,2755,2751,2755,43,46075,0
2026/01/21,0905,2752,2752,2738,2744,761,46280,0
2026/01/21,0910,2744,2745,2734,2738,538,46336,0
2026/01/21,0915,2738,2741,2737,2740,128,46330,0
2026/01/21,0920,2739,2745,2739,2743,100,46340,0
2026/01/21,0925,2745,2752,2744,2751,176,46339,0
2026/01/21,0930,2750,2752,2748,2748,62,46327,0
2026/01/21,0935,2749,2749,2743,2744,619,46035,0
2026/01/21,0940,2744,2744,2740,2743,550,45665,0
2026/01/21,0945,2743,2745,2740,2745,344,45544,0
2026/01/21,0950,2745,2746,2743,2744,35,45543,0
2026/01/21,0955,2745,2747,2745,2745,14,45541,0
2026/01/21,1000,2747,2749,2745,2747,363,45714,0
2026/01/21,1005,2747,2747,2743,2745,77,45775,0
2026/01/21,1010,2747,2748,2745,2746,41,45791,0
2026/01/21,1015,2747,2751,2739,2743,1745,45513,0
2026/01/21,1035,2743,2743,2739,2741,738,45429,0
2026/01/21,1040,2742,2743,2739,2742,89,45424,0
2026/01/21,1045,2741,2750,2741,2746,286,45383,0
2026/01/21,1050,2746,2747,2744,2744,56,45381,0
2026/01/21,1055,2744,2746,2743,2744,35,45391,0
2026/01/21,1100,2744,2745,2743,2745,36,45391,0
2026/01/21,1105,2744,2745,2743,2743,39,45417,0
2026/01/21,1110,2743,2747,2742,2746,64,45450,0
2026/01/21,1115,2745,2747,2742,2743,54,45456,0
2026/01/21,1120,2742,2747,2742,2746,42,45461,0
2026/01/21,1125,2746,2749,2745,2749,96,45497,0
2026/01/21,1130,2749,2750,2745,2746,122,45517,0
2026/01/21,1335,2748,2754,2748,2752,246,45601,0
2026/01/21,1340,2752,2752,2749,2749,63,45635,0
2026/01/21,1345,2750,2755,2749,2755,146,45628,0
2026/01/21,1350,2753,2756,2749,2755,114,45658,0
2026/01/21,1355,2753,2758,2751,2754,179,45674,0
2026/01/21,1400,2753,2755,2753,2754,48,45652,0
2026/01/21,1405,2754,2754,2749,2749,127,45691,0
2026/01/21,1410,2750,2755,2749,2753,70,45702,0
2026/01/21,1415,2753,2765,2752,2760,394,45738,0
2026/01/21,1420,2759,2767,2758,2758,218,45761,0
2026/01/21,1425,2757,2760,2757,2757,46,45767,0
2026/01/21,1430,2758,2760,2755,2758,67,45785,0
2026/01/21,1435,2758,2760,2757,2760,114,45825,0
2026/01/21,1440,2759,2760,2755,2756,51,45825,0
2026/01/21,1445,2757,2759,2752,2752,98,45830,0
2026/01/21,1450,2751,2754,2751,2752,66,45829,0
2026/01/21,1455,2753,2756,2753,2754,55,45834,0
2026/01/21,1500,2754,2756,2753,2754,122,45873,0
2026/01/22,2105,2751,2764,2751,2755,351,45894,0
2026/01/22,2110,2754,2754,2746,2752,194,45951,0
2026/01/22,2115,2751,2758,2751,2755,337,46094,0
2026/01/22,2120,2755,2756,2753,2755,232,46173,0
2026/01/22,2125,2754,2756,2752,2753,112,46191,0
2026/01/22,2130,2754,2755,2750,2752,86,46224,0
2026/01/22,2135,2750,2753,2749,2753,72,46250,0
2026/01/22,2140,2754,2758,2754,2758,119,46279,0
2026/01/22,2145,2758,2760,2756,2757,222,46349,0
2026/01/22,2150,2759,2764,2758,2762,237,46382,0
2026/01/22,2155,2761,2767,2761,2762,201,46460,0
2026/01/22,2200,2762,2764,2759,2761,137,46545,0
2026/01/22,2205,2761,2762,2757,2757,88,46579,0
2026/01/22,2210,2757,2760,2756,2758,154,46626,0
2026/01/22,2215,2758,2759,2754,2754,213,46719,0
2026/01/22,2220,2754,2756,2754,2755,55,46717,0
2026/01/22,2225,2756,2758,2754,2757,82,46757,0
2026/01/22,2230,2757,2758,2754,2757,123,46800,0
2026/01/22,2235,2755,2757,2755,2756,92,46850,0
2026/01/22,2240,2756,2758,2756,2757,24,46860,0
2026/01/22,2245,2756,2757,2755,2755,50,46886,0
2026/01/22,2250,2756,2756,2754,2756,27,46893,0
2026/01/22,2255,2756,2756,2752,2753,55,46918,0
2026/01/22,2300,2754,2755,2753,2755,27,46932,0
2026/01/22,2305,2755,2755,2753,2755,32,46931,0
2026/01/22,2310,2755,2757,2754,2757,23,46943,0
2026/01/22,2315,2757,2759,2756,2759,60,46968,0
2026/01/22,2320,2759,2760,2757,2758,48,46987,0
2026/01/22,2325,2756,2759,2755,2757,77,47005,0
2026/01/22,2330,2756,2759,2756,2759,30,47019,0
2026/01/22,2335,2758,2758,2757,2758,10,47022,0
2026/01/22,2340,2758,2759,2758,2759,8,47024,0
2026/01/22,2345,2759,2759,2757,2758,16,47030,0
2026/01/22,2350,2758,2761,2756,2757,136,47079,0
2026/01/22,2355,2758,2759,2757,2759,12,47083,0
2026/01/22,0000,2759,2760,2759,2760,29,47088,0
2026/01/22,0005,2759,2760,2759,2759,30,47103,0
2026/01/22,0010,2759,2759,2759,2759,1,47103,0
2026/01/22,0015,2758,2758,2758,2758,5,47101,0
2026/01/22,0020,2758,2758,2758,2758,4,47101,0
2026/01/22,0025,2758,2760,2758,2760,18,47111,0
2026/01/22,0030,2759,2759,2759,2759,12,47123,0
2026/01/22,0035,2759,2759,2758,2759,20,47133,0
2026/01/22,0040,2757,2758,2757,2758,15,47143,0
2026/01/22,0045,2759,2759,2758,2759,16,47148,0
2026/01/22,0050,2760,2760,2759,2759,3,47150,0
2026/01/22,0055,2760,2761,2758,2759,53,47181,0
2026/01/22,0100,2758,2760,2757,2759,62,47193,0
2026/01/22,0905,2760,2765,2753,2756,580,47287,0
2026/01/22,0910,2757,2764,2756,2760,282,47380,0
2026/01/22,0915,2760,2766,2760,2764,121,47408,0
2026/01/22,0920,2764,2773,2764,2769,545,47453,0
2026/01/22,0925,2770,2780,2770,2777,712,47303,0
2026/01/22,0930,2778,2792,2778,2787,950,47536,0
2026/01/22,0935,2787,2796,2783,2784,764,47729,0
2026/01/22,0940,2784,2786,2779,2786,307,47769,0
2026/01/22,0945,2788,2788,2778,2781,169,47769,0
2026/01/22,0950,2782,2782,2778,2779,95,47784,0
2026/01/22,0955,2779,2781,2777,2779,131,47819,0
2026/01/22,1000,2778,2780,2776,2777,74,47836,0
2026/01/22,1005,2778,2783,2778,2780,108,47886,0
2026/01/22,1010,2779,2779,2772,2775,224,47917,0
2026/01/22,1015,2775,2778,2774,2776,70,47914,0
2026/01/22,1035,2776,2776,2772,2776,113,47948,0
2026/01/22,1040,2774,2775,2769,2769,189,47953,0
2026/01/22,1045,2771,2775,2769,2774,95,47959,0
2026/01/22,1050,2774,2777,2773,2775,160,47961,0
2026/01/22,1055,2775,2784,2774,2784,140,47976,0
2026/01/22,1100,2781,2783,2780,2783,158,48036,0
2026/01/22,1105,2783,2795,2783,2794,487,47885,0
2026/01/22,1110,2792,2804,2790,2800,1021,47941,0
2026/01/22,1115,2800,2806,2797,2804,536,47880,0
2026/01/22,1120,2804,2806,2794,2798,1286,48471,0
2026/01/22,1125,2799,2801,2793,2795,192,48476,0
2026/01/22,1130,2795,2797,2793,2793,114,48479,0
2026/01/22,1335,2793,2793,2785,2788,403,48541,0
2026/01/22,1340,2787,2792,2787,2790,152,48562,0
2026/01/22,1345,2791,2794,2786,2794,93,48546,0
2026/01/22,1350,2794,2797,2791,2792,156,48592,0
2026/01/22,1355,2793,2796,2791,2792,87,48638,0
2026/01/22,1400,2793,2795,2791,2792,77,48640,0
2026/01/22,1405,2794,2794,2791,2792,35,48649,0
2026/01/22,1410,2791,2793,2791,2792,54,48648,0
2026/01/22,1415,2792,2794,2788,2792,71,48643,0
2026/01/22,1420,2793,2796,2791,2793,58,48651,0
2026/01/22,1425,2793,2794,2789,2789,76,48683,0
2026/01/22,1430,2789,2791,2787,2790,68,48670,0
2026/01/22,1435,2791,2795,2790,2794,135,48727,0
2026/01/22,1440,2795,2795,2792,2793,51,48747,0
2026/01/22,1445,2793,2799,2793,2799,151,48776,0
2026/01/22,1450,2799,2799,2796,2798,155,48707,0
2026/01/22,1455,2797,2798,2793,2794,120,48737,0
2026/01/22,1500,2793,2798,2792,2798,159,48687,0
2026/01/23,2105,2791,2806,2790,2806,487,48717,0
2026/01/23,2110,2804,2805,2799,2802,279,48858,0
2026/01/23,2115,2803,2803,2793,2793,206,48867,0
2026/01/23,2120,2794,2798,2793,2795,88,48876,0
2026/01/23,2125,2794,2796,2790,2794,379,48833,0
2026/01/23,2130,2793,2799,2793,2799,74,48815,0
2026/01/23,2135,2799,2804,2798,2804,108,48830,0
2026/01/23,2140,2803,2805,2800,2802,115,48874,0
2026/01/23,2145,2802,2802,2799,2800,79,48896,0
2026/01/23,2150,2800,2803,2800,2800,89,48886,0
2026/01/23,2155,2800,2802,2799,2801,100,48841,0
2026/01/23,2200,2800,2808,2800,2805,221,48820,0
2026/01/23,2205,2805,2808,2801,2801,117,48804,0
2026/01/23,2210,2801,2802,2800,2801,78,48796,0
2026/01/23,2215,2802,2805,2802,2803,158,48798,0
2026/01/23,2220,2804,2821,2804,2818,651,48904,0
2026/01/23,2225,2817,2822,2813,2813,512,48981,0
2026/01/23,2230,2813,2819,2813,2817,174,48976,0
2026/01/23,2235,2817,2818,2811,2813,164,49037,0
2026/01/23,2240,2813,2815,2809,2811,112,49051,0
2026/01/23,2245,2811,2812,2809,2809,55,49042,0
2026/01/23,2250,2810,2813,2809,2810,83,49046,0
2026/01/23,2255,2812,2815,2811,2812,84,49058,0
2026/01/23,2300,2812,2813,2810,2810,86,48996,0
2026/01/23,2305,2810,2811,2807,2811,174,48946,0
2026/01/23,2310,2811,2813,2810,2811,26,48934,0
2026/01/23,2315,2813,2814,2811,2812,29,48943,0
2026/01/23,2320,2812,2812,2812,2812,1,48942,0
2026/01/23,2325,2813,2813,2810,2810,41,48918,0
2026/01/23,2330,2811,2812,2809,2812,30,48906,0
2026/01/23,2335,2812,2812,2811,2811,17,48911,0
2026/01/23,2340,2810,2810,2809,2809,29,48895,0
2026/01/23,2345,2808,2809,2808,2808,17,48890,0
2026/01/23,2350,2808,2809,2807,2808,37,48903,0
2026/01/23,2355,2808,2810,2807,2807,12,48902,0
2026/01/23,0000,2808,2811,2808,2810,40,48896,0
2026/01/23,0005,2811,2811,2809,2809,17,48892,0
2026/01/23,0010,2809,2809,2808,2808,8,48887,0
2026/01/23,0015,2811,2811,2811,2811,1,48887,0
2026/01/23,0020,2808,2808,2808,2808,8,48885,0
2026/01/23,0025,2810,2810,2809,2809,2,48885,0
2026/01/23,0030,2811,2811,2811,2811,2,48885,0
2026/01/23,0035,2811,2811,2810,2811,4,48886,0
2026/01/23,0040,2811,2811,2811,2811,3,48887,0
2026/01/23,0045,2811,2812,2811,2811,5,48887,0
2026/01/23,0050,2811,2812,2810,2810,41,48881,0
2026/01/23,0055,2811,2811,2811,2811,1,48881,0
2026/01/23,0100,2810,2813,2810,2810,46,48852,0
2026/01/23,0905,2810,2821,2810,2814,429,48910,0
2026/01/23,0910,2813,2814,2807,2809,190,48885,0
2026/01/23,0915,2808,2808,2801,2805,414,48823,0
2026/01/23,0920,2805,2809,2802,2802,101,48833,0
2026/01/23,0925,2801,2804,2800,2800,213,48877,0
2026/01/23,0930,2799,2804,2797,2798,172,48843,0
2026/01/23,0935,2797,2799,2791,2797,257,48830,0
2026/01/23,0940,2798,2799,2795,2799,106,48862,0
2026/01/23,0945,2799,2801,2798,2798,70,48842,0
2026/01/23,0950,2798,2803,2798,2802,98,48855,0
2026/01/23,0955,2803,2805,2799,2802,116,48856,0
2026/01/23,1000,2802,2804,2800,2803,62,48861,0
2026/01/23,1005,2803,2803,2801,2801,31,48870,0
2026/01/23,1010,2801,2802,2798,2798,133,48881,0
2026/01/23,1015,2798,2801,2796,2800,76,48865,0
2026/01/23,1035,2800,2800,2796,2796,116,48924,0
2026/01/23,1040,2797,2800,2795,2800,115,48932,0
2026/01/23,1045,2799,2799,2792,2795,104,48912,0
2026/01/23,1050,2795,2798,2794,2796,118,48919,0
2026/01/23,1055,2796,2797,2795,2796,30,48919,0
2026/01/23,1100,2795,2798,2794,2795,41,48934,0
2026/01/23,1105,2795,2800,2794,2799,48,48927,0
2026/01/23,1110,2799,2799,2792,2797,116,48923,0
2026/01/23,1115,2796,2796,2790,2791,127,48941,0
2026/01/23,1120,2793,2793,2789,2792,137,48973,0
2026/01/23,1125,2793,2796,2791,2795,84,48975,0
2026/01/23,1130,2796,2796,2794,2796,99,49006,0
2026/01/23,1335,2794,2802,2794,2801,163,49049,0
2026/01/23,1340,2801,2804,2799,2802,123,49059,0
2026/01/23,1345,2803,2805,2800,2803,186,49137,0
2026/01/23,1350,2804,2805,2802,2803,147,49149,0
2026/01/23,1355,2803,2805,2801,2802,55,49169,0
2026/01/23,1400,2801,2807,2801,2803,515,49117,0
2026/01/23,1405,2803,2809,2802,2808,119,49103,0
2026/01/23,1410,2809,2809,2805,2807,178,49076,0
2026/01/23,1415,2807,2809,2805,2809,149,49052,0
2026/01/23,1420,2809,2813,2807,2807,130,49054,0
2026/01/23,1425,2808,2814,2808,2810,122,49056,0
2026/01/23,1430,2810,2811,2806,2807,70,49075,0
2026/01/23,1435,2808,2810,2801,2802,167,49086,0
2026/01/23,1440,2803,2804,2801,2803,102,49101,0
2026/01/23,1445,2803,2804,2803,2803,39,49111,0
2026/01/23,1450,2803,2806,2802,2804,60,49117,0
2026/01/23,1455,2805,2807,2805,2805,56,49138,0
2026/01/23,1500,2806,2808,2805,2806,173,49151,0
2026/01/26,2105,2805,2820,2798,2819,749,49238,0
2026/01/26,2110,2820,2827,2815,2815,443,49199,0
2026/01/26,2115,2815,2816,2806,2812,267,49217,0
2026/01/26,2120,2812,2818,2810,2811,154,49233,0
2026/01/26,2125,2811,2814,2803,2806,240,49280,0
2026/01/26,2130,2808,2809,2803,2803,164,49273,0
2026/01/26,2135,2804,2805,2799,2800,291,49412,0
2026/01/26,2140,2800,2801,2793,2795,352,49523,0
2026/01/26,2145,2794,2798,2790,2796,242,49608,0
2026/01/26,2150,2797,2804,2796,2802,171,49567,0
2026/01/26,2155,2802,2813,2802,2812,303,49554,0
2026/01/26,2200,2811,2816,2810,2812,243,49436,0
2026/01/26,2205,2812,2813,2810,2810,158,49445,0
2026/01/26,2210,2810,2818,2808,2815,206,49391,0
2026/01/26,2215,2815,2816,2813,2814,139,49373,0
2026/01/26,2220,2813,2813,2809,2812,121,49403,0
2026/01/26,2225,2812,2813,2811,2811,32,49411,0
2026/01/26,2230,2812,2814,2811,2812,28,49401,0
2026/01/26,2235,2812,2812,2805,2809,128,49381,0
2026/01/26,2240,2808,2808,2804,2806,159,49325,0
2026/01/26,2245,2807,2808,2806,2807,60,49335,0
2026/01/26,2250,2807,2810,2805,2805,58,49325,0
2026/01/26,2255,2805,2807,2805,2806,36,49316,0
2026/01/26,2300,2806,2806,2803,2806,63,49327,0
2026/01/26,2305,2805,2805,2801,2804,81,49327,0
2026/01/26,2310,2804,2804,2802,2802,41,49331,0
2026/01/26,2315,2803,2804,2802,2804,23,49334,0
2026/01/26,2320,2805,2805,2802,2803,27,49337,0
2026/01/26,2325,2803,2804,2803,2803,5,49337,0
2026/01/26,2330,2803,2804,2802,2802,5,49340,0
2026/01/26,2335,2802,2804,2802,2804,3,49341,0
2026/01/26,2340,2804,2804,2803,2803,3,49341,0
2026/01/26,2345,2804,2806,2804,2805,26,49335,0
2026/01/26,2350,2804,2807,2804,2806,41,49314,0
2026/01/26,2355,2806,2806,2804,2805,39,49311,0
2026/01/26,0000,2804,2804,2803,2803,12,49301,0
2026/01/26,0005,2803,2803,2803,2803,3,49299,0
2026/01/26,0010,2803,2803,2801,2803,12,49295,0
2026/01/26,0020,2803,2804,2803,2804,3,49295,0
2026/01/26,0025,2805,2805,2804,2805,16,49290,0
2026/01/26,0030,2805,2805,2804,2804,3,49288,0
2026/01/26,0035,2803,2804,2802,2802,36,49290,0
2026/01/26,0040,2802,2803,2801,2802,26,49294,0
2026/01/26,0045,2801,2802,2801,2802,20,49280,0
2026/01/26,0050,2802,2803,2801,2802,30,49292,0
2026/01/26,0055,2800,2803,2800,2803,9,49295,0
2026/01/26,0100,2802,2804,2800,2800,68,49297,0
2026/01/26,0905,2803,2817,2803,2812,684,49324,0
2026/01/26,0910,2812,2814,2805,2812,260,49337,0
2026/01/26,0915,2812,2812,2808,2809,154,49326,0
2026/01/26,0920,2810,2812,2808,2811,224,49303,0
2026/01/26,0925,2811,2823,2811,2817,692,49443,0
2026/01/26,0930,2817,2818,2812,2817,228,49494,0
2026/01/26,0935,2818,2820,2816,2816,131,49518,0
2026/01/26,0940,2817,2820,2812,2814,351,49592,0
2026/01/26,0945,2812,2817,2811,2813,167,49648,0
2026/01/26,0950,2812,2814,2811,2813,128,49685,0
2026/01/26,0955,2812,2818,2809,2816,384,49658,0
2026/01/26,1000,2816,2819,2815,2818,123,49651,0
2026/01/26,1005,2819,2819,2811,2813,164,49643,0
2026/01/26,1010,2813,2814,2810,2811,65,49647,0
2026/01/26,1015,2812,2815,2811,2812,56,49638,0
2026/01/26,1035,2814,2821,2814,2819,156,49618,0
2026/01/26,1040,2821,2826,2819,2823,296,49661,0
2026/01/26,1045,2823,2825,2815,2818,139,49678,0
2026/01/26,1050,2818,2818,2810,2812,292,49789,0
2026/01/26,1055,2812,2812,2808,2811,207,49824,0
2026/01/26,1100,2810,2810,2796,2799,567,49890,0
2026/01/26,1105,2798,2800,2794,2799,379,49893,0
2026/01/26,1110,2800,2804,2800,2804,345,49969,0
2026/01/26,1115,2802,2806,2800,2806,108,50005,0
2026/01/26,1120,2806,2808,2803,2807,91,49974,0
2026/01/26,1125,2808,2811,2807,2808,130,49968,0
2026/01/26,1130,2808,2808,2801,2803,173,49977,0
2026/01/26,1335,2802,2805,2794,2795,982,50059,0
2026/01/26,1340,2794,2797,2791,2797,271,50099,0
2026/01/26,1345,2797,2801,2793,2800,349,49934,0
2026/01/26,1350,2800,2800,2797,2800,112,49966,0
2026/01/26,1355,2800,2807,2799,2806,230,50024,0
2026/01/26,1400,2806,2812,2802,2812,180,50040,0
2026/01/26,1405,2811,2813,2809,2813,191,50027,0
2026/01/26,1410,2813,2816,2809,2809,94,49994,0
2026/01/26,1415,2808,2810,2806,2807,69,49984,0
2026/01/26,1420,2806,2810,2805,2807,90,49960,0
2026/01/26,1425,2807,2810,2806,2810,68,49939,0
2026/01/26,1430,2809,2817,2809,2817,181,49910,0
2026/01/26,1435,2817,2820,2815,2815,234,49903,0
2026/01/26,1440,2815,2817,2814,2814,43,49893,0
2026/01/26,1445,2812,2814,2811,2812,40,49894,0
2026/01/26,1450,2812,2815,2810,2811,256,50034,0
2026/01/26,1455,2812,2814,2811,2811,47,50013,0
2026/01/26,1500,2809,2814,2809,2812,145,49955,0
2026/01/27,2105,2810,2825,2810,2816,561,49911,0
2026/01/27,2110,2816,2816,2809,2814,175,49913,0
2026/01/27,2115,2813,2817,2812,2815,97,49941,0
2026/01/27,2120,2813,2813,2810,2810,104,49937,0
2026/01/27,2125,2810,2810,2801,2801,246,49909,0
2026/01/27,2130,2801,2801,2795,2796,335,49972,0
2026/01/27,2135,2796,2799,2795,2799,163,49945,0
2026/01/27,2140,2799,2799,2793,2797,151,49971,0
2026/01/27,2145,2797,2799,2791,2797,224,50029,0
2026/01/27,2150,2796,2797,2793,2797,77,50013,0
2026/01/27,2155,2796,2796,2794,2796,95,49989,0
2026/01/27,2200,2795,2796,2794,2794,74,49984,0
2026/01/27,2205,2795,2795,2792,2795,63,49974,0
2026/01/27,2210,2796,2799,2793,2797,122,50026,0
2026/01/27,2215,2797,2800,2795,2797,71,50053,0
2026/01/27,2220,2798,2798,2796,2797,48,50065,0
2026/01/27,2225,2797,2802,2797,2800,101,50052,0
2026/01/27,2230,2800,2804,2800,2800,57,50065,0
2026/01/27,2235,2800,2801,2798,2801,32,50045,0
2026/01/27,2240,2801,2803,2800,2802,34,50047,0
2026/01/27,2245,2803,2803,2801,2802,57,50032,0
2026/01/27,2250,2802,2802,2800,2801,22,50023,0
2026/01/27,2255,2802,2802,2801,2802,36,50021,0
2026/01/27,2300,2802,2802,2799,2800,32,50020,0
2026/01/27,2305,2800,2802,2799,2802,32,50008,0
2026/01/27,2310,2802,2802,2800,2800,28,49997,0
2026/01/27,2315,2801,2802,2801,2802,21,49992,0
2026/01/27,2320,2802,2802,2801,2801,43,50026,0
2026/01/27,2325,2801,2802,2801,2801,17,50025,0
2026/01/27,2330,2801,2801,2800,2800,28,50040,0
2026/01/27,2335,2801,2801,2800,2800,16,50045,0
2026/01/27,2340,2800,2801,2800,2800,41,50025,0
2026/01/27,2345,2800,2800,2800,2800,2,50025,0
2026/01/27,2350,2801,2801,2801,2801,5,50025,0
2026/01/27,2355,2801,2802,2801,2801,4,50024,0
2026/01/27,0000,2800,2803,2800,2803,19,50025,0
2026/01/27,0005,2801,2801,2800,2801,21,50017,0
2026/01/27,0010,2800,2800,2800,2800,3,50017,0
2026/01/27,0015,2800,2800,2799,2800,19,50007,0
2026/01/27,0020,2799,2800,2798,2798,17,49995,0
2026/01/27,0025,2799,2799,2799,2799,4,49991,0
2026/01/27,0030,2799,2800,2799,2800,9,49995,0
2026/01/27,0035,2798,2800,2798,2800,3,49996,0
2026/01/27,0050,2800,2801,2800,2801,6,49997,0
2026/01/27,0055,2801,2801,2801,2801,1,49997,0
2026/01/27,0100,2801,2804,2800,2803,71,49949,0
2026/01/27,0905,2802,2806,2800,2800,235,49918,0
2026/01/27,0910,2801,2810,2801,2809,334,49884,0
2026/01/27,0915,2810,2812,2806,2807,256,49882,0
2026/01/27,0920,2808,2809,2803,2804,121,49870,0
2026/01/27,0925,2804,2808,2804,2808,39,49882,0
2026/01/27,0930,2807,2807,2804,2806,59,49889,0
2026/01/27,0935,2807,2807,2802,2804,29,49888,0
2026/01/27,0940,2806,2809,2806,2808,63,49890,0
2026/01/27,0945,2807,2808,2800,2801,125,49883,0
2026/01/27,0950,2800,2802,2796,2802,146,49899,0
2026/01/27,0955,2803,2804,2801,2803,31,49898,0
2026/01/27,1000,2803,2803,2799,2800,62,49894,0
2026/01/27,1005,2800,2803,2799,2803,35,49885,0
2026/01/27,1010,2803,2813,2803,2812,184,49849,0
2026/01/27,1015,2811,2811,2806,2808,108,49859,0
2026/01/27,1035,2808,2809,2804,2807,106,49856,0
2026/01/27,1040,2806,2811,2805,2808,61,49846,0
2026/01/27,1045,2809,2812,2809,2812,36,49832,0
2026/01/27,1050,2812,2814,2810,2813,219,49726,0
2026/01/27,1055,2814,2814,2809,2809,74,49736,0
2026/01/27,1100,2810,2810,2807,2808,20,49734,0
2026/01/27,1105,2808,2810,2805,2808,59,49726,0
2026/01/27,1110,2808,2809,2806,2809,26,49734,0
2026/01/27,1115,2807,2810,2806,2809,35,49730,0
2026/01/27,1120,2810,2810,2805,2807,45,49721,0
2026/01/27,1125,2806,2807,2805,2807,28,49722,0
2026/01/27,1130,2806,2806,2802,2805,97,49682,0
2026/01/27,1335,2802,2805,2801,2804,208,49768,0
2026/01/27,1340,2805,2805,2800,2803,103,49751,0
2026/01/27,1345,2804,2804,2795,2797,295,49712,0
2026/01/27,1350,2798,2803,2796,2802,113,49718,0
2026/01/27,1355,2802,2805,2800,2801,64,49708,0
2026/01/27,1400,2800,2806,2800,2804,21,49712,0
2026/01/27,1405,2804,2808,2804,2808,73,49708,0
2026/01/27,1410,2807,2808,2806,2806,61,49695,0
2026/01/27,1415,2806,2807,2803,2805,51,49680,0
2026/01/27,1420,2804,2806,2802,2803,55,49710,0
2026/01/27,1425,2804,2808,2804,2805,63,49701,0
2026/01/27,1430,2805,2807,2804,2806,26,49695,0
2026/01/27,1435,2806,2807,2805,2806,57,49695,0
2026/01/27,1440,2807,2808,2804,2806,92,49724,0
2026/01/27,1445,2807,2807,2803,2803,51,49716,0
2026/01/27,1450,2803,2807,2803,2805,50,49693,0
2026/01/27,1455,2805,2812,2804,2811,142,49654,0
2026/01/27,1500,2811,2814,2811,2814,237,49555,0
2026/01/28,2105,2809,2827,2802,2809,577,49552,0
2026/01/28,2110,2809,2815,2809,2813,209,49520,0
2026/01/28,2115,2813,2817,2813,2815,149,49511,0
2026/01/28,2120,2815,2820,2814,2817,187,49542,0
2026/01/28,2125,2817,2820,2816,2817,78,49548,0
2026/01/28,2130,2817,2819,2815,2817,112,49546,0
2026/01/28,2135,2817,2819,2814,2814,89,49535,0
2026/01/28,2140,2814,2815,2812,2815,76,49498,0
2026/01/28,2145,2814,2815,2811,2811,34,49495,0
2026/01/28,2150,2811,2812,2811,2812,33,49488,0
2026/01/28,2155,2812,2812,2808,2810,207,49438,0
2026/01/28,2200,2812,2812,2811,2812,16,49436,0
2026/01/28,2205,2812,2815,2811,2812,74,49450,0
2026/01/28,2210,2813,2817,2811,2813,64,49454,0
2026/01/28,2215,2813,2813,2807,2810,103,49474,0
2026/01/28,2220,2810,2810,2806,2809,159,49446,0
2026/01/28,2225,2808,2813,2808,2812,60,49462,0
2026/01/28,2230,2812,2814,2812,2814,47,49452,0
2026/01/28,2235,2815,2815,2812,2814,40,49447,0
2026/01/28,2240,2814,2845,2814,2831,1301,49297,0
2026/01/28,2245,2831,2834,2826,2828,257,49285,0
2026/01/28,2250,2829,2837,2821,2821,292,49262,0
2026/01/28,2255,2822,2830,2821,2827,381,49313,0
2026/01/28,2300,2827,2833,2824,2827,207,49305,0
2026/01/28,2305,2828,2830,2827,2829,64,49306,0
2026/01/28,2310,2830,2832,2828,2828,87,49306,0
2026/01/28,2315,2828,2828,2817,2820,245,49328,0
2026/01/28,2320,2821,2834,2821,2834,162,49329,0
2026/01/28,2325,2834,2845,2834,2836,273,49303,0
2026/01/28,2330,2835,2837,2834,2836,71,49341,0
2026/01/28,2335,2836,2837,2835,2837,33,49346,0
2026/01/28,2340,2836,2839,2835,2835,37,49343,0
2026/01/28,2345,2836,2838,2836,2838,11,49343,0
2026/01/28,2350,2839,2842,2839,2841,86,49356,0
2026/01/28,2355,2840,2842,2839,2839,61,49347,0
2026/01/28,0000,2839,2848,2839,2845,105,49332,0
2026/01/28,0005,2846,2852,2845,2852,158,49291,0
2026/01/28,0010,2852,2853,2847,2849,164,49278,0
2026/01/28,0015,2850,2852,2846,2847,54,49290,0
2026/01/28,0020,2847,2848,2844,2848,92,49246,0
2026/01/28,0025,2849,2849,2842,2844,76,49206,0
2026/01/28,0030,2844,2845,2843,2845,27,49202,0
2026/01/28,0035,2845,2846,2842,2843,35,49198,0
2026/01/28,0040,2842,2845,2839,2843,77,49184,0
2026/01/28,0045,2842,2846,2841,2846,9,49179,0
2026/01/28,0050,2844,2844,2843,2843,5,49182,0
2026/01/28,0055,2844,2845,2844,2845,4,49181,0
2026/01/28,0100,2843,2848,2840,2845,67,49144,0
2026/01/28,0905,2847,2860,2846,2852,1148,49182,0
2026/01/28,0910,2853,2871,2848,2866,1150,49221,0
2026/01/28,0915,2865,2868,2858,2861,554,49258,0
2026/01/28,0920,2861,2862,2855,2856,261,49251,0
2026/01/28,0925,2855,2855,2844,2844,417,49325,0
2026/01/28,0930,2846,2857,2846,2856,215,49339,0
2026/01/28,0935,2857,2859,2854,2856,107,49361,0
2026/01/28,0940,2855,2857,2853,2856,96,49371,0
2026/01/28,0945,2858,2861,2857,2859,95,49354,0
2026/01/28,0950,2859,2859,2855,2857,78,49347,0
2026/01/28,0955,2857,2858,2852,2854,159,49324,0
2026/01/28,1000,2853,2855,2847,2847,201,49329,0
2026/01/28,1005,2849,2853,2849,2849,95,49310,0
2026/01/28,1010,2851,2852,2847,2847,91,49290,0
2026/01/28,1015,2849,2850,2845,2850,124,49268,0
2026/01/28,1035,2850,2861,2850,2857,178,49225,0
2026/01/28,1040,2858,2865,2858,2863,197,49210,0
2026/01/28,1045,2862,2867,2860,2860,206,49230,0
2026/01/28,1050,2860,2862,2857,2861,107,49210,0
2026/01/28,1055,2861,2862,2855,2858,88,49220,0
2026/01/28,1100,2857,2860,2856,2860,44,49232,0
2026/01/28,1105,2859,2863,2858,2862,52,49224,0
2026/01/28,1110,2863,2873,2861,2872,327,49225,0
2026/01/28,1115,2874,2880,2870,2877,915,49040,0
2026/01/28,1120,2877,2881,2870,2874,533,49178,0
2026/01/28,1125,2872,2877,2867,2877,289,49137,0
2026/01/28,1130,2878,2887,2877,2887,593,49141,0
2026/01/28,1335,2886,2893,2881,2882,906,49001,0
2026/01/28,1340,2884,2890,2882,2886,351,49018,0
2026/01/28,1345,2887,2888,2877,2879,308,49000,0
2026/01/28,1350,2880,2883,2873,2877,232,48991,0
2026/01/28,1355,2878,2879,2871,2873,353,49110,0
2026/01/28,1400,2873,2882,2871,2880,123,49093,0
2026/01/28,1405,2881,2883,2879,2880,188,49109,0
2026/01/28,1410,2880,2885,2880,2883,108,49108,0
2026/01/28,1415,2883,2883,2878,2879,181,49089,0
2026/01/28,1420,2881,2882,2878,2880,69,49075,0
2026/01/28,1425,2880,2881,2875,2876,128,49046,0
2026/01/28,1430,2877,2877,2870,2874,147,49022,0
2026/01/28,1435,2875,2876,2870,2873,120,49041,0
2026/01/28,1440,2873,2875,2871,2871,45,49032,0
2026/01/28,1445,2872,2880,2872,2875,88,49035,0
2026/01/28,1450,2876,2882,2876,2882,328,49074,0
2026/01/28,1455,2883,2887,2882,2886,213,49014,0
2026/01/28,1500,2887,2889,2884,2885,255,49000,0
2026/01/29,2105,2876,2915,2876,2912,1736,48879,0
2026/01/29,2110,2913,2913,2891,2893,1006,49003,0
2026/01/29,2115,2893,2894,2887,2891,375,48992,0
2026/01/29,2120,2892,2897,2884,2897,409,48992,0
2026/01/29,2125,2898,2904,2894,2895,312,49027,0
2026/01/29,2130,2895,2897,2892,2892,138,49020,0
2026/01/29,2135,2893,2898,2893,2897,181,48960,0
2026/01/29,2140,2897,2898,2892,2893,191,48977,0
2026/01/29,2145,2894,2896,2888,2892,290,49033,0
2026/01/29,2150,2893,2893,2888,2893,149,48982,0
2026/01/29,2155,2893,2898,2893,2895,126,48953,0
2026/01/29,2200,2895,2902,2894,2900,293,48885,0
2026/01/29,2205,2902,2904,2899,2904,205,48879,0
2026/01/29,2210,2904,2906,2902,2903,227,48838,0
2026/01/29,2215,2903,2905,2898,2903,153,48855,0
2026/01/29,2220,2904,2904,2896,2899,149,48869,0
2026/01/29,2225,2899,2904,2896,2903,169,48824,0
2026/01/29,2230,2904,2905,2902,2904,116,48822,0
2026/01/29,2235,2904,2907,2900,2905,175,48764,0
2026/01/29,2240,2905,2906,2904,2905,42,48752,0
2026/01/29,2245,2906,2906,2901,2902,80,48748,0
2026/01/29,2250,2902,2905,2901,2903,106,48737,0
2026/01/29,2255,2905,2908,2903,2904,171,48773,0
2026/01/29,2300,2904,2908,2904,2907,97,48778,0
2026/01/29,2305,2909,2909,2903,2903,55,48789,0
2026/01/29,2310,2903,2905,2896,2896,97,48778,0
2026/01/29,2315,2898,2900,2891,2895,183,48731,0
2026/01/29,2320,2895,2898,2893,2896,54,48733,0
2026/01/29,2325,2896,2898,2895,2897,29,48724,0
2026/01/29,2330,2896,2897,2893,2894,138,48675,0
2026/01/29,2335,2896,2896,2892,2893,39,48667,0
2026/01/29,2340,2894,2894,2892,2892,27,48657,0
2026/01/29,2345,2893,2896,2892,2895,39,48652,0
2026/01/29,2350,2896,2898,2895,2898,40,48666,0
2026/01/29,2355,2898,2898,2894,2894,49,48672,0
2026/01/29,0000,2895,2896,2894,2896,35,48658,0
2026/01/29,0005,2897,2899,2895,2899,23,48662,0
2026/01/29,0010,2900,2900,2897,2897,16,48672,0
2026/01/29,0015,2898,2900,2898,2898,30,48668,0
2026/01/29,0020,2900,2900,2899,2899,12,48677,0
2026/01/29,0025,2899,2899,2898,2898,10,48679,0
2026/01/29,0030,2900,2900,2900,2900,5,48680,0
2026/01/29,0035,2900,2900,2896,2897,43,48680,0
2026/01/29,0040,2897,2898,2897,2897,10,48680,0
2026/01/29,0045,2899,2899,2898,2899,10,48683,0
2026/01/29,0050,2900,2903,2896,2899,59,48684,0
2026/01/29,0055,2899,2899,2897,2897,18,48679,0
2026/01/29,0100,2896,2900,2894,2895,75,48651,0
2026/01/29,0905,2903,2913,2899,2912,1359,48399,0
2026/01/29,0910,2913,2925,2909,2913,2307,47924,0
2026/01/29,0915,2913,2916,2911,2912,256,47837,0
2026/01/29,0920,2912,2914,2903,2906,452,47849,0
2026/01/29,0925,2906,2910,2902,2907,210,47820,0
2026/01/29,0930,2908,2911,2897,2902,338,47800,0
2026/01/29,0935,2901,2904,2899,2904,172,47832,0
2026/01/29,0940,2904,2908,2902,2908,151,47874,0
2026/01/29,0945,2907,2910,2906,2908,100,47877,0
2026/01/29,0950,2909,2910,2902,2903,125,47877,0
2026/01/29,0955,2903,2905,2901,2903,135,47854,0
2026/01/29,1000,2903,2903,2896,2897,181,47852,0
2026/01/29,1005,2898,2900,2888,2890,450,47958,0
2026/01/29,1010,2890,2898,2889,2895,340,47943,0
2026/01/29,1015,2895,2900,2890,2891,253,47961,0
2026/01/29,1035,2894,2895,2869,2873,1204,48013,0
2026/01/29,1040,2872,2884,2872,2882,256,48025,0
2026/01/29,1045,2884,2887,2879,2881,289,48072,0
2026/01/29,1050,2881,2889,2878,2889,296,48035,0
2026/01/29,1055,2889,2893,2887,2891,235,48003,0
2026/01/29,1100,2891,2895,2891,2892,135,47952,0
2026/01/29,1105,2895,2895,2889,2890,118,47946,0
2026/01/29,1110,2892,2899,2890,2899,221,47939,0
2026/01/29,1115,2900,2904,2899,2902,297,47903,0
2026/01/29,1120,2902,2903,2893,2898,170,47919,0
2026/01/29,1125,2899,2905,2898,2899,120,47900,0
2026/01/29,1130,2900,2902,2896,2899,143,47861,0
2026/01/29,1335,2902,2906,2900,2904,332,47864,0
2026/01/29,1340,2904,2909,2900,2903,216,47836,0
2026/01/29,1345,2905,2907,2900,2902,195,47773,0
2026/01/29,1350,2903,2904,2901,2903,80,47760,0
2026/01/29,1355,2903,2903,2897,2901,171,47779,0
2026/01/29,1400,2901,2911,2900,2910,537,47730,0
2026/01/29,1405,2910,2910,2905,2907,404,47778,0
2026/01/29,1410,2907,2907,2901,2902,85,47756,0
2026/01/29,1415,2902,2904,2899,2902,176,47707,0
2026/01/29,1420,2901,2905,2897,2904,166,47704,0
2026/01/29,1425,2904,2906,2902,2902,50,47686,0
2026/01/29,1430,2903,2903,2890,2891,291,47667,0
2026/01/29,1435,2892,2895,2890,2894,217,47675,0
2026/01/29,1440,2896,2898,2894,2898,59,47667,0
2026/01/29,1445,2897,2900,2895,2895,114,47645,0
2026/01/29,1450,2897,2897,2889,2892,174,47635,0
2026/01/29,1455,2892,2894,2890,2893,61,47627,0
2026/01/29,1500,2892,2894,2889,2894,209,47609,0
2026/01/30,2105,2896,2904,2892,2902,684,47565,0
2026/01/30,2110,2902,2909,2901,2905,397,47577,0
2026/01/30,2115,2905,2906,2897,2901,348,47627,0
2026/01/30,2120,2901,2905,2901,2902,140,47631,0
2026/01/30,2125,2902,2909,2902,2909,238,47656,0
2026/01/30,2130,2909,2909,2902,2903,180,47741,0
2026/01/30,2135,2904,2905,2898,2899,180,47746,0
2026/01/30,2140,2900,2902,2898,2902,171,47736,0
2026/01/30,2145,2901,2904,2900,2902,90,47764,0
2026/01/30,2150,2901,2901,2896,2897,217,47757,0
2026/01/30,2155,2896,2896,2889,2893,334,47686,0
2026/01/30,2200,2892,2896,2887,2889,201,47706,0
2026/01/30,2205,2889,2894,2889,2892,172,47712,0
2026/01/30,2210,2893,2894,2888,2891,173,47704,0
2026/01/30,2215,2890,2895,2889,2892,172,47661,0
2026/01/30,2220,2893,2897,2891,2892,64,47660,0
2026/01/30,2225,2892,2897,2891,2897,93,47662,0
2026/01/30,2230,2897,2899,2897,2899,95,47663,0
2026/01/30,2235,2900,2905,2898,2898,175,47694,0
2026/01/30,2240,2897,2906,2896,2906,164,47654,0
2026/01/30,2245,2906,2913,2905,2908,342,47631,0
2026/01/30,2250,2909,2913,2902,2911,453,47540,0
2026/01/30,2255,2911,2912,2900,2906,211,47540,0
2026/01/30,2300,2907,2907,2903,2906,128,47566,0
2026/01/30,2305,2906,2906,2895,2898,333,47590,0
2026/01/30,2310,2898,2900,2894,2895,123,47616,0
2026/01/30,2315,2895,2898,2881,2887,403,47654,0
2026/01/30,2320,2887,2888,2853,2873,2455,48118,0
2026/01/30,2325,2872,2878,2863,2863,726,48022,0
2026/01/30,2330,2863,2864,2851,2861,1122,47918,0
2026/01/30,2335,2862,2870,2860,2868,401,47899,0
2026/01/30,2340,2868,2870,2861,2868,322,47900,0
2026/01/30,2345,2866,2868,2857,2857,189,47919,0
2026/01/30,2350,2858,2870,2857,2868,150,47874,0
2026/01/30,2355,2869,2873,2866,2871,157,47863,0
2026/01/30,0000,2870,2871,2865,2868,86,47859,0
2026/01/30,0005,2867,2872,2865,2871,126,47880,0
2026/01/30,0010,2872,2873,2870,2870,74,47853,0
2026/01/30,0015,2870,2873,2869,2870,80,47814,0
2026/01/30,0020,2871,2871,2866,2869,95,47790,0
2026/01/30,0025,2868,2869,2865,2867,34,47790,0
2026/01/30,0030,2866,2868,2865,2866,20,47790,0
2026/01/30,0035,2868,2869,2868,2868,9,47790,0
2026/01/30,0040,2867,2868,2866,2867,21,47781,0
2026/01/30,0045,2866,2869,2866,2868,15,47781,0
2026/01/30,0050,2867,2868,2864,2865,27,47779,0
2026/01/30,0055,2865,2865,2862,2863,52,47757,0
2026/01/30,0100,2863,2864,2860,2860,53,47726,0
2026/01/30,0905,2864,2880,2863,2879,775,47776,0
2026/01/30,0910,2879,2882,2874,2875,379,47791,0
2026/01/30,0915,2874,2878,2864,2864,551,47664,0
2026/01/30,0920,2864,2875,2864,2871,303,47565,0
2026/01/30,0925,2871,2873,2866,2868,128,47567,0
2026/01/30,0930,2868,2868,2861,2863,171,47595,0
2026/01/30,0935,2862,2869,2862,2867,81,47593,0
2026/01/30,0940,2868,2868,2856,2857,410,47516,0
2026/01/30,0945,2857,2857,2851,2851,529,47497,0
2026/01/30,0950,2850,2851,2837,2839,1015,47377,0
2026/01/30,0955,2838,2845,2837,2843,158,47378,0
2026/01/30,1000,2843,2843,2834,2837,375,47395,0
2026/01/30,1005,2839,2842,2833,2834,1336,47044,0
2026/01/30,1010,2834,2836,2826,2826,959,47125,0
2026/01/30,1015,2827,2831,2824,2828,329,47084,0
2026/01/30,1035,2828,2828,2810,2819,1614,47158,0
2026/01/30,1040,2819,2831,2815,2831,517,47044,0
2026/01/30,1045,2830,2835,2830,2831,359,47005,0
2026/01/30,1050,2830,2838,2830,2836,434,47005,0
2026/01/30,1055,2836,2838,2831,2836,262,47018,0
2026/01/30,1100,2835,2844,2835,2841,220,47017,0
2026/01/30,1105,2841,2842,2834,2837,152,46990,0
2026/01/30,1110,2835,2836,2832,2835,48,46995,0
2026/01/30,1115,2834,2834,2827,2830,110,46986,0
2026/01/30,1120,2831,2835,2830,2832,509,46777,0
2026/01/30,1125,2832,2839,2831,2837,80,46767,0
2026/01/30,1130,2837,2839,2835,2836,59,46752,0
2026/01/30,1335,2838,2852,2838,2852,567,46606,0
2026/01/30,1340,2851,2857,2850,2855,312,46566,0
2026/01/30,1345,2855,2856,2851,2855,201,46629,0
2026/01/30,1350,2855,2856,2852,2853,132,46623,0
2026/01/30,1355,2853,2860,2852,2859,350,46506,0
2026/01/30,1400,2859,2859,2851,2852,212,46462,0
2026/01/30,1405,2852,2858,2852,2857,132,46445,0
2026/01/30,1410,2856,2859,2853,2854,106,46440,0
2026/01/30,1415,2854,2861,2854,2861,202,46426,0
2026/01/30,1420,2862,2862,2855,2860,272,46388,0
2026/01/30,1425,2860,2860,2855,2858,103,46356,0
2026/01/30,1430,2859,2859,2851,2852,185,46311,0
2026/01/30,1435,2851,2855,2850,2852,88,46335,0
2026/01/30,1440,2853,2856,2852,2854,62,46310,0
2026/01/30,1445,2854,2854,2850,2850,65,46296,0
2026/01/30,1450,2850,2851,2843,2847,337,46280,0
2026/01/30,1455,2848,2848,2845,2845,113,46291,0
2026/01/30,1500,2850,2850,2841,2843,253,46250,0
2026/02/02,2105,2837,2853,2826,2852,1149,46322,0
2026/02/02,2110,2852,2852,2842,2849,316,46357,0
2026/02/02,2115,2850,2856,2849,2854,235,46396,0
2026/02/02,2120,2855,2862,2853,2862,482,46483,0
2026/02/02,2125,2862,2874,2861,2863,729,46337,0
2026/02/02,2130,2863,2874,2862,2871,335,46372,0
2026/02/02,2135,2871,2875,2867,2870,392,46334,0
2026/02/02,2140,2869,2871,2864,2870,178,46327,0
2026/02/02,2145,2870,2873,2866,2870,193,46241,0
2026/02/02,2150,2870,2870,2864,2864,114,46256,0
2026/02/02,2155,2864,2870,2864,2868,157,46226,0
2026/02/02,2200,2867,2873,2867,2871,115,46223,0
2026/02/02,2205,2872,2885,2870,2882,348,46165,0
2026/02/02,2210,2881,2883,2877,2879,118,46149,0
2026/02/02,2215,2879,2879,2875,2879,150,46139,0
2026/02/02,2220,2879,2880,2874,2878,125,46181,0
2026/02/02,2225,2878,2885,2878,2884,210,46264,0
2026/02/02,2230,2884,2889,2883,2886,316,46188,0
2026/02/02,2235,2886,2899,2884,2895,575,45998,0
2026/02/02,2240,2896,2900,2893,2899,301,45919,0
2026/02/02,2245,2899,2906,2898,2904,349,45878,0
2026/02/02,2250,2904,2908,2902,2902,257,45834,0
2026/02/02,2255,2903,2903,2895,2896,200,45780,0
2026/02/02,2300,2896,2899,2893,2896,192,45769,0
2026/02/02,2305,2897,2897,2887,2887,372,45720,0
2026/02/02,2310,2887,2892,2887,2889,245,45687,0
2026/02/02,2315,2889,2891,2888,2890,223,45651,0
2026/02/02,2320,2890,2895,2890,2894,224,45581,0
2026/02/02,2325,2891,2894,2891,2891,54,45554,0
2026/02/02,2330,2891,2892,2890,2892,51,45531,0
2026/02/02,2335,2892,2894,2892,2892,28,45525,0
2026/02/02,2340,2893,2897,2893,2896,116,45466,0
2026/02/02,2345,2896,2898,2896,2897,40,45475,0
2026/02/02,2350,2895,2895,2892,2894,13,45469,0
2026/02/02,2355,2895,2896,2894,2894,8,45469,0
2026/02/02,0000,2894,2897,2893,2897,16,45468,0
2026/02/02,0005,2895,2896,2895,2896,12,45463,0
2026/02/02,0010,2895,2896,2893,2893,25,45451,0
2026/02/02,0015,2893,2895,2892,2894,29,45447,0
2026/02/02,0020,2895,2896,2893,2894,30,45429,0
2026/02/02,0025,2895,2895,2895,2895,1,45428,0
2026/02/02,0030,2895,2897,2895,2897,17,45424,0
2026/02/02,0035,2897,2897,2894,2895,92,45442,0
2026/02/02,0040,2894,2895,2893,2895,33,45432,0
2026/02/02,0045,2896,2898,2895,2895,165,45408,0
2026/02/02,0050,2895,2896,2889,2889,33,45399,0
2026/02/02,0055,2889,2891,2885,2891,106,45369,0
2026/02/02,0100,2891,2893,2890,2892,32,45359,0
2026/02/02,0905,2885,2887,2863,2867,1178,45410,0
2026/02/02,0910,2867,2873,2859,2865,749,45512,0
2026/02/02,0915,2864,2871,2863,2867,507,45378,0
2026/02/02,0920,2867,2872,2860,2861,281,45398,0
2026/02/02,0925,2859,2864,2851,2852,563,45431,0
2026/02/02,0930,2852,2856,2845,2850,1007,45191,0
2026/02/02,0935,2850,2851,2844,2847,805,44971,0
2026/02/02,0940,2846,2851,2841,2841,889,44603,0
2026/02/02,0945,2843,2851,2842,2851,557,44233,0
2026/02/02,0950,2850,2853,2842,2843,411,44190,0
2026/02/02,0955,2843,2848,2839,2848,505,44097,0
2026/02/02,1000,2849,2856,2849,2855,297,44000,0
2026/02/02,1005,2854,2855,2852,2854,139,43968,0
2026/02/02,1010,2854,2854,2847,2850,92,43943,0
2026/02/02,1015,2850,2858,2848,2856,255,43869,0
2026/02/02,1035,2856,2860,2852,2852,209,43879,0
2026/02/02,1040,2852,2861,2852,2857,204,43860,0
2026/02/02,1045,2856,2861,2855,2859,107,43884,0
2026/02/02,1050,2859,2859,2854,2855,48,43879,0
2026/02/02,1055,2855,2856,2850,2851,151,43858,0
2026/02/02,1100,2851,2852,2842,2842,267,43848,0
2026/02/02,1105,2842,2846,2835,2838,503,43911,0
2026/02/02,1110,2838,2842,2836,2841,388,43767,0
2026/02/02,1115,2841,2842,2838,2839,164,43785,0
2026/02/02,1120,2840,2843,2840,2841,82,43784,0
2026/02/02,1125,2841,2845,2841,2842,68,43794,0
2026/02/02,1130,2842,2843,2838,2842,93,43784,0
2026/02/02,1335,2838,2838,2816,2820,1254,43785,0
2026/02/02,1340,2821,2828,2818,2826,608,43816,0
2026/02/02,1345,2825,2837,2825,2834,428,43735,0
2026/02/02,1350,2834,2837,2821,2834,925,43684,0
2026/02/02,1355,2834,2836,2829,2834,474,43595,0
2026/02/02,1400,2836,2863,2833,2860,1390,43306,0
2026/02/02,1405,2862,2883,2859,2869,1580,42972,0
2026/02/02,1410,2869,2873,2864,2868,820,42927,0
2026/02/02,1415,2867,2870,2861,2862,404,42838,0
2026/02/02,1420,2862,2862,2852,2856,294,42835,0
2026/02/02,1425,2858,2860,2848,2849,341,42805,0
2026/02/02,1430,2849,2850,2842,2847,302,42768,0
2026/02/02,1435,2847,2851,2845,2850,139,42763,0
2026/02/02,1440,2850,2854,2848,2851,196,42756,0
2026/02/02,1445,2851,2852,2844,2844,333,42662,0
2026/02/02,1450,2845,2847,2836,2841,282,42574,0
2026/02/02,1455,2842,2848,2839,2846,128,42520,0
2026/02/02,1500,2845,2849,2843,2848,307,42471,0
2026/02/03,2105,2860,2884,2855,2883,2201,42603,0
2026/02/03,2110,2882,2895,2873,2894,1198,42490,0
2026/02/03,2115,2892,2901,2884,2888,1199,42285,0
2026/02/03,2120,2886,2891,2882,2886,309,42246,0
2026/02/03,2125,2886,2890,2880,2886,252,42184,0
2026/02/03,2130,2884,2897,2884,2896,276,42135,0
2026/02/03,2135,2896,2898,2890,2891,154,42118,0
2026/02/03,2140,2891,2900,2890,2899,317,42004,0
2026/02/03,2145,2900,2902,2888,2899,349,41985,0
2026/02/03,2150,2900,2915,2899,2903,676,41976,0
2026/02/03,2155,2903,2907,2895,2901,233,41973,0
2026/02/03,2200,2901,2901,2896,2897,109,41961,0
2026/02/03,2205,2898,2905,2898,2898,206,41907,0
2026/02/03,2210,2898,2903,2898,2901,102,41935,0
2026/02/03,2215,2900,2901,2896,2896,116,41952,0
2026/02/03,2220,2896,2901,2895,2901,77,41951,0
2026/02/03,2225,2900,2900,2892,2894,169,41934,0
2026/02/03,2230,2896,2900,2896,2897,90,41915,0
2026/02/03,2235,2896,2902,2895,2901,108,41895,0
2026/02/03,2240,2900,2904,2900,2900,90,41909,0
2026/02/03,2245,2900,2901,2898,2899,80,41908,0
2026/02/03,2250,2898,2899,2887,2887,199,41876,0
2026/02/03,2255,2886,2890,2886,2889,110,41848,0
2026/02/03,2300,2887,2888,2884,2888,102,41835,0
2026/02/03,2305,2887,2889,2883,2885,77,41817,0
2026/02/03,2310,2888,2888,2886,2887,46,41812,0
2026/02/03,2315,2887,2889,2886,2889,13,41813,0
2026/02/03,2320,2889,2890,2888,2889,44,41822,0
2026/02/03,2325,2890,2891,2889,2889,37,41827,0
2026/02/03,2330,2890,2890,2888,2890,10,41823,0
2026/02/03,2335,2889,2890,2886,2889,28,41822,0
2026/02/03,2340,2888,2890,2888,2889,11,41819,0
2026/02/03,2345,2888,2888,2888,2888,2,41820,0
2026/02/03,2350,2888,2889,2884,2886,125,41783,0
2026/02/03,2355,2885,2887,2883,2887,154,41774,0
2026/02/03,0000,2886,2886,2884,2885,25,41760,0
2026/02/03,0005,2885,2886,2882,2885,37,41751,0
2026/02/03,0010,2885,2885,2885,2885,7,41753,0
2026/02/03,0015,2886,2891,2886,2888,30,41745,0
2026/02/03,0020,2890,2890,2888,2889,14,41748,0
2026/02/03,0025,2889,2892,2888,2891,23,41738,0
2026/02/03,0030,2891,2892,2891,2891,7,41736,0
2026/02/03,0035,2890,2893,2890,2891,60,41712,0
2026/02/03,0040,2891,2894,2891,2893,29,41705,0
2026/02/03,0045,2893,2893,2890,2890,15,41707,0
2026/02/03,0055,2891,2891,2890,2890,7,41708,0
2026/02/03,0100,2892,2893,2888,2888,30,41704,0
2026/02/03,0905,2895,2903,2893,2898,401,41613,0
2026/02/03,0910,2900,2905,2895,2903,160,41592,0
2026/02/03,0915,2905,2905,2895,2896,260,41690,0
2026/02/03,0920,2896,2899,2887,2890,235,41710,0
2026/02/03,0925,2891,2892,2887,2888,203,41672,0
2026/02/03,0930,2889,2890,2886,2887,127,41660,0
2026/02/03,0935,2888,2890,2885,2888,105,41671,0
2026/02/03,0940,2890,2894,2888,2892,76,41669,0
2026/02/03,0945,2892,2894,2892,2894,71,41660,0
2026/02/03,0950,2893,2895,2888,2889,130,41631,0
2026/02/03,0955,2889,2889,2874,2874,492,41675,0
2026/02/03,1000,2874,2882,2871,2882,313,41690,0
2026/02/03,1005,2881,2882,2875,2876,129,41707,0
2026/02/03,1010,2876,2876,2861,2869,451,41652,0
2026/02/03,1015,2868,2871,2863,2868,222,41663,0
2026/02/03,1035,2869,2869,2859,2868,344,41704,0
2026/02/03,1040,2867,2870,2859,2863,168,41756,0
2026/02/03,1045,2864,2864,2859,2860,114,41769,0
2026/02/03,1050,2861,2868,2857,2867,303,41789,0
2026/02/03,1055,2867,2870,2865,2868,117,41789,0
2026/02/03,1100,2868,2868,2864,2867,33,41784,0
2026/02/03,1105,2866,2866,2857,2861,557,41535,0
2026/02/03,1110,2861,2863,2856,2858,98,41535,0
2026/02/03,1115,2858,2858,2851,2852,377,41475,0
2026/02/03,1120,2853,2860,2853,2860,96,41469,0
2026/02/03,1125,2860,2861,2856,2856,93,41516,0
2026/02/03,1130,2855,2861,2854,2861,76,41501,0
2026/02/03,1335,2861,2864,2857,2858,210,41528,0
2026/02/03,1340,2859,2864,2858,2861,264,41615,0
2026/02/03,1345,2860,2860,2856,2857,51,41621,0
2026/02/03,1350,2857,2862,2857,2862,65,41625,0
2026/02/03,1355,2862,2864,2860,2864,122,41670,0
2026/02/03,1400,2863,2864,2860,2861,94,41704,0
2026/02/03,1405,2862,2862,2858,2862,51,41704,0
2026/02/03,1410,2862,2865,2859,2864,69,41691,0
2026/02/03,1415,2864,2868,2862,2863,154,41718,0
2026/02/03,1420,2865,2870,2863,2869,163,41748,0
2026/02/03,1425,2870,2875,2868,2873,238,41750,0
2026/02/03,1430,2873,2875,2871,2872,176,41763,0
2026/02/03,1435,2872,2876,2871,2874,71,41739,0
2026/02/03,1440,2875,2881,2874,2881,154,41722,0
2026/02/03,1445,2881,2886,2876,2879,255,41701,0
2026/02/03,1450,2879,2882,2877,2877,156,41696,0
2026/02/03,1455,2876,2881,2875,2881,138,41686,0
2026/02/03,1500,2879,2883,2878,2881,144,41651,0
2026/02/04,2105,2881,2889,2878,2888,735,41583,0
2026/02/04,2110,2889,2889,2881,2882,280,41630,0
2026/02/04,2115,2883,2891,2880,2888,250,41645,0
2026/02/04,2120,2888,2889,2879,2879,230,41674,0
2026/02/04,2125,2880,2880,2875,2879,154,41664,0
2026/02/04,2130,2880,2882,2877,2880,98,41691,0
2026/02/04,2135,2880,2883,2879,2881,93,41722,0
2026/02/04,2140,2880,2883,2879,2883,58,41704,0
2026/02/04,2145,2883,2883,2879,2881,33,41708,0
2026/02/04,2150,2882,2883,2881,2882,31,41712,0
2026/02/04,2155,2883,2884,2879,2881,47,41701,0
2026/02/04,2200,2880,2883,2880,2883,27,41696,0
2026/02/04,2205,2882,2882,2879,2880,94,41760,0
2026/02/04,2210,2880,2883,2879,2883,59,41755,0
2026/02/04,2215,2884,2890,2884,2886,128,41746,0
2026/02/04,2220,2886,2886,2882,2883,26,41744,0
2026/02/04,2225,2883,2883,2880,2880,25,41745,0
2026/02/04,2230,2881,2882,2881,2882,5,41743,0
2026/02/04,2235,2883,2883,2879,2881,41,41744,0
2026/02/04,2240,2882,2883,2881,2881,24,41735,0
2026/02/04,2245,2882,2882,2882,2882,12,41733,0
2026/02/04,2250,2883,2883,2883,2883,11,41729,0
2026/02/04,2255,2882,2884,2882,2883,31,41713,0
2026/02/04,2300,2883,2884,2882,2882,39,41723,0
2026/02/04,2305,2881,2886,2881,2885,31,41729,0
2026/02/04,2310,2885,2886,2884,2885,12,41731,0
2026/02/04,2315,2885,2887,2885,2886,12,41729,0
2026/02/04,2320,2887,2887,2885,2886,8,41726,0
2026/02/04,2325,2885,2886,2885,2886,5,41724,0
2026/02/04,2330,2886,2886,2885,2886,4,41721,0
2026/02/04,2335,2886,2887,2885,2886,11,41716,0
2026/02/04,2340,2886,2887,2886,2887,2,41717,0
2026/02/04,2345,2888,2888,2885,2887,16,41716,0
2026/02/04,2350,2887,2887,2887,2887,2,41714,0
2026/02/04,2355,2888,2888,2883,2884,65,41753,0
2026/02/04,0000,2883,2884,2883,2884,10,41754,0
2026/02/04,0005,2883,2885,2883,2884,7,41752,0
2026/02/04,0010,2884,2884,2883,2883,10,41757,0
2026/02/04,0015,2883,2883,2883,2883,1,41757,0
2026/02/04,0020,2885,2885,2884,2884,2,41756,0
2026/02/04,0025,2886,2886,2884,2884,3,41759,0
2026/02/04,0030,2883,2883,2883,2883,4,41760,0
2026/02/04,0035,2883,2883,2883,2883,2,41759,0
2026/02/04,0040,2884,2884,2883,2883,4,41757,0
2026/02/04,0050,2884,2884,2884,2884,1,41757,0
2026/02/04,0100,2888,2888,2882,2884,69,41729,0
2026/02/04,0905,2886,2887,2876,2882,155,41744,0
2026/02/04,0910,2882,2886,2881,2881,81,41734,0
2026/02/04,0915,2884,2886,2882,2886,86,41759,0
2026/02/04,0920,2887,2889,2884,2888,85,41736,0
2026/02/04,0925,2887,2887,2883,2884,30,41723,0
2026/02/04,0930,2884,2886,2884,2884,27,41725,0
2026/02/04,0935,2884,2885,2881,2884,60,41741,0
2026/02/04,0940,2883,2884,2878,2879,75,41777,0
2026/02/04,0945,2879,2885,2877,2885,141,41773,0
2026/02/04,0950,2885,2885,2872,2878,491,41810,0
2026/02/04,0955,2878,2884,2877,2884,58,41803,0
2026/02/04,1000,2884,2887,2882,2883,105,41804,0
2026/02/04,1005,2884,2888,2884,2887,53,41810,0
2026/02/04,1010,2887,2890,2887,2889,195,41749,0
2026/02/04,1015,2887,2890,2887,2888,60,41718,0
2026/02/04,1035,2889,2894,2885,2886,212,41729,0
2026/02/04,1040,2886,2890,2885,2887,57,41739,0
2026/02/04,1045,2887,2895,2887,2895,126,41760,0
2026/02/04,1050,2895,2895,2892,2892,137,41774,0
2026/02/04,1055,2891,2893,2889,2891,48,41762,0
2026/02/04,1100,2889,2889,2881,2886,216,41690,0
2026/02/04,1105,2888,2890,2887,2887,15,41691,0
2026/02/04,1110,2888,2895,2888,2891,82,41698,0
2026/02/04,1115,2892,2902,2892,2897,265,41704,0
2026/02/04,1120,2896,2896,2888,2890,98,41696,0
2026/02/04,1125,2892,2900,2892,2899,157,41722,0
2026/02/04,1130,2900,2902,2897,2901,92,41705,0
2026/02/04,1335,2903,2908,2892,2892,481,41703,0
2026/02/04,1340,2892,2897,2889,2895,143,41716,0
2026/02/04,1345,2896,2897,2893,2893,78,41700,0
2026/02/04,1350,2893,2898,2893,2896,66,41699,0
2026/02/04,1355,2896,2897,2893,2895,54,41692,0
2026/02/04,1400,2895,2895,2888,2888,100,41704,0
2026/02/04,1405,2890,2892,2888,2892,86,41699,0
2026/02/04,1410,2892,2892,2886,2890,96,41687,0
2026/02/04,1415,2890,2894,2890,2894,23,41675,0
2026/02/04,1420,2892,2894,2891,2891,46,41670,0
2026/02/04,1425,2892,2893,2890,2892,86,41671,0
2026/02/04,1430,2893,2893,2891,2893,11,41669,0
2026/02/04,1435,2893,2895,2892,2892,41,41651,0
2026/02/04,1440,2893,2894,2892,2894,9,41649,0
2026/02/04,1445,2894,2897,2894,2896,31,41650,0
2026/02/04,1450,2896,2897,2894,2895,91,41664,0
2026/02/04,1455,2895,2899,2893,2898,76,41657,0
2026/02/04,1500,2897,2899,2895,2898,130,41627,0
2026/02/05,2105,2890,2896,2880,2880,733,41818,0
2026/02/05,2110,2880,2884,2875,2876,457,42004,0
2026/02/05,2115,2876,2879,2864,2866,842,42302,0
2026/02/05,2120,2864,2871,2863,2870,383,42383,0
2026/02/05,2125,2870,2874,2870,2872,117,42426,0
2026/02/05,2130,2873,2873,2869,2870,74,42418,0
2026/02/05,2135,2870,2874,2869,2874,55,42417,0
2026/02/05,2140,2874,2876,2872,2875,43,42415,0
2026/02/05,2145,2875,2876,2871,2872,94,42418,0
2026/02/05,2150,2872,2872,2868,2871,66,42422,0
2026/02/05,2155,2870,2874,2870,2870,52,42444,0
2026/02/05,2200,2872,2873,2869,2869,60,42478,0
2026/02/05,2205,2869,2873,2869,2872,36,42485,0
2026/02/05,2210,2873,2873,2868,2868,72,42511,0
2026/02/05,2215,2868,2871,2868,2870,29,42518,0
2026/02/05,2220,2871,2871,2868,2870,49,42539,0
2026/02/05,2225,2872,2872,2870,2872,31,42553,0
2026/02/05,2230,2872,2873,2871,2873,17,42544,0
2026/02/05,2235,2872,2872,2870,2870,25,42543,0
2026/02/05,2240,2872,2872,2866,2867,102,42543,0
2026/02/05,2245,2867,2869,2862,2867,240,42608,0
2026/02/05,2250,2868,2868,2865,2868,136,42648,0
2026/02/05,2255,2867,2870,2867,2868,37,42633,0
2026/02/05,2300,2868,2870,2866,2868,16,42631,0
2026/02/05,2305,2867,2869,2866,2869,12,42631,0
2026/02/05,2310,2867,2867,2866,2866,18,42629,0
2026/02/05,2315,2867,2868,2866,2868,21,42632,0
2026/02/05,2320,2868,2868,2868,2868,5,42630,0
2026/02/05,2325,2867,2867,2866,2866,16,42627,0
2026/02/05,2330,2868,2868,2866,2866,14,42635,0
2026/02/05,2335,2866,2866,2864,2864,26,42633,0
2026/02/05,2340,2865,2865,2862,2865,33,42631,0
2026/02/05,2345,2864,2866,2864,2865,6,42631,0
2026/02/05,2350,2866,2866,2866,2866,4,42630,0
2026/02/05,2355,2866,2866,2866,2866,1,42630,0
2026/02/05,0000,2867,2868,2867,2868,4,42627,0
2026/02/05,0005,2866,2867,2865,2867,18,42619,0
2026/02/05,0010,2868,2868,2867,2868,5,42619,0
2026/02/05,0015,2868,2869,2867,2868,14,42619,0
2026/02/05,0020,2867,2867,2866,2866,9,42619,0
2026/02/05,0025,2867,2867,2865,2865,7,42616,0
2026/02/05,0030,2867,2868,2866,2868,11,42616,0
2026/02/05,0035,2868,2868,2865,2865,32,42603,0
2026/02/05,0040,2866,2867,2864,2864,43,42583,0
2026/02/05,0045,2860,2864,2860,2863,172,42526,0
2026/02/05,0050,2863,2864,2862,2864,19,42523,0
2026/02/05,0055,2862,2864,2862,2862,12,42520,0
2026/02/05,0100,2863,2863,2860,2862,81,42496,0
2026/02/05,0905,2864,2866,2861,2866,200,42510,0
2026/02/05,0910,2866,2868,2864,2864,130,42574,0
2026/02/05,0915,2864,2865,2855,2859,318,42669,0
2026/02/05,0920,2860,2860,2858,2858,105,42698,0
2026/02/05,0925,2858,2864,2856,2863,134,42680,0
2026/02/05,0930,2862,2864,2859,2862,82,42652,0
2026/02/05,0935,2862,2869,2862,2868,110,42633,0
2026/02/05,0940,2869,2869,2864,2866,47,42625,0
2026/02/05,0945,2865,2865,2860,2862,71,42629,0
2026/02/05,0950,2862,2864,2862,2864,22,42625,0
2026/02/05,0955,2865,2866,2862,2864,67,42602,0
2026/02/05,1000,2862,2863,2854,2855,118,42619,0
2026/02/05,1005,2856,2861,2854,2858,145,42628,0
2026/02/05,1010,2859,2861,2857,2858,64,42633,0
2026/02/05,1015,2858,2861,2854,2857,183,42634,0
2026/02/05,1035,2856,2863,2856,2863,411,42709,0
2026/02/05,1040,2861,2863,2859,2860,297,42715,0
2026/02/05,1045,2861,2862,2855,2857,296,42737,0
2026/02/05,1050,2857,2860,2854,2859,611,42605,0
2026/02/05,1055,2859,2861,2857,2858,329,42631,0
2026/02/05,1100,2858,2859,2853,2853,141,42588,0
2026/02/05,1105,2853,2860,2852,2859,115,42560,0
2026/02/05,1110,2859,2859,2854,2858,130,42520,0
2026/02/05,1115,2859,2874,2859,2865,456,42425,0
2026/02/05,1120,2866,2873,2865,2872,499,42493,0
2026/02/05,1125,2872,2875,2866,2868,314,42421,0
2026/02/05,1130,2869,2872,2865,2869,121,42398,0
2026/02/05,1335,2867,2867,2862,2866,124,42379,0
2026/02/05,1340,2865,2871,2865,2870,98,42365,0
2026/02/05,1345,2869,2869,2867,2867,48,42367,0
2026/02/05,1350,2869,2869,2866,2867,108,42382,0
2026/02/05,1355,2867,2870,2865,2868,32,42375,0
2026/02/05,1400,2868,2869,2861,2865,135,42344,0
2026/02/05,1405,2864,2864,2861,2863,51,42323,0
2026/02/05,1410,2862,2863,2859,2863,97,42294,0
2026/02/05,1415,2862,2863,2861,2863,49,42296,0
2026/02/05,1420,2863,2863,2859,2860,68,42305,0
2026/02/05,1425,2860,2860,2858,2859,24,42297,0
2026/02/05,1430,2860,2865,2858,2863,95,42271,0
2026/02/05,1435,2864,2866,2864,2864,40,42267,0
2026/02/05,1440,2864,2866,2862,2865,28,42263,0
2026/02/05,1445,2866,2867,2863,2867,72,42288,0
2026/02/05,1450,2866,2871,2866,2870,127,42243,0
2026/02/05,1455,2869,2869,2862,2862,166,42183,0
2026/02/05,1500,2864,2866,2862,2866,94,42158,0
2026/02/06,2105,2853,2862,2832,2838,1287,42270,0
2026/02/06,2110,2840,2842,2835,2837,400,42362,0
2026/02/06,2115,2837,2842,2837,2840,280,42429,0
2026/02/06,2120,2839,2844,2838,2842,187,42461,0
2026/02/06,2125,2842,2848,2841,2848,206,42461,0
2026/02/06,2130,2849,2852,2845,2852,257,42497,0
2026/02/06,2135,2853,2883,2852,2880,1047,42517,0
2026/02/06,2140,2879,2915,2874,2899,2255,42390,0
2026/02/06,2145,2899,2904,2888,2892,763,42232,0
2026/02/06,2150,2893,2896,2887,2895,404,42169,0
2026/02/06,2155,2896,2910,2889,2908,567,42129,0
2026/02/06,2200,2907,2927,2903,2923,1870,41960,0
2026/02/06,2205,2922,2933,2909,2910,1335,41954,0
2026/02/06,2210,2910,2915,2904,2905,1400,42305,0
2026/02/06,2215,2906,2911,2898,2899,606,42387,0
2026/02/06,2220,2900,2903,2897,2899,315,42435,0
2026/02/06,2225,2900,2901,2894,2900,350,42434,0
2026/02/06,2230,2900,2909,2899,2903,446,42421,0
2026/02/06,2235,2902,2904,2888,2891,660,42346,0
2026/02/06,2240,2892,2898,2891,2892,142,42338,0
2026/02/06,2245,2893,2894,2886,2887,353,42344,0
2026/02/06,2250,2887,2890,2879,2885,466,42326,0
2026/02/06,2255,2885,2889,2883,2887,168,42357,0
2026/02/06,2300,2888,2892,2887,2888,112,42373,0
2026/02/06,2305,2890,2893,2889,2890,70,42364,0
2026/02/06,2310,2890,2894,2888,2891,94,42376,0
2026/02/06,2315,2890,2890,2887,2888,78,42369,0
2026/02/06,2320,2888,2890,2888,2889,18,42375,0
2026/02/06,2325,2889,2889,2887,2887,22,42380,0
2026/02/06,2330,2888,2889,2887,2888,13,42377,0
2026/02/06,2335,2888,2890,2888,2889,26,42370,0
2026/02/06,2340,2888,2890,2888,2889,7,42371,0
2026/02/06,2345,2888,2889,2888,2888,28,42364,0
2026/02/06,2350,2888,2889,2887,2889,69,42346,0
2026/02/06,2355,2887,2889,2886,2889,26,42339,0
2026/02/06,0000,2887,2889,2887,2889,7,42333,0
2026/02/06,0005,2889,2890,2888,2889,11,42331,0
2026/02/06,0010,2888,2890,2888,2890,14,42321,0
2026/02/06,0015,2890,2892,2890,2891,14,42316,0
2026/02/06,0020,2890,2891,2890,2891,3,42316,0
2026/02/06,0025,2891,2891,2891,2891,1,42316,0
2026/02/06,0030,2891,2892,2891,2891,22,42325,0
2026/02/06,0035,2891,2891,2891,2891,9,42317,0
2026/02/06,0040,2892,2892,2890,2892,30,42315,0
2026/02/06,0045,2893,2893,2892,2892,4,42316,0
2026/02/06,0050,2893,2893,2893,2893,1,42316,0
2026/02/06,0055,2892,2892,2891,2891,12,42308,0
2026/02/06,0100,2893,2896,2892,2895,37,42281,0
2026/02/06,0905,2890,2890,2869,2881,1122,42103,0
2026/02/06,0910,2882,2885,2877,2882,170,42055,0
2026/02/06,0915,2881,2890,2880,2884,219,42006,0
2026/02/06,0920,2885,2900,2885,2900,388,41994,0
2026/02/06,0925,2900,2900,2890,2895,232,41979,0
2026/02/06,0930,2895,2905,2890,2902,418,42017,0
2026/02/06,0935,2902,2905,2894,2898,386,41949,0
2026/02/06,0940,2900,2910,2900,2908,522,41930,0
2026/02/06,0945,2907,2912,2899,2902,364,41856,0
2026/02/06,0950,2903,2911,2903,2903,243,41912,0
2026/02/06,0955,2903,2904,2898,2899,183,41944,0
2026/02/06,1000,2899,2903,2895,2899,161,41953,0
2026/02/06,1005,2897,2903,2896,2902,249,42028,0
2026/02/06,1010,2904,2906,2899,2901,322,42032,0
2026/02/06,1015,2902,2905,2902,2905,245,42136,0
2026/02/06,1035,2906,2916,2906,2908,524,42051,0
2026/02/06,1040,2908,2909,2905,2908,239,41960,0
2026/02/06,1045,2908,2910,2901,2907,266,41949,0
2026/02/06,1050,2907,2909,2904,2908,163,41965,0
2026/02/06,1055,2908,2908,2905,2907,65,41932,0
2026/02/06,1100,2906,2908,2905,2906,118,41949,0
2026/02/06,1105,2906,2915,2905,2914,317,42021,0
2026/02/06,1110,2914,2920,2909,2916,700,42055,0
2026/02/06,1115,2918,2929,2917,2924,685,41957,0
2026/02/06,1120,2923,2929,2917,2919,408,41862,0
2026/02/06,1125,2920,2921,2915,2918,167,41862,0
2026/02/06,1130,2918,2925,2917,2923,391,41696,0
2026/02/06,1335,2923,2928,2916,2919,1044,41532,0
2026/02/06,1340,2918,2918,2904,2904,881,41163,0
2026/02/06,1345,2905,2908,2902,2907,342,41138,0
2026/02/06,1350,2907,2911,2906,2907,243,41108,0
2026/02/06,1355,2909,2913,2909,2912,189,41191,0
2026/02/06,1400,2912,2914,2909,2912,164,41167,0
2026/02/06,1405,2913,2915,2911,2914,141,41157,0
2026/02/06,1410,2913,2918,2912,2918,374,41132,0
2026/02/06,1415,2917,2917,2910,2910,156,41118,0
2026/02/06,1420,2913,2917,2913,2915,121,41086,0
2026/02/06,1425,2915,2916,2911,2912,74,41087,0
2026/02/06,1430,2913,2914,2909,2909,107,41065,0
2026/02/06,1435,2909,2911,2907,2908,203,40989,0
2026/02/06,1440,2907,2911,2906,2910,172,41018,0
2026/02/06,1445,2909,2911,2893,2896,701,41148,0
2026/02/06,1450,2894,2897,2890,2895,614,40987,0
2026/02/06,1455,2895,2898,2892,2894,362,40853,0
2026/02/06,1500,2893,2894,2888,2893,506,40691,0
2026/02/09,2105,2887,2904,2880,2887,1223,40658,0
2026/02/09,2110,2886,2891,2884,2891,295,40747,0
2026/02/09,2115,2887,2891,2883,2887,306,40863,0
2026/02/09,2120,2888,2890,2885,2885,73,40871,0
2026/02/09,2125,2888,2891,2887,2891,65,40859,0
2026/02/09,2130,2891,2891,2885,2888,90,40884,0
2026/02/09,2135,2887,2887,2880,2881,307,40944,0
2026/02/09,2140,2881,2883,2877,2879,325,41007,0
2026/02/09,2145,2879,2881,2874,2880,131,41036,0
2026/02/09,2150,2877,2881,2876,2881,77,41052,0
2026/02/09,2155,2881,2883,2880,2882,50,41049,0
2026/02/09,2200,2882,2884,2880,2884,36,41041,0
2026/02/09,2205,2884,2884,2878,2880,140,41047,0
2026/02/09,2210,2880,2883,2879,2881,153,41030,0
2026/02/09,2215,2881,2881,2879,2879,48,41035,0
2026/02/09,2220,2879,2881,2872,2873,172,41012,0
2026/02/09,2225,2872,2872,2860,2862,514,41149,0
2026/02/09,2230,2862,2863,2853,2853,815,41384,0
2026/02/09,2235,2853,2856,2845,2849,1019,41564,0
2026/02/09,2240,2849,2857,2846,2851,558,41578,0
2026/02/09,2245,2851,2857,2849,2853,159,41611,0
2026/02/09,2250,2854,2856,2852,2855,94,41605,0
2026/02/09,2255,2854,2858,2854,2858,97,41594,0
2026/02/09,2300,2858,2860,2857,2858,153,41587,0
2026/02/09,2305,2859,2860,2857,2859,53,41569,0
2026/02/09,2310,2859,2860,2857,2858,62,41580,0
2026/02/09,2315,2858,2860,2856,2856,56,41574,0
2026/02/09,2320,2856,2859,2856,2858,37,41572,0
2026/02/09,2325,2856,2857,2854,2857,52,41544,0
2026/02/09,2330,2856,2857,2856,2857,12,41541,0
2026/02/09,2335,2856,2858,2856,2857,16,41535,0
2026/02/09,2340,2857,2857,2855,2855,6,41537,0
2026/02/09,2345,2858,2858,2855,2855,8,41539,0
2026/02/09,2350,2855,2856,2855,2855,13,41540,0
2026/02/09,2355,2855,2855,2854,2854,6,41539,0
2026/02/09,0000,2854,2855,2854,2855,16,41536,0
2026/02/09,0005,2856,2856,2853,2853,35,41538,0
2026/02/09,0010,2854,2855,2854,2855,5,41538,0
2026/02/09,0015,2855,2855,2854,2854,22,41538,0
2026/02/09,0020,2854,2854,2853,2854,12,41533,0
2026/02/09,0025,2855,2855,2854,2854,22,41520,0
2026/02/09,0030,2854,2854,2853,2854,9,41513,0
2026/02/09,0035,2855,2857,2855,2857,10,41516,0
2026/02/09,0040,2856,2856,2852,2853,95,41468,0
2026/02/09,0045,2854,2854,2851,2852,57,41433,0
2026/02/09,0050,2851,2852,2851,2852,2,41431,0
2026/02/09,0055,2852,2852,2848,2849,124,41475,0
2026/02/09,0100,2855,2855,2850,2851,162,41455,0
2026/02/09,0905,2855,2878,2852,2871,1557,41705,0
2026/02/09,0910,2872,2874,2866,2869,401,41594,0
2026/02/09,0915,2870,2873,2863,2865,395,41655,0
2026/02/09,0920,2865,2869,2865,2866,103,41694,0
2026/02/09,0925,2865,2873,2865,2873,196,41794,0
2026/02/09,0930,2873,2873,2870,2872,139,41758,0
2026/02/09,0935,2872,2874,2868,2868,81,41755,0
2026/02/09,0940,2868,2872,2866,2872,91,41757,0
2026/02/09,0945,2871,2879,2871,2876,194,41719,0
2026/02/09,0950,2877,2882,2876,2882,207,41654,0
2026/02/09,0955,2880,2883,2878,2883,95,41654,0
2026/02/09,1000,2884,2886,2881,2883,106,41632,0
2026/02/09,1005,2884,2891,2883,2886,402,41525,0
2026/02/09,1010,2886,2892,2886,2889,142,41554,0
2026/02/09,1015,2888,2892,2886,2890,327,41532,0
2026/02/09,1035,2894,2895,2887,2893,214,41549,0
2026/02/09,1040,2893,2976,2892,2958,3736,41031,0
2026/02/09,1045,2957,2989,2957,2988,3846,40774,0
2026/02/09,1050,2988,2999,2969,2975,3408,40608,0
2026/02/09,1055,2974,2974,2963,2963,2024,40382,0
2026/02/09,1100,2963,2970,2956,2959,813,40417,0
2026/02/09,1105,2958,2964,2957,2960,541,40498,0
2026/02/09,1110,2960,2965,2945,2948,857,40350,0
2026/02/09,1115,2947,2950,2934,2939,901,40423,0
2026/02/09,1120,2938,2946,2937,2940,454,40435,0
2026/02/09,1125,2941,2943,2929,2937,805,40614,0
2026/02/09,1130,2937,2937,2926,2930,926,40774,0
2026/02/09,1335,2932,2939,2921,2931,1295,40764,0
2026/02/09,1340,2932,2935,2931,2935,454,40628,0
2026/02/09,1345,2935,2952,2934,2944,499,40572,0
2026/02/09,1350,2944,2949,2942,2947,410,40600,0
2026/02/09,1355,2947,2948,2943,2945,248,40619,0
2026/02/09,1400,2946,2949,2945,2945,279,40603,0
2026/02/09,1405,2946,2946,2943,2945,329,40488,0
2026/02/09,1410,2946,2948,2944,2946,172,40472,0
2026/02/09,1415,2946,2948,2940,2945,196,40453,0
2026/02/09,1420,2946,2946,2937,2938,211,40416,0
2026/02/09,1425,2938,2948,2938,2943,286,40422,0
2026/02/09,1430,2943,2943,2938,2941,129,40385,0
2026/02/09,1435,2941,2942,2932,2932,193,40401,0
2026/02/09,1440,2932,2942,2932,2942,172,40437,0
2026/02/09,1445,2942,2942,2937,2939,82,40456,0
2026/02/09,1450,2940,2942,2938,2939,75,40473,0
2026/02/09,1455,2938,2941,2938,2940,105,40480,0
2026/02/09,1500,2942,2943,2936,2937,180,40408,0
2026/02/10,2105,2917,2944,2917,2939,1431,40704,0
2026/02/10,2110,2940,2942,2927,2930,692,40917,0
2026/02/10,2115,2930,2931,2926,2930,390,40998,0
2026/02/10,2120,2930,2934,2929,2930,286,41086,0
2026/02/10,2125,2931,2931,2922,2927,385,41127,0
2026/02/10,2130,2928,2928,2922,2924,182,41149,0
2026/02/10,2135,2923,2924,2920,2922,185,41213,0
2026/02/10,2140,2922,2925,2920,2921,107,41194,0
2026/02/10,2145,2921,2922,2919,2921,107,41195,0
2026/02/10,2150,2919,2925,2919,2923,127,41168,0
2026/02/10,2155,2924,2930,2923,2925,212,41161,0
2026/02/10,2200,2925,2926,2921,2926,64,41146,0
2026/02/10,2205,2926,2926,2923,2923,62,41156,0
2026/02/10,2210,2922,2924,2922,2923,14,41154,0
2026/02/10,2215,2921,2922,2920,2922,29,41149,0
2026/02/10,2220,2921,2922,2920,2920,115,41108,0
2026/02/10,2225,2921,2925,2921,2924,30,41111,0
2026/02/10,2230,2924,2925,2924,2925,24,41111,0
2026/02/10,2235,2925,2926,2923,2924,69,41151,0
2026/02/10,2240,2924,2930,2923,2929,290,41078,0
2026/02/10,2245,2928,2929,2927,2929,195,41094,0
2026/02/10,2250,2929,2930,2927,2929,106,41088,0
2026/02/10,2255,2928,2928,2927,2928,28,41097,0
2026/02/10,2300,2927,2928,2926,2926,79,41066,0
2026/02/10,2305,2926,2929,2922,2924,138,41074,0
2026/02/10,2310,2924,2924,2921,2923,44,41077,0
2026/02/10,2315,2924,2924,2922,2924,25,41077,0
2026/02/10,2320,2922,2925,2922,2925,39,41077,0
2026/02/10,2325,2923,2926,2923,2925,19,41074,0
2026/02/10,2330,2925,2925,2924,2925,5,41072,0
2026/02/10,2335,2925,2927,2925,2927,8,41071,0
2026/02/10,2340,2926,2926,2925,2926,16,41063,0
2026/02/10,2345,2924,2925,2924,2924,6,41061,0
2026/02/10,2350,2924,2926,2924,2925,8,41063,0
2026/02/10,2355,2926,2927,2926,2927,16,41063,0
2026/02/10,0000,2925,2927,2925,2926,3,41062,0
2026/02/10,0005,2928,2930,2926,2928,54,41059,0
2026/02/10,0010,2929,2929,2927,2927,19,41058,0
2026/02/10,0015,2929,2929,2929,2929,1,41058,0
2026/02/10,0020,2929,2929,2928,2928,3,41059,0
2026/02/10,0025,2929,2929,2929,2929,5,41059,0
2026/02/10,0030,2927,2929,2927,2929,12,41063,0
2026/02/10,0035,2929,2929,2928,2928,9,41063,0
2026/02/10,0040,2929,2929,2927,2929,175,41018,0
2026/02/10,0045,2929,2929,2927,2929,26,41017,0
2026/02/10,0050,2929,2930,2929,2930,14,41017,0
2026/02/10,0055,2930,2934,2929,2934,57,41005,0
2026/02/10,0100,2934,2934,2930,2932,38,41011,0
2026/02/10,0905,2934,2934,2911,2915,1118,41201,0
2026/02/10,0910,2914,2917,2904,2908,743,41311,0
2026/02/10,0915,2907,2915,2907,2914,258,41329,0
2026/02/10,0920,2914,2919,2913,2915,150,41336,0
2026/02/10,0925,2915,2917,2909,2914,212,41352,0
2026/02/10,0930,2914,2918,2913,2917,189,41371,0
2026/02/10,0935,2916,2920,2914,2919,206,41450,0
2026/02/10,0940,2918,2918,2912,2912,136,41485,0
2026/02/10,0945,2911,2913,2909,2909,179,41455,0
2026/02/10,0950,2909,2913,2906,2910,300,41514,0
2026/02/10,0955,2911,2916,2910,2915,147,41538,0
2026/02/10,1000,2914,2915,2913,2914,57,41523,0
2026/02/10,1005,2914,2914,2912,2914,98,41477,0
2026/02/10,1010,2914,2916,2912,2915,157,41415,0
2026/02/10,1015,2916,2918,2914,2916,133,41367,0
2026/02/10,1035,2916,2917,2908,2911,134,41365,0
2026/02/10,1040,2910,2913,2908,2913,90,41342,0
2026/02/10,1045,2910,2913,2908,2911,52,41323,0
2026/02/10,1050,2911,2912,2909,2909,63,41312,0
2026/02/10,1055,2908,2908,2902,2908,354,41307,0
2026/02/10,1100,2907,2909,2905,2905,80,41288,0
2026/02/10,1105,2904,2906,2903,2906,90,41281,0
2026/02/10,1110,2904,2906,2902,2906,280,41383,0
2026/02/10,1115,2905,2906,2902,2904,93,41414,0
2026/02/10,1120,2904,2906,2902,2902,41,41395,0
2026/02/10,1125,2903,2907,2903,2904,75,41398,0
2026/02/10,1130,2904,2906,2897,2897,325,41433,0
2026/02/10,1335,2898,2902,2896,2902,201,41436,0
2026/02/10,1340,2901,2902,2899,2901,57,41439,0
2026/02/10,1345,2901,2902,2893,2895,386,41618,0
2026/02/10,1350,2894,2900,2893,2900,563,41376,0
2026/02/10,1355,2899,2899,2895,2897,316,41441,0
2026/02/10,1400,2897,2904,2895,2904,439,41509,0
2026/02/10,1405,2905,2905,2900,2904,121,41513,0
2026/02/10,1410,2904,2904,2902,2903,55,41513,0
2026/02/10,1415,2903,2906,2901,2905,49,41511,0
2026/02/10,1420,2905,2906,2903,2903,41,41523,0
2026/02/10,1425,2903,2903,2900,2901,114,41496,0
2026/02/10,1430,2900,2903,2899,2901,167,41539,0
2026/02/10,1435,2901,2904,2901,2904,96,41527,0
2026/02/10,1440,2904,2906,2901,2901,427,41520,0
2026/02/10,1445,2902,2907,2901,2907,403,41454,0
2026/02/10,1450,2907,2909,2906,2907,179,41389,0
2026/02/10,1455,2909,2909,2904,2904,54,41392,0
2026/02/10,1500,2904,2905,2901,2905,125,41354,0
2026/02/11,2105,2905,2905,2865,2881,1967,41549,0
2026/02/11,2110,2879,2882,2868,2875,743,41648,0
2026/02/11,2115,2875,2878,2871,2874,401,41669,0
2026/02/11,2120,2873,2876,2871,2876,186,41661,0
2026/02/11,2125,2876,2880,2871,2871,252,41676,0
2026/02/11,2130,2870,2870,2860,2861,816,42003,0
2026/02/11,2135,2860,2863,2858,2863,578,42137,0
2026/02/11,2140,2864,2869,2863,2867,245,42084,0
2026/02/11,2145,2867,2876,2866,2871,353,42057,0
2026/02/11,2150,2873,2876,2872,2872,168,42088,0
2026/02/11,2155,2872,2875,2872,2875,127,42090,0
2026/02/11,2200,2875,2878,2874,2878,93,42096,0
2026/02/11,2205,2877,2878,2874,2875,59,42087,0
2026/02/11,2210,2875,2878,2875,2877,90,42072,0
2026/02/11,2215,2878,2880,2877,2878,143,42051,0
2026/02/11,2220,2878,2878,2877,2878,29,42048,0
2026/02/11,2225,2878,2884,2878,2880,141,42009,0
2026/02/11,2230,2881,2881,2879,2879,81,41976,0
2026/02/11,2235,2879,2883,2878,2883,47,41982,0
2026/02/11,2240,2883,2884,2879,2880,68,41982,0
2026/02/11,2245,2880,2881,2879,2881,30,41979,0
2026/02/11,2250,2882,2882,2877,2877,111,41971,0
2026/02/11,2255,2877,2881,2877,2881,27,41973,0
2026/02/11,2300,2881,2884,2880,2881,62,41946,0
2026/02/11,2305,2880,2880,2878,2878,20,41940,0
2026/02/11,2310,2878,2880,2878,2880,8,41940,0
2026/02/11,2315,2881,2881,2879,2879,13,41938,0
2026/02/11,2320,2881,2882,2880,2881,20,41944,0
2026/02/11,2325,2880,2884,2880,2883,25,41931,0
2026/02/11,2330,2884,2885,2881,2883,40,41906,0
2026/02/11,2335,2881,2882,2881,2882,15,41906,0
2026/02/11,2340,2882,2882,2880,2880,7,41907,0
2026/02/11,2345,2880,2880,2880,2880,9,41913,0
2026/02/11,2350,2880,2880,2880,2880,11,41924,0
2026/02/11,2355,2881,2881,2879,2879,5,41924,0
2026/02/11,0000,2880,2880,2880,2880,4,41924,0
2026/02/11,0005,2880,2880,2879,2879,8,41929,0
2026/02/11,0010,2878,2879,2878,2878,15,41918,0
2026/02/11,0015,2877,2878,2877,2877,53,41915,0
2026/02/11,0020,2877,2878,2877,2878,5,41915,0
2026/02/11,0025,2877,2877,2877,2877,1,41915,0
2026/02/11,0030,2877,2878,2876,2876,12,41915,0
2026/02/11,0035,2877,2877,2877,2877,11,41917,0
2026/02/11,0045,2879,2879,2879,2879,1,41917,0
2026/02/11,0050,2880,2880,2880,2880,32,41923,0
2026/02/11,0055,2879,2879,2878,2878,5,41923,0
2026/02/11,0100,2878,2879,2876,2876,36,41905,0
2026/02/11,0905,2878,2885,2877,2883,194,41861,0
2026/02/11,0910,2882,2886,2878,2880,192,41880,0
2026/02/11,0915,2879,2883,2877,2883,56,41871,0
2026/02/11,0920,2882,2883,2881,2881,33,41885,0
2026/02/11,0925,2882,2885,2880,2884,157,41949,0
2026/02/11,0930,2884,2885,2882,2884,27,41959,0
2026/02/11,0935,2883,2885,2882,2883,130,42037,0
2026/02/11,0940,2883,2889,2883,2887,257,41993,0
2026/02/11,0945,2887,2890,2882,2884,175,42001,0
2026/02/11,0950,2884,2887,2882,2887,44,42008,0
2026/02/11,0955,2888,2889,2887,2889,190,42078,0
2026/02/11,1000,2888,2889,2888,2888,217,42125,0
2026/02/11,1005,2889,2895,2889,2891,218,42222,0
2026/02/11,1010,2891,2895,2890,2895,269,42333,0
2026/02/11,1015,2895,2897,2895,2896,416,42649,0
2026/02/11,1035,2896,2902,2895,2899,459,42728,0
2026/02/11,1040,2899,2903,2899,2902,104,42727,0
2026/02/11,1045,2901,2902,2896,2900,155,42762,0
2026/02/11,1050,2901,2911,2901,2907,241,42743,0
2026/02/11,1055,2906,2912,2906,2909,165,42730,0
2026/02/11,1100,2907,2910,2904,2910,99,42707,0
2026/02/11,1105,2910,2914,2907,2908,232,42661,0
2026/02/11,1110,2908,2908,2906,2906,89,42663,0
2026/02/11,1115,2907,2910,2905,2905,179,42688,0
2026/02/11,1120,2905,2907,2903,2906,45,42683,0
2026/02/11,1125,2906,2911,2906,2909,118,42690,0
2026/02/11,1130,2909,2910,2907,2907,52,42680,0
2026/02/11,1335,2907,2920,2907,2919,528,42556,0
2026/02/11,1340,2920,2924,2918,2922,359,42603,0
2026/02/11,1345,2923,2923,2913,2913,125,42586,0
2026/02/11,1350,2912,2915,2911,2914,74,42589,0
2026/02/11,1355,2914,2917,2912,2912,36,42592,0
2026/02/11,1400,2912,2917,2911,2916,36,42599,0
2026/02/11,1405,2918,2924,2918,2919,337,42532,0
2026/02/11,1410,2918,2921,2917,2920,55,42530,0
2026/02/11,1415,2922,2922,2917,2918,44,42529,0
2026/02/11,1420,2919,2919,2917,2919,29,42534,0
2026/02/11,1425,2920,2920,2912,2914,223,42514,0
2026/02/11,1430,2914,2923,2914,2917,229,42505,0
2026/02/11,1435,2918,2919,2914,2916,84,42499,0
2026/02/11,1440,2915,2916,2913,2915,298,42629,0
2026/02/11,1445,2915,2915,2914,2914,49,42597,0
2026/02/11,1450,2913,2917,2912,2916,93,42586,0
2026/02/11,1455,2917,2917,2908,2911,202,42541,0
2026/02/11,1500,2907,2912,2907,2911,271,42476,0
2026/02/12,2105,2904,2920,2904,2906,951,42215,0
2026/02/12,2110,2906,2910,2902,2908,163,42215,0
2026/02/12,2115,2908,2909,2904,2906,108,42191,0
2026/02/12,2120,2907,2913,2907,2913,119,42196,0
2026/02/12,2125,2913,2913,2906,2906,383,42238,0
2026/02/12,2130,2906,2907,2898,2899,351,42234,0
2026/02/12,2135,2899,2899,2893,2898,328,42204,0
2026/02/12,2140,2897,2897,2892,2893,245,42239,0
2026/02/12,2145,2895,2897,2893,2893,604,42500,0
2026/02/12,2150,2893,2897,2891,2896,418,42670,0
2026/02/12,2155,2897,2897,2892,2896,186,42715,0
2026/02/12,2200,2896,2899,2895,2897,79,42735,0
2026/02/12,2205,2897,2897,2891,2894,176,42804,0
2026/02/12,2210,2894,2896,2892,2894,115,42813,0
2026/02/12,2215,2893,2896,2893,2895,20,42808,0
2026/02/12,2220,2894,2896,2893,2895,82,42813,0
2026/02/12,2225,2895,2898,2895,2896,185,42886,0
2026/02/12,2230,2896,2901,2896,2900,94,42923,0
2026/02/12,2235,2900,2900,2897,2899,83,42978,0
2026/02/12,2240,2898,2898,2895,2896,189,43097,0
2026/02/12,2245,2896,2897,2895,2895,81,43085,0
2026/02/12,2250,2896,2897,2896,2897,18,43083,0
2026/02/12,2255,2897,2899,2896,2897,143,43161,0
2026/02/12,2300,2897,2899,2897,2899,33,43146,0
2026/02/12,2305,2899,2900,2898,2900,67,43173,0
2026/02/12,2310,2901,2901,2898,2899,26,43183,0
2026/02/12,2315,2898,2898,2889,2892,462,43394,0
2026/02/12,2320,2890,2891,2887,2889,118,43406,0
2026/02/12,2325,2889,2891,2888,2888,36,43413,0
2026/02/12,2330,2888,2890,2888,2889,23,43405,0
2026/02/12,2335,2889,2893,2889,2892,164,43503,0
2026/02/12,2340,2893,2894,2891,2891,131,43581,0
2026/02/12,2345,2892,2893,2890,2890,87,43573,0
2026/02/12,2350,2890,2891,2890,2890,31,43576,0
2026/02/12,2355,2890,2892,2890,2891,52,43587,0
2026/02/12,0000,2891,2892,2891,2892,4,43591,0
2026/02/12,0005,2892,2892,2891,2892,40,43591,0
2026/02/12,0010,2890,2890,2890,2890,3,43591,0
2026/02/12,0015,2891,2891,2891,2891,1,43590,0
2026/02/12,0020,2891,2891,2890,2891,11,43590,0
2026/02/12,0025,2891,2891,2891,2891,1,43590,0
2026/02/12,0030,2893,2894,2892,2893,72,43639,0
2026/02/12,0035,2892,2894,2892,2894,10,43636,0
2026/02/12,0040,2894,2894,2893,2893,6,43634,0
2026/02/12,0045,2892,2893,2892,2892,4,43632,0
2026/02/12,0050,2892,2892,2891,2891,4,43632,0
2026/02/12,0055,2893,2894,2893,2894,4,43632,0
2026/02/12,0100,2898,2899,2892,2893,180,43603,0
2026/02/12,0905,2892,2899,2889,2896,709,43881,0
2026/02/12,0910,2896,2896,2888,2891,539,43923,0
2026/02/12,0915,2892,2893,2887,2887,86,43889,0
2026/02/12,0920,2887,2894,2887,2893,685,43699,0
2026/02/12,0925,2893,2895,2892,2895,182,43798,0
2026/02/12,0930,2894,2894,2891,2893,161,43887,0
2026/02/12,0935,2892,2897,2892,2897,89,43833,0
2026/02/12,0940,2896,2896,2894,2895,30,43829,0
2026/02/12,0945,2895,2897,2895,2896,16,43836,0
2026/02/12,0950,2897,2899,2897,2898,24,43835,0
2026/02/12,0955,2899,2899,2895,2897,25,43824,0
2026/02/12,1000,2897,2898,2897,2898,9,43824,0
2026/02/12,1005,2898,2899,2897,2897,23,43828,0
2026/02/12,1010,2898,2905,2898,2901,109,43809,0
2026/02/12,1015,2902,2907,2902,2905,138,43835,0
2026/02/12,1035,2903,2905,2902,2903,38,43823,0
2026/02/12,1040,2902,2902,2898,2898,31,43823,0
2026/02/12,1045,2899,2899,2895,2895,54,43809,0
2026/02/12,1050,2895,2900,2895,2899,16,43806,0
2026/02/12,1055,2898,2900,2898,2900,19,43799,0
2026/02/12,1100,2900,2900,2896,2896,35,43803,0
2026/02/12,1105,2896,2897,2896,2897,15,43794,0
2026/02/12,1110,2896,2899,2895,2899,24,43807,0
2026/02/12,1115,2898,2901,2898,2901,99,43846,0
2026/02/12,1120,2901,2903,2899,2902,30,43859,0
2026/02/12,1125,2904,2904,2901,2901,63,43856,0
2026/02/12,1130,2900,2900,2893,2896,283,43946,0
2026/02/12,1335,2893,2897,2893,2895,44,43936,0
2026/02/12,1340,2894,2897,2892,2892,37,43938,0
2026/02/12,1345,2892,2896,2892,2894,47,43924,0
2026/02/12,1350,2894,2894,2892,2892,23,43921,0
2026/02/12,1355,2892,2893,2891,2891,79,43967,0
2026/02/12,1400,2893,2893,2890,2893,182,43941,0
2026/02/12,1405,2894,2894,2892,2892,60,43955,0
2026/02/12,1410,2893,2893,2885,2887,776,44354,0
2026/02/12,1415,2887,2889,2884,2887,284,44419,0
2026/02/12,1420,2887,2888,2884,2885,84,44434,0
2026/02/12,1425,2885,2891,2885,2890,111,44453,0
2026/02/12,1430,2890,2891,2887,2888,163,44520,0
2026/02/12,1435,2887,2888,2886,2887,38,44513,0
2026/02/12,1440,2886,2888,2885,2887,368,44655,0
2026/02/12,1445,2887,2890,2887,2888,48,44646,0
2026/02/12,1450,2887,2888,2886,2886,57,44645,0
2026/02/12,1455,2886,2886,2884,2885,99,44672,0
2026/02/12,1500,2885,2887,2884,2884,162,44623,0
2026/02/13,2105,2896,2896,2871,2877,907,44597,0
2026/02/13,2110,2878,2882,2877,2880,99,44594,0
2026/02/13,2115,2880,2881,2878,2878,78,44592,0
2026/02/13,2120,2878,2882,2878,2882,53,44605,0
2026/02/13,2125,2882,2882,2878,2879,52,44620,0
2026/02/13,2130,2880,2882,2878,2882,75,44597,0
2026/02/13,2135,2883,2887,2883,2885,116,44576,0
2026/02/13,2140,2884,2891,2884,2890,76,44572,0
2026/02/13,2145,2890,2895,2890,2893,99,44537,0
2026/02/13,2150,2893,2899,2891,2897,161,44515,0
2026/02/13,2155,2899,2915,2899,2910,728,44509,0
2026/02/13,2200,2911,2916,2907,2911,305,44492,0
2026/02/13,2205,2911,2918,2908,2909,397,44422,0
2026/02/13,2210,2908,2909,2903,2903,98,44419,0
2026/02/13,2215,2903,2906,2903,2903,75,44410,0
2026/02/13,2220,2904,2906,2903,2904,102,44392,0
2026/02/13,2225,2903,2905,2900,2901,146,44399,0
2026/02/13,2230,2900,2906,2900,2904,71,44402,0
2026/02/13,2235,2905,2905,2902,2904,40,44394,0
2026/02/13,2240,2905,2908,2903,2903,50,44384,0
2026/02/13,2245,2903,2904,2900,2900,45,44370,0
2026/02/13,2250,2901,2903,2901,2901,66,44358,0
2026/02/13,2255,2901,2903,2901,2901,29,44360,0
2026/02/13,2300,2901,2903,2900,2903,39,44357,0
2026/02/13,2305,2902,2902,2901,2902,12,44353,0
2026/02/13,2310,2901,2903,2901,2903,35,44356,0
2026/02/13,2315,2903,2903,2902,2903,6,44356,0
2026/02/13,2320,2902,2903,2902,2902,9,44351,0
2026/02/13,2325,2901,2902,2901,2901,7,44350,0
2026/02/13,2335,2903,2903,2901,2901,7,44349,0
2026/02/13,2340,2900,2900,2900,2900,8,44345,0
2026/02/13,2345,2901,2902,2901,2902,13,44340,0
2026/02/13,2350,2902,2903,2901,2901,17,44341,0
2026/02/13,2355,2901,2902,2901,2902,2,44339,0
2026/02/13,0000,2902,2903,2902,2903,3,44341,0
2026/02/13,0005,2900,2901,2899,2900,13,44337,0
2026/02/13,0010,2900,2900,2898,2900,47,44309,0
2026/02/13,0015,2899,2899,2894,2894,61,44311,0
2026/02/13,0020,2895,2896,2893,2895,70,44294,0
2026/02/13,0025,2893,2894,2889,2889,64,44291,0
2026/02/13,0030,2890,2891,2888,2890,66,44306,0
2026/02/13,0035,2890,2893,2890,2892,35,44287,0
2026/02/13,0040,2892,2892,2886,2889,47,44290,0
2026/02/13,0045,2889,2891,2889,2890,8,44289,0
2026/02/13,0050,2888,2888,2887,2888,12,44287,0
2026/02/13,0055,2890,2890,2888,2888,10,44286,0
2026/02/13,0100,2888,2889,2887,2887,43,44260,0
2026/02/13,0905,2886,2887,2878,2886,525,44333,0
2026/02/13,0910,2886,2895,2885,2895,189,44398,0
2026/02/13,0915,2896,2905,2894,2904,278,44314,0
2026/02/13,0920,2904,2907,2902,2905,196,44337,0
2026/02/13,0925,2904,2907,2898,2898,164,44348,0
2026/02/13,0930,2898,2901,2897,2899,93,44326,0
2026/02/13,0935,2898,2900,2896,2900,87,44303,0
2026/02/13,0940,2898,2899,2895,2897,98,44286,0
2026/02/13,0945,2896,2902,2896,2898,68,44305,0
2026/02/13,0950,2900,2902,2899,2900,115,44316,0
2026/02/13,0955,2902,2906,2901,2904,164,44375,0
2026/02/13,1000,2904,2905,2901,2904,90,44382,0
2026/02/13,1005,2905,2906,2901,2901,149,44465,0
2026/02/13,1010,2903,2911,2903,2910,222,44432,0
2026/02/13,1015,2911,2911,2906,2908,191,44469,0
2026/02/13,1035,2910,2912,2904,2911,209,44475,0
2026/02/13,1040,2911,2914,2909,2913,160,44483,0
2026/02/13,1045,2914,2915,2909,2914,152,44507,0
2026/02/13,1050,2914,2915,2912,2913,92,44514,0
2026/02/13,1055,2913,2918,2911,2917,340,44591,0
2026/02/13,1100,2917,2918,2914,2916,178,44592,0
2026/02/13,1105,2915,2916,2912,2912,76,44586,0
2026/02/13,1110,2913,2916,2913,2914,64,44571,0
2026/02/13,1115,2913,2915,2912,2912,44,44559,0
2026/02/13,1120,2914,2914,2904,2905,113,44522,0
2026/02/13,1125,2905,2906,2901,2901,66,44513,0
2026/02/13,1130,2902,2909,2901,2907,56,44502,0
2026/02/13,1335,2906,2906,2899,2902,184,44536,0
2026/02/13,1340,2902,2904,2901,2901,94,44548,0
2026/02/13,1345,2901,2904,2900,2902,50,44540,0
2026/02/13,1350,2903,2909,2902,2907,85,44528,0
2026/02/13,1355,2908,2909,2904,2905,118,44497,0
2026/02/13,1400,2905,2905,2903,2903,50,44499,0
2026/02/13,1405,2904,2908,2904,2905,97,44460,0
2026/02/13,1410,2904,2905,2903,2904,58,44423,0
2026/02/13,1415,2906,2906,2903,2904,54,44393,0
2026/02/13,1420,2906,2907,2904,2905,91,44391,0
2026/02/13,1425,2905,2907,2904,2905,45,44379,0
2026/02/13,1430,2905,2905,2904,2905,79,44403,0
2026/02/13,1435,2905,2910,2905,2908,175,44364,0
2026/02/13,1440,2907,2907,2903,2904,128,44355,0
2026/02/13,1445,2904,2904,2898,2900,224,44326,0
2026/02/13,1450,2899,2902,2895,2902,210,44279,0
2026/02/13,1455,2902,2912,2902,2910,245,44176,0
2026/02/13,1500,2911,2912,2906,2912,275,44061,0
2026/02/24,0905,2892,2966,2892,2929,2605,44431,0
2026/02/24,0910,2928,2933,2924,2924,313,44467,0
2026/02/24,0915,2926,2933,2921,2929,362,44456,0
2026/02/24,0920,2930,2935,2921,2924,250,44446,0
2026/02/24,0925,2923,2924,2917,2917,237,44454,0
2026/02/24,0930,2919,2934,2919,2930,241,44511,0
2026/02/24,0935,2931,2931,2918,2925,156,44515,0
2026/02/24,0940,2925,2926,2915,2918,195,44564,0
2026/02/24,0945,2919,2923,2918,2920,110,44576,0
2026/02/24,0950,2920,2920,2907,2913,326,44579,0
2026/02/24,0955,2913,2913,2904,2904,140,44597,0
2026/02/24,1000,2903,2906,2886,2897,794,44644,0
2026/02/24,1005,2896,2900,2891,2900,246,44632,0
2026/02/24,1010,2900,2912,2898,2906,351,44675,0
2026/02/24,1015,2905,2907,2900,2905,95,44691,0
2026/02/24,1035,2906,2908,2902,2907,242,44814,0
2026/02/24,1040,2907,2919,2907,2912,243,44832,0
2026/02/24,1045,2911,2917,2910,2917,89,44854,0
2026/02/24,1050,2916,2918,2914,2917,69,44879,0
2026/02/24,1055,2918,2931,2918,2931,244,44904,0
2026/02/24,1100,2931,2932,2923,2931,238,44857,0
2026/02/24,1105,2930,2931,2927,2929,93,44835,0
2026/02/24,1110,2930,2931,2924,2924,97,44823,0
2026/02/24,1115,2924,2930,2924,2929,66,44809,0
2026/02/24,1120,2930,2936,2929,2934,189,44817,0
2026/02/24,1125,2931,2934,2931,2933,70,44829,0
2026/02/24,1130,2934,2935,2931,2933,197,44873,0
2026/02/24,1335,2931,2936,2925,2927,332,44860,0
2026/02/24,1340,2926,2928,2926,2928,50,44844,0
2026/02/24,1345,2929,2936,2926,2936,171,44853,0
2026/02/24,1350,2935,2935,2931,2931,51,44836,0
2026/02/24,1355,2930,2933,2929,2930,45,44827,0
2026/02/24,1400,2930,2933,2929,2931,33,44828,0
2026/02/24,1405,2932,2936,2932,2935,61,44835,0
2026/02/24,1410,2934,2935,2930,2930,65,44832,0
2026/02/24,1415,2930,2933,2929,2930,44,44821,0
2026/02/24,1420,2930,2931,2927,2929,39,44807,0
2026/02/24,1425,2928,2930,2927,2930,35,44798,0
2026/02/24,1430,2928,2928,2918,2920,145,44785,0
2026/02/24,1435,2921,2921,2911,2914,164,44819,0
2026/02/24,1440,2913,2917,2908,2916,235,44868,0
2026/02/24,1445,2916,2916,2905,2907,157,44854,0
2026/02/24,1450,2907,2911,2905,2911,109,44887,0
2026/02/24,1455,2910,2910,2905,2908,130,44920,0
2026/02/24,1500,2909,2911,2906,2908,224,45003,0
2026/02/25,2105,2902,2930,2902,2921,804,45141,0
2026/02/25,2110,2920,2928,2920,2926,228,45185,0
2026/02/25,2115,2927,2930,2925,2928,249,45230,0
2026/02/25,2120,2929,2930,2927,2929,97,45253,0
2026/02/25,2125,2930,2930,2926,2927,160,45319,0
2026/02/25,2130,2928,2928,2921,2925,333,45498,0
2026/02/25,2135,2925,2927,2915,2918,678,45813,0
2026/02/25,2140,2918,2920,2916,2918,208,45922,0
2026/02/25,2145,2917,2919,2916,2916,161,45909,0
2026/02/25,2150,2917,2918,2913,2913,121,45968,0
2026/02/25,2155,2913,2917,2913,2916,56,45999,0
2026/02/25,2200,2916,2916,2912,2913,67,46022,0
2026/02/25,2205,2913,2914,2910,2914,139,46097,0
2026/02/25,2210,2913,2913,2911,2912,64,46114,0
2026/02/25,2215,2912,2913,2910,2912,81,46158,0
2026/02/25,2220,2912,2913,2912,2913,84,46209,0
2026/02/25,2225,2912,2916,2910,2916,122,46248,0
2026/02/25,2230,2916,2917,2914,2916,101,46275,0
2026/02/25,2235,2915,2916,2914,2915,39,46282,0
2026/02/25,2240,2915,2916,2915,2916,42,46299,0
2026/02/25,2245,2916,2917,2915,2917,59,46327,0
2026/02/25,2250,2917,2917,2914,2915,85,46365,0
2026/02/25,2255,2916,2918,2916,2917,57,46372,0
2026/02/25,2300,2916,2917,2914,2916,53,46379,0
2026/02/25,2305,2915,2917,2915,2915,38,46380,0
2026/02/25,2310,2916,2918,2916,2917,26,46379,0
2026/02/25,2315,2916,2917,2916,2917,11,46377,0
2026/02/25,2320,2917,2917,2915,2915,12,46376,0
2026/02/25,2325,2916,2917,2916,2916,4,46377,0
2026/02/25,2330,2917,2917,2916,2916,6,46376,0
2026/02/25,2335,2917,2917,2917,2917,2,46377,0
2026/02/25,2340,2915,2916,2915,2916,2,46378,0
2026/02/25,2345,2916,2916,2915,2915,20,46391,0
2026/02/25,2350,2915,2917,2915,2915,9,46395,0
2026/02/25,2355,2915,2915,2915,2915,3,46393,0
2026/02/25,0000,2917,2917,2916,2916,12,46389,0
2026/02/25,0005,2917,2917,2917,2917,2,46387,0
2026/02/25,0010,2918,2918,2916,2916,8,46390,0
2026/02/25,0015,2917,2919,2916,2919,23,46396,0
2026/02/25,0020,2917,2917,2917,2917,7,46401,0
2026/02/25,0035,2918,2918,2916,2916,10,46399,0
2026/02/25,0040,2917,2917,2916,2917,7,46400,0
2026/02/25,0045,2918,2918,2918,2918,2,46402,0
2026/02/25,0050,2916,2916,2916,2916,3,46399,0
2026/02/25,0055,2915,2917,2915,2917,3,46400,0
2026/02/25,0100,2915,2919,2915,2917,38,46394,0
2026/02/25,0905,2919,2925,2917,2924,274,46401,0
2026/02/25,0910,2924,2928,2920,2925,249,46483,0
2026/02/25,0915,2925,2925,2921,2925,158,46513,0
2026/02/25,0920,2925,2928,2924,2926,218,46560,0
2026/02/25,0925,2926,2929,2926,2926,150,46571,0
2026/02/25,0930,2926,2927,2922,2924,84,46577,0
2026/02/25,0935,2924,2925,2924,2925,110,46594,0
2026/02/25,0940,2925,2928,2925,2928,90,46586,0
2026/02/25,0945,2928,2930,2928,2929,243,46562,0
2026/02/25,0950,2930,2930,2927,2928,69,46534,0
2026/02/25,0955,2928,2928,2925,2927,96,46541,0
2026/02/25,1000,2926,2926,2920,2920,106,46523,0
2026/02/25,1005,2921,2923,2920,2921,136,46530,0
2026/02/25,1010,2922,2923,2921,2921,69,46557,0
2026/02/25,1015,2921,2924,2919,2919,86,46580,0
2026/02/25,1035,2920,2923,2920,2923,157,46641,0
2026/02/25,1040,2923,2930,2923,2928,242,46591,0
2026/02/25,1045,2928,2929,2925,2928,76,46596,0
2026/02/25,1050,2928,2931,2927,2931,143,46635,0
2026/02/25,1055,2931,2931,2927,2928,69,46618,0
2026/02/25,1100,2929,2935,2928,2934,263,46713,0
2026/02/25,1105,2934,2934,2929,2930,125,46668,0
2026/02/25,1110,2931,2935,2931,2934,198,46682,0
2026/02/25,1115,2934,2935,2932,2933,119,46661,0
2026/02/25,1120,2933,2934,2930,2933,111,46647,0
2026/02/25,1125,2933,2933,2931,2931,30,46645,0
2026/02/25,1130,2932,2933,2929,2929,47,46643,0
2026/02/25,1335,2932,2934,2930,2933,145,46707,0
2026/02/25,1340,2933,2936,2932,2935,133,46716,0
2026/02/25,1345,2934,2935,2930,2933,118,46714,0
2026/02/25,1350,2932,2939,2931,2939,203,46718,0
2026/02/25,1355,2939,2940,2935,2938,144,46705,0
2026/02/25,1400,2940,2940,2936,2938,103,46720,0
2026/02/25,1405,2938,2938,2930,2933,297,46794,0
2026/02/25,1410,2933,2935,2927,2931,207,46799,0
2026/02/25,1415,2931,2935,2931,2931,78,46823,0
2026/02/25,1420,2930,2933,2930,2931,116,46815,0
2026/02/25,1425,2933,2935,2932,2932,48,46808,0
2026/02/25,1430,2933,2935,2932,2934,98,46783,0
2026/02/25,1435,2934,2956,2934,2946,1207,46959,0
2026/02/25,1440,2946,2955,2945,2954,551,47074,0
2026/02/25,1445,2954,2955,2946,2947,256,47064,0
2026/02/25,1450,2946,2950,2946,2947,135,47083,0
2026/02/25,1455,2946,2948,2942,2943,215,47032,0
2026/02/25,1500,2943,2946,2943,2944,301,47078,0
2026/02/26,2105,2955,2955,2938,2939,502,47133,0
2026/02/26,2110,2939,2939,2935,2935,280,47172,0
2026/02/26,2115,2935,2937,2932,2934,440,47322,0
2026/02/26,2120,2934,2936,2931,2935,497,47535,0
2026/02/26,2125,2935,2940,2935,2939,178,47574,0
2026/02/26,2130,2937,2938,2935,2937,160,47648,0
2026/02/26,2135,2937,2937,2933,2936,250,47773,0
2026/02/26,2140,2936,2937,2934,2936,92,47748,0
2026/02/26,2145,2936,2936,2930,2931,267,47694,0
2026/02/26,2150,2931,2934,2929,2930,323,47802,0
2026/02/26,2155,2930,2932,2930,2931,58,47811,0
2026/02/26,2200,2931,2936,2931,2935,98,47825,0
2026/02/26,2205,2935,2938,2934,2935,108,47808,0
2026/02/26,2210,2935,2935,2934,2934,13,47803,0
2026/02/26,2215,2935,2936,2934,2935,24,47797,0
2026/02/26,2220,2936,2937,2934,2934,63,47773,0
2026/02/26,2225,2934,2935,2933,2935,38,47767,0
2026/02/26,2230,2934,2934,2933,2933,38,47765,0
2026/02/26,2235,2933,2935,2932,2934,58,47762,0
2026/02/26,2240,2934,2934,2932,2932,42,47752,0
2026/02/26,2245,2932,2933,2931,2932,75,47784,0
2026/02/26,2250,2933,2934,2933,2933,34,47794,0
2026/02/26,2255,2933,2937,2933,2936,41,47793,0
2026/02/26,2300,2937,2940,2937,2940,138,47798,0
2026/02/26,2305,2938,2939,2938,2938,45,47807,0
2026/02/26,2310,2939,2945,2939,2943,261,47930,0
2026/02/26,2315,2943,2952,2943,2949,816,48203,0
2026/02/26,2320,2949,2951,2948,2951,319,48314,0
2026/02/26,2325,2951,2955,2950,2951,449,48392,0
2026/02/26,2330,2950,2951,2948,2949,142,48389,0
2026/02/26,2335,2948,2948,2945,2948,50,48377,0
2026/02/26,2340,2947,2950,2947,2949,61,48373,0
2026/02/26,2345,2949,2949,2948,2948,19,48368,0
2026/02/26,2350,2948,2948,2948,2948,3,48368,0
2026/02/26,2355,2948,2948,2946,2947,20,48361,0
2026/02/26,0000,2947,2948,2947,2948,8,48356,0
2026/02/26,0005,2946,2948,2946,2947,20,48349,0
2026/02/26,0010,2948,2948,2946,2947,6,48348,0
2026/02/26,0015,2948,2948,2946,2946,10,48352,0
2026/02/26,0020,2948,2948,2948,2948,4,48352,0
2026/02/26,0025,2947,2949,2947,2948,102,48339,0
2026/02/26,0030,2948,2948,2947,2947,11,48339,0
2026/02/26,0035,2947,2947,2946,2946,8,48338,0
2026/02/26,0040,2945,2947,2945,2947,9,48336,0
2026/02/26,0045,2946,2946,2946,2946,17,48327,0
2026/02/26,0050,2946,2947,2946,2947,4,48328,0
2026/02/26,0055,2945,2947,2945,2947,39,48346,0
2026/02/26,0100,2947,2948,2946,2948,34,48342,0
2026/02/26,0905,2949,2949,2935,2940,569,48418,0
2026/02/26,0910,2940,2944,2940,2941,148,48444,0
2026/02/26,0915,2941,2957,2941,2953,873,48820,0
2026/02/26,0920,2953,2960,2953,2954,674,48901,0
2026/02/26,0925,2954,2954,2943,2946,340,48949,0
2026/02/26,0930,2947,2949,2945,2947,110,48957,0
2026/02/26,0935,2947,2947,2945,2947,153,48984,0
2026/02/26,0940,2947,2948,2942,2943,101,48982,0
2026/02/26,0945,2944,2944,2938,2940,306,48985,0
2026/02/26,0950,2941,2945,2941,2945,55,48981,0
2026/02/26,0955,2944,2945,2942,2944,102,49015,0
2026/02/26,1000,2944,2947,2941,2941,198,49072,0
2026/02/26,1005,2941,2945,2940,2941,73,49069,0
2026/02/26,1010,2940,2943,2935,2937,206,49086,0
2026/02/26,1015,2937,2940,2935,2935,241,49075,0
2026/02/26,1035,2937,2937,2930,2931,653,49202,0
2026/02/26,1040,2930,2930,2924,2925,878,49463,0
2026/02/26,1045,2925,2925,2917,2919,780,49659,0
2026/02/26,1050,2918,2920,2915,2917,575,49846,0
2026/02/26,1055,2918,2922,2915,2921,452,50009,0
2026/02/26,1100,2921,2922,2902,2906,1486,50208,0
2026/02/26,1105,2905,2913,2905,2911,446,50244,0
2026/02/26,1110,2910,2910,2898,2898,948,50679,0
2026/02/26,1115,2898,2906,2896,2905,607,50720,0
2026/02/26,1120,2905,2905,2900,2904,208,50776,0
2026/02/26,1125,2904,2907,2902,2906,246,50813,0
2026/02/26,1130,2906,2908,2904,2907,312,50744,0
2026/02/26,1335,2907,2909,2903,2904,573,50886,0
2026/02/26,1340,2905,2905,2899,2901,210,50925,0
2026/02/26,1345,2901,2907,2900,2905,135,50950,0
2026/02/26,1350,2906,2906,2903,2905,156,51035,0
2026/02/26,1355,2905,2906,2903,2904,375,50877,0
2026/02/26,1400,2903,2904,2901,2902,82,50906,0
2026/02/26,1405,2901,2903,2900,2902,287,51022,0
2026/02/26,1410,2900,2903,2897,2903,193,51005,0
2026/02/26,1415,2903,2904,2901,2904,58,51014,0
2026/02/26,1420,2904,2904,2889,2892,697,51266,0
2026/02/26,1425,2892,2899,2889,2898,349,51295,0
2026/02/26,1430,2898,2899,2893,2894,142,51310,0
2026/02/26,1435,2893,2896,2891,2893,219,51357,0
2026/02/26,1440,2893,2897,2892,2895,215,51399,0
2026/02/26,1445,2897,2897,2893,2896,169,51397,0
2026/02/26,1450,2896,2898,2896,2897,77,51395,0
2026/02/26,1455,2896,2902,2896,2901,148,51409,0
2026/02/26,1500,2900,2902,2899,2901,184,51358,0
2026/02/27,2105,2886,2900,2881,2890,1119,51676,0
2026/02/27,2110,2890,2891,2873,2878,1469,51883,0
2026/02/27,2115,2877,2881,2867,2867,944,52169,0
2026/02/27,2120,2867,2868,2863,2865,852,52397,0
2026/02/27,2125,2865,2871,2864,2866,517,52378,0
2026/02/27,2130,2867,2867,2862,2864,561,52413,0
2026/02/27,2135,2864,2865,2860,2863,475,52558,0
2026/02/27,2140,2863,2864,2860,2863,252,52586,0
2026/02/27,2145,2863,2864,2860,2861,393,52581,0
2026/02/27,2150,2861,2863,2859,2861,459,52655,0
2026/02/27,2155,2860,2860,2855,2859,601,52682,0
2026/02/27,2200,2859,2863,2857,2862,458,52873,0
2026/02/27,2205,2860,2861,2852,2854,960,53239,0
2026/02/27,2210,2855,2856,2849,2851,698,53605,0
2026/02/27,2215,2851,2853,2847,2851,488,53765,0
2026/02/27,2220,2851,2854,2849,2850,409,53935,0
2026/02/27,2225,2850,2851,2849,2851,192,53976,0
2026/02/27,2230,2851,2851,2845,2847,501,54162,0
2026/02/27,2235,2847,2848,2837,2840,1160,54136,0
2026/02/27,2240,2841,2842,2835,2837,423,54113,0
2026/02/27,2245,2836,2837,2831,2833,474,54192,0
2026/02/27,2250,2832,2841,2832,2839,567,54065,0
2026/02/27,2255,2836,2838,2834,2835,167,54079,0
2026/02/27,2300,2832,2836,2829,2835,393,54106,0
2026/02/27,2305,2834,2839,2833,2836,202,54129,0
2026/02/27,2310,2837,2838,2836,2837,66,54136,0
2026/02/27,2315,2837,2838,2835,2835,42,54153,0
2026/02/27,2320,2836,2837,2835,2836,52,54135,0
2026/02/27,2325,2836,2837,2836,2836,13,54140,0
2026/02/27,2330,2837,2837,2833,2835,57,54150,0
2026/02/27,2335,2834,2836,2834,2835,24,54151,0
2026/02/27,2340,2836,2836,2834,2836,43,54143,0
2026/02/27,2345,2836,2838,2834,2838,62,54168,0
2026/02/27,2350,2837,2841,2836,2841,70,54163,0
2026/02/27,2355,2840,2841,2838,2839,31,54155,0
2026/02/27,0000,2839,2840,2838,2839,37,54172,0
2026/02/27,0005,2839,2839,2837,2839,14,54169,0
2026/02/27,0010,2839,2840,2838,2839,10,54175,0
2026/02/27,0015,2840,2840,2838,2839,9,54176,0
2026/02/27,0020,2839,2841,2838,2840,19,54173,0
2026/02/27,0025,2840,2841,2839,2841,6,54177,0
2026/02/27,0030,2840,2845,2840,2841,118,54164,0
2026/02/27,0035,2842,2842,2840,2842,20,54173,0
2026/02/27,0040,2841,2842,2840,2840,5,54175,0
2026/02/27,0045,2840,2841,2840,2841,11,54175,0
2026/02/27,0050,2840,2840,2839,2839,4,54171,0
2026/02/27,0055,2839,2840,2838,2838,31,54171,0
2026/02/27,0100,2839,2842,2836,2836,76,54159,0
2026/02/27,0905,2844,2848,2834,2834,604,54304,0
2026/02/27,0910,2834,2834,2826,2830,764,54404,0
2026/02/27,0915,2830,2832,2824,2825,585,54449,0
2026/02/27,0920,2824,2829,2823,2828,238,54495,0
2026/02/27,0925,2829,2829,2822,2828,192,54564,0
2026/02/27,0930,2827,2833,2826,2830,346,54443,0
2026/02/27,0935,2829,2833,2827,2832,114,54443,0
2026/02/27,0940,2833,2835,2828,2831,159,54430,0
2026/02/27,0945,2830,2833,2830,2830,111,54447,0
2026/02/27,0950,2831,2833,2829,2831,81,54460,0
2026/02/27,0955,2832,2838,2829,2838,175,54486,0
2026/02/27,1000,2838,2841,2837,2838,380,54640,0
2026/02/27,1005,2839,2842,2836,2842,292,54659,0
2026/02/27,1010,2841,2844,2838,2842,150,54639,0
2026/02/27,1015,2842,2845,2840,2842,140,54669,0
2026/02/27,1035,2843,2847,2840,2845,143,54681,0
2026/02/27,1040,2843,2845,2841,2844,86,54666,0
2026/02/27,1045,2844,2846,2842,2845,99,54693,0
2026/02/27,1050,2844,2846,2842,2844,58,54693,0
2026/02/27,1055,2845,2846,2841,2843,153,54707,0
2026/02/27,1100,2843,2844,2839,2841,430,54837,0
2026/02/27,1105,2842,2843,2838,2840,113,54878,0
2026/02/27,1110,2840,2841,2835,2837,191,54954,0
2026/02/27,1115,2836,2837,2832,2833,170,55007,0
2026/02/27,1120,2834,2836,2832,2834,155,55065,0
2026/02/27,1125,2834,2834,2826,2826,337,55195,0
2026/02/27,1130,2826,2828,2825,2827,223,55257,0
2026/02/27,1335,2827,2833,2827,2829,537,55295,0
2026/02/27,1340,2829,2835,2828,2832,717,55257,0
2026/02/27,1345,2832,2833,2830,2832,154,55239,0
2026/02/27,1350,2831,2833,2830,2831,116,55254,0
2026/02/27,1355,2831,2832,2829,2830,223,55310,0
2026/02/27,1400,2830,2831,2828,2830,141,55321,0
2026/02/27,1405,2829,2831,2827,2828,192,55364,0
2026/02/27,1410,2829,2833,2829,2830,196,55411,0
2026/02/27,1415,2830,2832,2828,2830,259,55418,0
2026/02/27,1420,2830,2831,2827,2827,201,55428,0
2026/02/27,1425,2827,2833,2827,2831,153,55449,0
2026/02/27,1430,2833,2836,2830,2831,378,55498,0
2026/02/27,1435,2830,2832,2827,2828,208,55587,0
2026/02/27,1440,2828,2832,2828,2830,356,55587,0
2026/02/27,1445,2831,2833,2830,2830,73,55618,0
2026/02/27,1450,2830,2834,2830,2833,115,55626,0
2026/02/27,1455,2833,2835,2830,2835,205,55640,0
2026/02/27,1500,2835,2839,2834,2836,426,55648,0
2026/03/02,2105,2838,2850,2832,2849,1288,55786,0
2026/03/02,2110,2849,2853,2847,2851,551,55785,0
2026/03/02,2115,2851,2862,2848,2862,803,55726,0
2026/03/02,2120,2863,2863,2854,2855,332,55744,0
2026/03/02,2125,2855,2855,2850,2852,400,55776,0
2026/03/02,2130,2852,2853,2850,2852,151,55822,0
2026/03/02,2135,2852,2854,2851,2852,88,55838,0
2026/03/02,2140,2853,2854,2847,2847,176,55869,0
2026/03/02,2145,2847,2848,2845,2846,230,55935,0
2026/03/02,2150,2845,2846,2840,2842,278,55929,0
2026/03/02,2155,2841,2844,2840,2840,115,55960,0
2026/03/02,2200,2841,2843,2839,2841,207,56023,0
2026/03/02,2205,2842,2844,2841,2842,89,56051,0
2026/03/02,2210,2843,2844,2842,2843,31,56043,0
2026/03/02,2215,2842,2843,2837,2839,214,56088,0
2026/03/02,2220,2839,2842,2839,2841,116,56153,0
2026/03/02,2225,2841,2843,2841,2842,78,56195,0
2026/03/02,2230,2842,2842,2840,2842,39,56192,0
2026/03/02,2235,2841,2842,2836,2838,227,56201,0
2026/03/02,2240,2837,2839,2837,2837,85,56186,0
2026/03/02,2245,2837,2837,2835,2836,112,56144,0
2026/03/02,2250,2837,2838,2835,2837,53,56117,0
2026/03/02,2255,2838,2840,2838,2839,49,56116,0
2026/03/02,2300,2839,2840,2838,2839,50,56113,0
2026/03/02,2305,2839,2840,2837,2837,32,56125,0
2026/03/02,2310,2838,2840,2838,2838,8,56123,0
2026/03/02,2315,2840,2840,2839,2839,16,56128,0
2026/03/02,2320,2840,2840,2839,2839,27,56131,0
2026/03/02,2325,2838,2840,2838,2838,10,56130,0
2026/03/02,2330,2838,2841,2838,2841,22,56123,0
2026/03/02,2335,2839,2841,2839,2839,7,56126,0
2026/03/02,2340,2839,2840,2839,2840,7,56126,0
2026/03/02,2345,2841,2841,2839,2839,3,56126,0
2026/03/02,2350,2839,2840,2839,2839,11,56127,0
2026/03/02,2355,2839,2841,2839,2840,12,56127,0
2026/03/02,0000,2839,2840,2839,2839,11,56129,0
2026/03/02,0005,2839,2840,2839,2839,12,56133,0
2026/03/02,0010,2841,2841,2839,2840,6,56134,0
2026/03/02,0015,2839,2839,2839,2839,58,56172,0
2026/03/02,0020,2838,2842,2838,2842,41,56163,0
2026/03/02,0025,2841,2841,2840,2840,21,56153,0
2026/03/02,0030,2840,2841,2840,2841,2,56151,0
2026/03/02,0035,2840,2841,2840,2840,7,56152,0
2026/03/02,0040,2839,2841,2839,2840,26,56142,0
2026/03/02,0045,2840,2840,2839,2839,10,56139,0
2026/03/02,0050,2839,2840,2839,2839,13,56136,0
2026/03/02,0055,2841,2841,2839,2840,26,56127,0
2026/03/02,0100,2839,2841,2837,2837,70,56111,0
2026/03/02,0905,2846,2852,2837,2846,1317,56133,0
2026/03/02,0910,2845,2854,2845,2848,673,56197,0
2026/03/02,0915,2849,2850,2841,2843,375,56171,0
2026/03/02,0920,2843,2845,2839,2839,297,56144,0
2026/03/02,0925,2839,2841,2834,2834,530,56079,0
2026/03/02,0930,2834,2840,2834,2838,332,55972,0
2026/03/02,0935,2838,2844,2837,2839,221,55920,0
2026/03/02,0940,2839,2841,2836,2840,168,55931,0
2026/03/02,0945,2841,2842,2839,2839,142,55963,0
2026/03/02,0950,2840,2844,2840,2842,109,55946,0
2026/03/02,0955,2841,2844,2840,2842,86,55958,0
2026/03/02,1000,2842,2843,2840,2842,47,55939,0
2026/03/02,1005,2842,2846,2841,2843,107,55916,0
2026/03/02,1010,2843,2843,2838,2839,218,55858,0
2026/03/02,1015,2839,2840,2835,2839,169,55815,0
2026/03/02,1035,2839,2848,2839,2847,296,55761,0
2026/03/02,1040,2846,2846,2838,2840,190,55737,0
2026/03/02,1045,2839,2842,2839,2842,47,55729,0
2026/03/02,1050,2841,2845,2840,2843,57,55713,0
2026/03/02,1055,2844,2847,2843,2845,98,55703,0
2026/03/02,1100,2844,2846,2842,2843,35,55695,0
2026/03/02,1105,2844,2845,2842,2844,91,55728,0
2026/03/02,1110,2845,2849,2845,2847,203,55699,0
2026/03/02,1115,2847,2849,2845,2846,87,55700,0
2026/03/02,1120,2844,2854,2843,2853,327,55601,0
2026/03/02,1125,2852,2854,2850,2853,166,55572,0
2026/03/02,1130,2853,2858,2850,2855,359,55366,0
2026/03/02,1335,2855,2859,2854,2856,335,55307,0
2026/03/02,1340,2857,2857,2854,2857,150,55360,0
2026/03/02,1345,2857,2860,2856,2858,254,55446,0
2026/03/02,1350,2858,2859,2856,2856,90,55428,0
2026/03/02,1355,2856,2860,2855,2859,197,55464,0
2026/03/02,1400,2858,2859,2854,2857,703,55283,0
2026/03/02,1405,2856,2856,2850,2855,843,54974,0
2026/03/02,1410,2855,2858,2853,2853,112,54981,0
2026/03/02,1415,2853,2856,2853,2854,83,54973,0
2026/03/02,1420,2854,2855,2853,2853,132,54985,0
2026/03/02,1425,2854,2856,2853,2853,98,54972,0
2026/03/02,1430,2853,2863,2853,2862,503,55005,0
2026/03/02,1435,2862,2865,2858,2860,449,54888,0
2026/03/02,1440,2860,2861,2855,2858,1546,54037,0
2026/03/02,1445,2859,2859,2854,2857,541,53765,0
2026/03/02,1450,2856,2859,2856,2857,141,53715,0
2026/03/02,1455,2857,2857,2853,2856,372,53616,0
2026/03/02,1500,2854,2857,2853,2857,235,53568,0
2026/03/03,2105,2861,2863,2856,2858,716,53531,0
2026/03/03,2110,2857,2862,2855,2858,589,53488,0
2026/03/03,2115,2858,2860,2853,2854,289,53440,0
2026/03/03,2120,2855,2857,2854,2856,113,53459,0
2026/03/03,2125,2856,2857,2854,2855,108,53479,0
2026/03/03,2130,2854,2854,2848,2853,600,53454,0
2026/03/03,2135,2852,2853,2845,2848,307,53409,0
2026/03/03,2140,2848,2854,2848,2852,194,53423,0
2026/03/03,2145,2853,2855,2850,2853,180,53502,0
2026/03/03,2150,2852,2852,2848,2851,57,53496,0
2026/03/03,2155,2851,2852,2850,2851,81,53456,0
2026/03/03,2200,2851,2852,2850,2852,58,53460,0
2026/03/03,2205,2852,2853,2850,2852,97,53465,0
2026/03/03,2210,2852,2853,2849,2850,91,53444,0
2026/03/03,2215,2848,2849,2847,2848,109,53429,0
2026/03/03,2220,2850,2851,2846,2846,95,53399,0
2026/03/03,2225,2847,2848,2844,2845,284,53559,0
2026/03/03,2230,2844,2847,2841,2846,195,53545,0
2026/03/03,2235,2846,2849,2846,2846,294,53332,0
2026/03/03,2240,2846,2850,2845,2849,69,53323,0
2026/03/03,2245,2847,2849,2847,2848,78,53327,0
2026/03/03,2250,2848,2849,2845,2847,373,53363,0
2026/03/03,2255,2846,2847,2844,2847,66,53341,0
2026/03/03,2300,2846,2849,2845,2848,47,53336,0
2026/03/03,2305,2847,2850,2847,2848,76,53344,0
2026/03/03,2310,2848,2849,2847,2849,41,53333,0
2026/03/03,2315,2850,2850,2848,2848,31,53335,0
2026/03/03,2320,2848,2849,2848,2849,9,53339,0
2026/03/03,2325,2849,2851,2849,2851,10,53333,0
2026/03/03,2330,2851,2851,2850,2850,9,53335,0
2026/03/03,2335,2850,2852,2850,2850,12,53333,0
2026/03/03,2340,2850,2850,2849,2849,5,53333,0
2026/03/03,2345,2850,2850,2849,2849,7,53334,0
2026/03/03,2350,2849,2849,2848,2849,11,53344,0
2026/03/03,2355,2849,2849,2848,2848,6,53344,0
2026/03/03,0000,2847,2849,2847,2848,14,53347,0
2026/03/03,0005,2847,2847,2847,2847,5,53347,0
2026/03/03,0010,2847,2847,2847,2847,4,53350,0
2026/03/03,0015,2846,2847,2846,2847,6,53351,0
2026/03/03,0020,2846,2846,2846,2846,2,53351,0
2026/03/03,0025,2846,2847,2846,2847,5,53347,0
2026/03/03,0030,2847,2848,2846,2846,16,53342,0
2026/03/03,0035,2845,2847,2845,2847,15,53345,0
2026/03/03,0040,2846,2848,2846,2848,20,53348,0
2026/03/03,0045,2847,2847,2846,2846,51,53314,0
2026/03/03,0050,2846,2847,2845,2847,3,53314,0
2026/03/03,0055,2846,2846,2846,2846,11,53320,0
2026/03/03,0100,2846,2848,2845,2846,60,53299,0
2026/03/03,0905,2850,2858,2847,2853,426,53276,0
2026/03/03,0910,2852,2855,2847,2850,259,53342,0
2026/03/03,0915,2850,2851,2848,2850,273,53374,0
2026/03/03,0920,2850,2858,2850,2857,225,53416,0
2026/03/03,0925,2857,2862,2857,2861,282,53513,0
2026/03/03,0930,2861,2868,2859,2866,538,53559,0
2026/03/03,0935,2866,2867,2860,2862,254,53528,0
2026/03/03,0940,2861,2865,2858,2859,101,53539,0
2026/03/03,0945,2859,2864,2859,2863,260,53609,0
2026/03/03,0950,2862,2864,2857,2858,201,53601,0
2026/03/03,0955,2857,2860,2855,2856,169,53559,0
2026/03/03,1000,2857,2859,2854,2857,200,53497,0
2026/03/03,1005,2857,2861,2856,2860,162,53490,0
2026/03/03,1010,2859,2859,2857,2859,181,53533,0
2026/03/03,1015,2858,2859,2852,2853,257,53529,0
2026/03/03,1035,2855,2864,2855,2864,295,53544,0
2026/03/03,1040,2864,2867,2861,2862,225,53543,0
2026/03/03,1045,2862,2862,2858,2861,142,53500,0
2026/03/03,1050,2861,2875,2860,2871,565,53376,0
2026/03/03,1055,2874,2878,2867,2870,303,53337,0
2026/03/03,1100,2873,2876,2872,2875,353,53301,0
2026/03/03,1105,2875,2876,2872,2874,102,53286,0
2026/03/03,1110,2874,2875,2870,2871,169,53277,0
2026/03/03,1115,2871,2876,2870,2875,130,53232,0
2026/03/03,1120,2875,2875,2872,2874,59,53236,0
2026/03/03,1125,2873,2881,2873,2878,238,53194,0
2026/03/03,1130,2880,2885,2877,2879,490,53175,0
2026/03/03,1335,2879,2886,2875,2885,663,52998,0
2026/03/03,1340,2887,2915,2885,2906,3117,52528,0
2026/03/03,1345,2906,2918,2896,2912,1053,52426,0
2026/03/03,1350,2912,2917,2901,2902,1216,52401,0
2026/03/03,1355,2903,2905,2895,2900,754,52371,0
2026/03/03,1400,2900,2901,2890,2895,698,52205,0
2026/03/03,1405,2895,2902,2893,2895,499,52104,0
2026/03/03,1410,2895,2895,2888,2893,620,52022,0
2026/03/03,1415,2893,2897,2888,2890,475,51929,0
2026/03/03,1420,2890,2894,2888,2893,230,51985,0
2026/03/03,1425,2892,2895,2878,2879,724,52059,0
2026/03/03,1430,2880,2889,2876,2889,666,52013,0
2026/03/03,1435,2889,2889,2883,2887,155,52010,0
2026/03/03,1440,2888,2888,2878,2882,273,51997,0
2026/03/03,1445,2883,2886,2879,2884,221,51993,0
2026/03/03,1450,2885,2894,2884,2890,322,51972,0
2026/03/03,1455,2891,2893,2889,2890,174,51996,0
2026/03/03,1500,2891,2891,2887,2888,282,51897,0
2026/03/04,2105,2904,2904,2885,2893,1435,51933,0
2026/03/04,2110,2893,2895,2884,2888,690,51841,0
2026/03/04,2115,2889,2893,2888,2889,357,51823,0
2026/03/04,2120,2888,2891,2886,2890,98,51828,0
2026/03/04,2125,2890,2897,2888,2896,468,51866,0
2026/03/04,2130,2896,2900,2895,2898,272,51938,0
2026/03/04,2135,2898,2899,2894,2895,234,51955,0
2026/03/04,2140,2895,2899,2894,2897,142,51948,0
2026/03/04,2145,2897,2905,2897,2903,686,52067,0
2026/03/04,2150,2903,2903,2899,2902,181,52049,0
2026/03/04,2155,2902,2907,2900,2902,497,52157,0
2026/03/04,2200,2902,2904,2900,2901,224,52139,0
2026/03/04,2205,2901,2903,2898,2900,206,52144,0
2026/03/04,2210,2901,2901,2890,2890,351,52143,0
2026/03/04,2215,2890,2893,2889,2892,277,52062,0
2026/03/04,2220,2892,2892,2886,2887,231,52065,0
2026/03/04,2225,2888,2891,2887,2889,118,52053,0
2026/03/04,2230,2890,2892,2888,2889,141,52060,0
2026/03/04,2235,2890,2890,2881,2883,311,52043,0
2026/03/04,2240,2883,2887,2882,2882,280,52019,0
2026/03/04,2245,2882,2883,2874,2874,787,51779,0
2026/03/04,2250,2873,2875,2868,2868,499,51835,0
2026/03/04,2255,2867,2869,2862,2868,926,51642,0
2026/03/04,2300,2868,2873,2868,2871,281,51563,0
2026/03/04,2305,2870,2877,2869,2876,342,51491,0
2026/03/04,2310,2875,2877,2875,2876,134,51452,0
2026/03/04,2315,2876,2877,2874,2876,74,51451,0
2026/03/04,2320,2876,2876,2873,2875,61,51456,0
2026/03/04,2325,2875,2877,2875,2877,37,51438,0
2026/03/04,2330,2876,2876,2874,2875,45,51432,0
2026/03/04,2335,2875,2876,2874,2876,23,51421,0
2026/03/04,2340,2876,2876,2876,2876,35,51424,0
2026/03/04,2345,2876,2877,2875,2875,32,51414,0
2026/03/04,2350,2875,2876,2874,2874,12,51419,0
2026/03/04,2355,2875,2876,2875,2875,19,51425,0
2026/03/04,0000,2875,2877,2875,2877,24,51428,0
2026/03/04,0005,2876,2876,2875,2876,21,51424,0
2026/03/04,0010,2876,2879,2875,2877,93,51435,0
2026/03/04,0015,2877,2877,2876,2877,49,51474,0
2026/03/04,0020,2877,2878,2876,2878,4,51473,0
2026/03/04,0025,2878,2878,2877,2877,11,51471,0
2026/03/04,0030,2878,2878,2877,2877,26,51476,0
2026/03/04,0035,2878,2878,2876,2877,46,51488,0
2026/03/04,0040,2878,2878,2878,2878,2,51486,0
2026/03/04,0045,2877,2879,2877,2877,53,51481,0
2026/03/04,0050,2878,2878,2876,2878,29,51482,0
2026/03/04,0055,2878,2878,2877,2877,5,51481,0
2026/03/04,0100,2878,2879,2876,2879,63,51452,0
2026/03/04,0905,2878,2880,2867,2869,1013,51373,0
2026/03/04,0910,2870,2874,2868,2870,240,51385,0
2026/03/04,0915,2872,2879,2870,2876,601,51236,0
2026/03/04,0920,2876,2881,2873,2874,360,51187,0
2026/03/04,0925,2874,2874,2867,2868,380,51261,0
2026/03/04,0930,2867,2872,2865,2868,342,51291,0
2026/03/04,0935,2867,2872,2860,2863,745,51205,0
2026/03/04,0940,2864,2868,2864,2866,186,51234,0
2026/03/04,0945,2866,2869,2863,2867,315,51134,0
2026/03/04,0950,2866,2869,2866,2867,180,51060,0
2026/03/04,0955,2868,2868,2859,2862,386,51054,0
2026/03/04,1000,2862,2864,2860,2863,128,51033,0
2026/03/04,1005,2863,2871,2862,2869,428,50924,0
2026/03/04,1010,2869,2873,2868,2870,241,50849,0
2026/03/04,1015,2873,2873,2869,2871,128,50844,0
2026/03/04,1035,2871,2871,2858,2861,650,51026,0
2026/03/04,1040,2861,2866,2861,2866,190,50984,0
2026/03/04,1045,2866,2870,2866,2868,147,50914,0
2026/03/04,1050,2869,2871,2867,2869,199,50864,0
2026/03/04,1055,2869,2871,2865,2866,112,50866,0
2026/03/04,1100,2865,2870,2865,2870,53,50860,0
2026/03/04,1105,2870,2870,2858,2858,322,50902,0
2026/03/04,1110,2859,2868,2859,2866,141,50887,0
2026/03/04,1115,2867,2875,2867,2874,219,50845,0
2026/03/04,1120,2873,2879,2872,2878,245,50774,0
2026/03/04,1125,2877,2882,2874,2874,399,50674,0
2026/03/04,1130,2874,2876,2869,2873,159,50682,0
2026/03/04,1335,2869,2878,2869,2870,180,50654,0
2026/03/04,1340,2870,2870,2865,2868,176,50660,0
2026/03/04,1345,2869,2872,2867,2870,100,50671,0
2026/03/04,1350,2870,2874,2867,2872,154,50712,0
2026/03/04,1355,2872,2874,2866,2866,144,50747,0
2026/03/04,1400,2866,2871,2865,2868,94,50756,0
2026/03/04,1405,2868,2868,2863,2866,786,51230,0
2026/03/04,1410,2866,2867,2865,2866,215,51190,0
2026/03/04,1415,2867,2867,2862,2863,723,51136,0
2026/03/04,1420,2864,2867,2864,2866,81,51124,0
2026/03/04,1425,2865,2867,2861,2864,296,51185,0
2026/03/04,1430,2865,2868,2863,2868,128,51212,0
2026/03/04,1435,2865,2868,2865,2866,96,51221,0
2026/03/04,1440,2865,2868,2865,2867,120,51204,0
2026/03/04,1445,2867,2867,2862,2864,603,50936,0
2026/03/04,1450,2863,2864,2861,2864,161,50934,0
2026/03/04,1455,2863,2863,2859,2863,383,50968,0
2026/03/04,1500,2867,2867,2862,2863,320,50875,0
2026/03/05,2105,2869,2869,2851,2858,2231,51618,0
2026/03/05,2110,2857,2858,2851,2854,509,51717,0
2026/03/05,2115,2855,2856,2851,2856,493,51911,0
2026/03/05,2120,2855,2856,2846,2852,762,52168,0
2026/03/05,2125,2850,2856,2850,2856,248,52229,0
2026/03/05,2130,2855,2857,2854,2857,221,52309,0
2026/03/05,2135,2857,2859,2854,2857,336,52352,0
2026/03/05,2140,2856,2856,2848,2852,287,52399,0
2026/03/05,2145,2853,2853,2849,2851,112,52411,0
2026/03/05,2150,2851,2851,2846,2848,403,52426,0
2026/03/05,2155,2848,2850,2845,2849,376,52513,0
2026/03/05,2200,2848,2849,2847,2848,127,52536,0
2026/03/05,2205,2848,2850,2846,2850,163,52575,0
2026/03/05,2210,2849,2855,2849,2853,294,52606,0
2026/03/05,2215,2853,2856,2850,2851,267,52641,0
2026/03/05,2220,2850,2851,2846,2847,263,52671,0
2026/03/05,2225,2846,2848,2841,2843,541,52797,0
2026/03/05,2230,2843,2848,2843,2848,134,52838,0
2026/03/05,2235,2848,2851,2848,2851,144,52846,0
2026/03/05,2240,2851,2854,2851,2852,210,52846,0
2026/03/05,2245,2851,2852,2850,2851,85,52813,0
2026/03/05,2250,2851,2855,2850,2852,185,52786,0
2026/03/05,2255,2852,2854,2851,2853,89,52795,0
2026/03/05,2300,2853,2854,2850,2853,107,52782,0
2026/03/05,2305,2851,2854,2851,2853,53,52788,0
2026/03/05,2310,2853,2854,2852,2853,46,52800,0
2026/03/05,2315,2853,2853,2850,2850,62,52801,0
2026/03/05,2320,2850,2851,2850,2851,8,52809,0
2026/03/05,2325,2851,2851,2850,2850,99,52851,0
2026/03/05,2330,2850,2850,2850,2850,33,52846,0
2026/03/05,2335,2851,2851,2851,2851,2,52846,0
2026/03/05,2340,2850,2851,2850,2850,15,52845,0
2026/03/05,2345,2850,2851,2850,2851,12,52853,0
2026/03/05,2350,2851,2851,2850,2851,9,52853,0
2026/03/05,2355,2851,2851,2851,2851,1,52853,0
2026/03/05,0000,2851,2852,2851,2852,14,52851,0
2026/03/05,0005,2852,2852,2852,2852,9,52844,0
2026/03/05,0010,2853,2853,2853,2853,4,52842,0
2026/03/05,0015,2852,2852,2852,2852,1,52842,0
2026/03/05,0025,2853,2853,2851,2851,9,52839,0
2026/03/05,0030,2851,2852,2851,2852,9,52835,0
2026/03/05,0035,2851,2851,2849,2849,73,52895,0
2026/03/05,0040,2850,2852,2850,2850,12,52892,0
2026/03/05,0045,2850,2851,2850,2851,5,52887,0
2026/03/05,0050,2852,2852,2851,2851,4,52891,0
2026/03/05,0100,2851,2854,2850,2850,54,52870,0
2026/03/05,0905,2852,2864,2850,2856,1554,53042,0
2026/03/05,0910,2857,2859,2854,2855,346,53024,0
2026/03/05,0915,2856,2860,2852,2860,461,53066,0
2026/03/05,0920,2860,2865,2857,2863,890,53050,0
2026/03/05,0925,2862,2864,2859,2863,312,53132,0
2026/03/05,0930,2863,2866,2861,2863,356,53117,0
2026/03/05,0935,2863,2865,2859,2860,242,53085,0
2026/03/05,0940,2860,2864,2858,2864,322,52991,0
2026/03/05,0945,2864,2869,2862,2862,279,52965,0
2026/03/05,0950,2862,2865,2860,2865,200,52926,0
2026/03/05,0955,2866,2869,2864,2867,197,52899,0
2026/03/05,1000,2866,2868,2864,2866,263,52987,0
2026/03/05,1005,2866,2866,2863,2866,102,52976,0
2026/03/05,1010,2866,2868,2863,2863,147,52986,0
2026/03/05,1015,2864,2868,2864,2867,113,52984,0
2026/03/05,1035,2868,2875,2868,2872,517,53017,0
2026/03/05,1040,2873,2874,2868,2872,437,53070,0
2026/03/05,1045,2872,2875,2866,2870,995,53508,0
2026/03/05,1050,2869,2875,2866,2872,173,53534,0
2026/03/05,1055,2871,2875,2870,2873,214,53503,0
2026/03/05,1100,2873,2883,2873,2880,1021,53623,0
2026/03/05,1105,2881,2885,2877,2878,1146,53850,0
2026/03/05,1110,2878,2878,2871,2871,264,53856,0
2026/03/05,1115,2871,2873,2866,2869,406,53962,0
2026/03/05,1120,2869,2878,2869,2877,259,54010,0
2026/03/05,1125,2877,2894,2877,2892,1784,54053,0
2026/03/05,1130,2893,2896,2886,2892,951,53969,0
2026/03/05,1335,2892,2906,2892,2899,2224,54362,0
2026/03/05,1340,2898,2906,2898,2902,1193,54362,0
2026/03/05,1345,2901,2902,2895,2898,621,54436,0
2026/03/05,1350,2899,2900,2889,2892,938,54394,0
2026/03/05,1355,2892,2898,2890,2896,462,54428,0
2026/03/05,1400,2896,2898,2882,2882,652,54470,0
2026/03/05,1405,2883,2885,2878,2884,880,54470,0
2026/03/05,1410,2884,2884,2872,2875,1036,54450,0
2026/03/05,1415,2876,2889,2873,2887,546,54331,0
2026/03/05,1420,2887,2890,2883,2890,494,54218,0
2026/03/05,1425,2889,2889,2886,2888,158,54197,0
2026/03/05,1430,2888,2890,2887,2888,213,54144,0
2026/03/05,1435,2888,2891,2885,2889,741,54524,0
2026/03/05,1440,2890,2893,2889,2892,233,54578,0
2026/03/05,1445,2892,2903,2892,2899,949,54792,0
2026/03/05,1450,2900,2903,2889,2889,574,54851,0
2026/03/05,1455,2891,2891,2874,2878,1303,54979,0
2026/03/05,1500,2878,2884,2876,2882,490,54936,0
2026/03/06,2105,2878,2903,2877,2889,1902,55204,0
2026/03/06,2110,2890,2890,2879,2880,943,55480,0
2026/03/06,2115,2881,2882,2873,2876,715,55771,0
2026/03/06,2120,2874,2877,2870,2872,503,55861,0
2026/03/06,2125,2872,2873,2866,2871,427,55881,0
2026/03/06,2130,2870,2872,2868,2871,276,55929,0
2026/03/06,2135,2870,2872,2868,2871,234,55965,0
2026/03/06,2140,2871,2871,2868,2871,180,55954,0
2026/03/06,2145,2871,2876,2869,2871,277,55866,0
2026/03/06,2150,2871,2874,2870,2871,659,56063,0
2026/03/06,2155,2872,2879,2871,2878,594,56201,0
2026/03/06,2200,2878,2879,2874,2876,254,56200,0
2026/03/06,2205,2875,2876,2874,2875,115,56199,0
2026/03/06,2210,2876,2879,2873,2879,222,56164,0
2026/03/06,2215,2878,2878,2875,2876,103,56156,0
2026/03/06,2220,2876,2878,2874,2878,85,56156,0
2026/03/06,2225,2877,2878,2876,2878,89,56158,0
2026/03/06,2230,2878,2878,2874,2877,340,56285,0
2026/03/06,2235,2877,2877,2874,2877,141,56289,0
2026/03/06,2240,2877,2880,2873,2873,177,56314,0
2026/03/06,2245,2874,2874,2873,2873,47,56307,0
2026/03/06,2250,2874,2875,2873,2874,51,56313,0
2026/03/06,2255,2875,2875,2872,2872,107,56302,0
2026/03/06,2300,2873,2880,2873,2878,282,56382,0
2026/03/06,2305,2877,2883,2877,2879,234,56402,0
2026/03/06,2310,2879,2880,2874,2876,121,56390,0
2026/03/06,2315,2876,2877,2875,2877,34,56387,0
2026/03/06,2320,2878,2878,2877,2878,15,56389,0
2026/03/06,2325,2878,2879,2877,2878,37,56376,0
2026/03/06,2330,2879,2879,2876,2876,26,56371,0
2026/03/06,2335,2876,2877,2875,2877,16,56358,0
2026/03/06,2340,2875,2877,2874,2875,72,56356,0
2026/03/06,2345,2876,2876,2875,2875,12,56355,0
2026/03/06,2350,2875,2877,2875,2876,21,56343,0
2026/03/06,2355,2877,2878,2877,2878,10,56348,0
2026/03/06,0000,2877,2878,2877,2878,24,56358,0
2026/03/06,0005,2878,2878,2877,2878,4,56358,0
2026/03/06,0010,2877,2878,2877,2878,6,56359,0
2026/03/06,0015,2877,2877,2877,2877,1,56359,0
2026/03/06,0020,2877,2877,2876,2876,4,56358,0
2026/03/06,0025,2876,2876,2875,2875,11,56354,0
2026/03/06,0030,2875,2875,2875,2875,1,56354,0
2026/03/06,0035,2877,2878,2877,2877,8,56352,0
2026/03/06,0040,2876,2876,2875,2876,7,56356,0
2026/03/06,0050,2875,2876,2875,2876,4,56357,0
2026/03/06,0055,2874,2875,2874,2875,28,56355,0
2026/03/06,0100,2876,2877,2874,2877,56,56335,0
2026/03/06,0905,2876,2877,2861,2865,1058,56732,0
2026/03/06,0910,2864,2871,2863,2869,205,56762,0
2026/03/06,0915,2869,2870,2865,2870,183,56835,0
2026/03/06,0920,2870,2872,2868,2872,165,56858,0
2026/03/06,0925,2872,2874,2871,2874,106,56860,0
2026/03/06,0930,2874,2876,2871,2873,350,56852,0
2026/03/06,0935,2874,2880,2874,2880,275,56839,0
2026/03/06,0940,2879,2884,2878,2881,248,56829,0
2026/03/06,0945,2882,2890,2881,2887,497,56741,0
2026/03/06,0950,2888,2891,2887,2888,299,56747,0
2026/03/06,0955,2889,2895,2888,2893,269,56692,0
2026/03/06,1000,2893,2896,2889,2894,462,56556,0
2026/03/06,1005,2895,2895,2889,2891,339,56513,0
2026/03/06,1010,2893,2896,2892,2894,287,56459,0
2026/03/06,1015,2892,2895,2890,2892,213,56457,0
2026/03/06,1035,2892,2897,2889,2890,258,56374,0
2026/03/06,1040,2889,2891,2887,2887,114,56360,0
2026/03/06,1045,2889,2901,2888,2900,453,56392,0
2026/03/06,1050,2899,2904,2896,2897,704,56400,0
2026/03/06,1055,2896,2902,2896,2899,286,56436,0
2026/03/06,1100,2899,2901,2896,2901,186,56438,0
2026/03/06,1105,2901,2901,2896,2901,265,56352,0
2026/03/06,1110,2901,2901,2897,2897,128,56390,0
2026/03/06,1115,2897,2899,2893,2896,189,56346,0
2026/03/06,1120,2896,2905,2892,2900,364,56278,0
2026/03/06,1125,2900,2901,2896,2897,119,56271,0
2026/03/06,1130,2898,2900,2897,2897,108,56274,0
2026/03/06,1335,2899,2909,2898,2909,761,56377,0
2026/03/06,1340,2909,2911,2904,2905,522,56307,0
2026/03/06,1345,2905,2907,2902,2905,363,56269,0
2026/03/06,1350,2906,2907,2899,2900,441,56328,0
2026/03/06,1355,2900,2903,2896,2902,337,56284,0
2026/03/06,1400,2902,2909,2901,2907,435,56330,0
2026/03/06,1405,2907,2908,2905,2907,164,56339,0
2026/03/06,1410,2906,2909,2903,2907,322,56389,0
2026/03/06,1415,2906,2906,2899,2903,563,56249,0
2026/03/06,1420,2903,2907,2901,2907,253,56294,0
2026/03/06,1425,2907,2911,2907,2910,659,56384,0
2026/03/06,1430,2910,2910,2905,2908,277,56352,0
2026/03/06,1435,2908,2909,2903,2907,189,56362,0
2026/03/06,1440,2907,2907,2903,2905,214,56330,0
2026/03/06,1445,2905,2907,2903,2903,305,56365,0
2026/03/06,1450,2903,2913,2903,2910,439,56512,0
2026/03/06,1455,2910,2913,2907,2911,480,56397,0
2026/03/06,1500,2911,2916,2908,2910,886,56257,0
2026/03/09,2105,2915,2933,2905,2928,3993,56639,0
2026/03/09,2110,2929,2929,2916,2920,2059,56125,0
2026/03/09,2115,2922,2925,2916,2918,873,56058,0
2026/03/09,2120,2920,2922,2911,2920,676,56182,0
2026/03/09,2125,2921,2929,2917,2929,642,56276,0
2026/03/09,2130,2929,2931,2920,2925,378,56269,0
2026/03/09,2135,2925,2925,2912,2915,711,56251,0
2026/03/09,2140,2915,2923,2915,2921,307,56241,0
2026/03/09,2145,2921,2925,2920,2924,365,56219,0
2026/03/09,2150,2927,2932,2925,2931,711,56319,0
2026/03/09,2155,2932,2940,2928,2933,938,56364,0
2026/03/09,2200,2933,2936,2931,2932,455,56277,0
2026/03/09,2205,2935,2945,2933,2940,1163,56357,0
2026/03/09,2210,2942,2942,2932,2941,667,56488,0
2026/03/09,2215,2941,2942,2933,2937,396,56541,0
2026/03/09,2220,2938,2941,2934,2937,227,56571,0
2026/03/09,2225,2937,2937,2926,2934,362,56547,0
2026/03/09,2230,2934,2934,2925,2926,767,56854,0
2026/03/09,2235,2926,2926,2919,2925,1017,57207,0
2026/03/09,2240,2924,2928,2923,2925,641,57403,0
2026/03/09,2245,2925,2926,2921,2925,768,57632,0
2026/03/09,2250,2925,2926,2919,2926,708,57863,0
2026/03/09,2255,2926,2929,2923,2926,195,57874,0
2026/03/09,2300,2926,2931,2924,2931,199,57851,0
2026/03/09,2305,2930,2934,2929,2930,457,57833,0
2026/03/09,2310,2930,2931,2928,2931,198,57909,0
2026/03/09,2315,2931,2931,2928,2931,95,57936,0
2026/03/09,2320,2931,2931,2929,2929,51,57940,0
2026/03/09,2325,2929,2930,2927,2929,69,57954,0
2026/03/09,2330,2929,2930,2928,2930,57,57949,0
2026/03/09,2335,2928,2930,2928,2930,50,57978,0
2026/03/09,2340,2929,2931,2929,2930,47,57979,0
2026/03/09,2345,2930,2931,2929,2931,60,58018,0
2026/03/09,2350,2930,2932,2930,2930,87,58048,0
2026/03/09,2355,2930,2931,2929,2929,52,58036,0
2026/03/09,0000,2930,2934,2930,2932,64,58046,0
2026/03/09,0005,2932,2935,2932,2934,87,58062,0
2026/03/09,0010,2934,2937,2934,2937,90,58043,0
2026/03/09,0015,2938,2949,2937,2946,509,58099,0
2026/03/09,0020,2948,2982,2948,2977,2642,58150,0
2026/03/09,0025,2976,2980,2969,2972,513,58186,0
2026/03/09,0030,2971,3005,2971,2989,1976,57919,0
2026/03/09,0035,2990,3021,2989,2996,2480,57839,0
2026/03/09,0040,2998,3008,2983,2986,1224,58028,0
2026/03/09,0045,2986,2989,2977,2982,1267,58120,0
2026/03/09,0050,2983,2984,2976,2981,836,58316,0
2026/03/09,0055,2982,2983,2968,2968,731,58495,0
2026/03/09,0100,2968,2971,2958,2970,747,58393,0
2026/03/09,0905,3000,3068,2986,3038,8557,57713,0
2026/03/09,0910,3039,3120,3039,3083,8992,57249,0
2026/03/09,0915,3083,3103,3077,3092,5391,56923,0
2026/03/09,0920,3090,3103,3083,3085,3739,57047,0
2026/03/09,0925,3086,3087,3055,3066,3383,56879,0
2026/03/09,0930,3066,3072,3047,3061,2454,56931,0
2026/03/09,0935,3060,3070,3048,3051,2375,57151,0
2026/03/09,0940,3051,3068,3045,3054,2182,57205,0
2026/03/09,0945,3054,3067,3053,3065,791,57291,0
2026/03/09,0950,3064,3078,3058,3066,1403,57413,0
2026/03/09,0955,3066,3088,3060,3086,1739,57233,0
2026/03/09,1000,3087,3090,3080,3084,1836,56816,0
2026/03/09,1005,3083,3088,3076,3087,746,56702,0
2026/03/09,1010,3087,3093,3077,3079,1297,56657,0
2026/03/09,1015,3080,3085,3074,3082,2127,57120,0
2026/03/09,1035,3081,3090,3065,3072,2371,57109,0
2026/03/09,1040,3073,3073,3063,3070,1624,57134,0
2026/03/09,1045,3071,3079,3067,3073,1528,57321,0
2026/03/09,1050,3072,3078,3068,3071,1306,57323,0
2026/03/09,1055,3070,3070,3061,3062,1424,57305,0
2026/03/09,1100,3062,3067,3059,3066,1788,57621,0
2026/03/09,1105,3066,3074,3050,3050,1654,57972,0
2026/03/09,1110,3049,3052,3037,3047,2392,58009,0
2026/03/09,1115,3047,3049,3031,3045,1304,58014,0
2026/03/09,1120,3046,3059,3045,3055,769,57980,0
2026/03/09,1125,3055,3060,3052,3055,762,57817,0
2026/03/09,1130,3055,3060,3052,3059,1271,57552,0
2026/03/09,1335,3058,3058,3016,3020,3300,57824,0
2026/03/09,1340,3017,3021,2965,2971,7738,59084,0
2026/03/09,1345,2970,2981,2959,2970,3346,59297,0
2026/03/09,1350,2971,2980,2952,2959,2917,58904,0
2026/03/09,1355,2957,2974,2952,2972,1861,58731,0
2026/03/09,1400,2973,2975,2953,2963,1710,58475,0
2026/03/09,1405,2962,2971,2956,2966,944,58277,0
2026/03/09,1410,2966,2966,2930,2935,2932,58216,0
2026/03/09,1415,2934,2953,2934,2951,1506,58153,0
2026/03/09,1420,2952,2955,2944,2944,1096,58048,0
2026/03/09,1425,2946,2959,2942,2956,1160,58145,0
2026/03/09,1430,2956,2963,2951,2963,614,58177,0
2026/03/09,1435,2962,2964,2953,2959,740,58107,0
2026/03/09,1440,2959,2963,2957,2960,433,58106,0
2026/03/09,1445,2959,2966,2957,2965,909,58082,0
2026/03/09,1450,2964,2979,2964,2968,1637,57723,0
2026/03/09,1455,2968,2970,2957,2961,1048,57948,0
2026/03/09,1500,2962,2965,2955,2957,845,58024,0
2026/03/10,2105,2960,2960,2939,2949,2598,58468,0
2026/03/10,2110,2950,2953,2916,2921,3784,59220,0
2026/03/10,2115,2922,2934,2916,2927,1532,59448,0
2026/03/10,2120,2928,2934,2927,2930,784,59554,0
2026/03/10,2125,2930,2935,2926,2929,729,59550,0
2026/03/10,2130,2930,2942,2928,2940,1314,59487,0
2026/03/10,2135,2940,2940,2920,2923,1542,59816,0
2026/03/10,2140,2923,2929,2923,2928,554,59721,0
2026/03/10,2145,2929,2936,2928,2934,604,59574,0
2026/03/10,2150,2934,2935,2924,2926,486,59618,0
2026/03/10,2155,2925,2934,2922,2933,459,59622,0
2026/03/10,2200,2932,2936,2929,2931,396,59630,0
2026/03/10,2205,2931,2940,2929,2937,315,59644,0
2026/03/10,2210,2937,2945,2935,2941,907,59654,0
2026/03/10,2215,2940,2943,2935,2936,358,59641,0
2026/03/10,2220,2937,2942,2935,2937,445,59684,0
2026/03/10,2225,2937,2939,2931,2934,364,59706,0
2026/03/10,2230,2934,2936,2930,2930,378,59806,0
2026/03/10,2235,2931,2933,2926,2931,330,59792,0
2026/03/10,2240,2932,2933,2927,2929,218,59885,0
2026/03/10,2245,2929,2931,2924,2929,292,60021,0
2026/03/10,2250,2929,2930,2926,2928,249,60025,0
2026/03/10,2255,2928,2931,2925,2931,241,60007,0
2026/03/10,2300,2932,2935,2931,2935,231,59959,0
2026/03/10,2305,2934,2940,2933,2934,417,60067,0
2026/03/10,2310,2935,2936,2933,2933,107,60056,0
2026/03/10,2315,2934,2935,2932,2933,72,60041,0
2026/03/10,2320,2933,2934,2932,2933,30,60052,0
2026/03/10,2325,2933,2933,2927,2930,148,60117,0
2026/03/10,2330,2930,2931,2929,2930,67,60126,0
2026/03/10,2335,2931,2931,2925,2929,117,60173,0
2026/03/10,2340,2930,2933,2929,2931,160,60257,0
2026/03/10,2345,2932,2933,2931,2933,60,60284,0
2026/03/10,2350,2932,2933,2932,2933,27,60285,0
2026/03/10,2355,2933,2933,2931,2931,39,60265,0
2026/03/10,0000,2932,2933,2931,2932,19,60269,0
2026/03/10,0005,2933,2935,2933,2934,44,60289,0
2026/03/10,0010,2935,2935,2932,2934,76,60311,0
2026/03/10,0015,2935,2935,2933,2935,61,60352,0
2026/03/10,0020,2935,2935,2931,2931,34,60352,0
2026/03/10,0025,2932,2933,2931,2932,20,60359,0
2026/03/10,0030,2932,2935,2932,2933,33,60358,0
2026/03/10,0035,2932,2934,2932,2934,4,60359,0
2026/03/10,0040,2932,2932,2931,2931,2,60358,0
2026/03/10,0045,2931,2933,2930,2930,49,60373,0
2026/03/10,0050,2930,2931,2929,2931,49,60356,0
2026/03/10,0055,2931,2936,2931,2932,320,60354,0
2026/03/10,0100,2932,2937,2932,2934,271,60335,0
2026/03/10,0905,2926,2926,2891,2893,6080,61477,0
2026/03/10,0910,2893,2905,2891,2903,2014,61828,0
2026/03/10,0915,2901,2918,2899,2901,1539,61837,0
2026/03/10,0920,2901,2910,2898,2905,1114,61975,0
2026/03/10,0925,2905,2909,2903,2909,487,61957,0
2026/03/10,0930,2909,2909,2893,2897,1001,62232,0
2026/03/10,0935,2897,2898,2885,2888,2161,62218,0
2026/03/10,0940,2886,2891,2883,2889,903,62252,0
2026/03/10,0945,2889,2900,2889,2896,453,62240,0
2026/03/10,0950,2896,2896,2887,2892,434,62323,0
2026/03/10,0955,2892,2894,2888,2892,362,62352,0
2026/03/10,1000,2891,2899,2891,2899,349,62394,0
2026/03/10,1005,2899,2901,2895,2897,328,62377,0
2026/03/10,1010,2897,2901,2897,2898,115,62394,0
2026/03/10,1015,2897,2900,2895,2895,170,62415,0
2026/03/10,1035,2896,2905,2895,2904,667,62510,0
2026/03/10,1040,2904,2905,2901,2903,158,62541,0
2026/03/10,1045,2903,2906,2901,2903,281,62543,0
2026/03/10,1050,2903,2909,2903,2905,372,62548,0
2026/03/10,1055,2905,2911,2904,2910,395,62518,0
2026/03/10,1100,2910,2911,2904,2906,391,62477,0
2026/03/10,1105,2906,2911,2906,2908,262,62420,0
2026/03/10,1110,2908,2909,2905,2909,205,62396,0
2026/03/10,1115,2908,2908,2904,2905,259,62477,0
2026/03/10,1120,2905,2909,2904,2907,351,62655,0
2026/03/10,1125,2907,2911,2906,2910,200,62649,0
2026/03/10,1130,2910,2914,2908,2909,376,62555,0
2026/03/10,1335,2908,2909,2903,2904,335,62550,0
2026/03/10,1340,2903,2906,2901,2906,410,62644,0
2026/03/10,1345,2905,2910,2904,2909,152,62674,0
2026/03/10,1350,2909,2909,2900,2901,292,62720,0
2026/03/10,1355,2902,2908,2902,2907,114,62760,0
2026/03/10,1400,2907,2914,2907,2910,358,62721,0
2026/03/10,1405,2911,2911,2908,2909,100,62763,0
2026/03/10,1410,2908,2911,2906,2910,180,62732,0
2026/03/10,1415,2911,2918,2909,2912,489,62596,0
2026/03/10,1420,2913,2914,2910,2913,107,62615,0
2026/03/10,1425,2914,2914,2910,2912,177,62613,0
2026/03/10,1430,2913,2913,2909,2913,215,62591,0
2026/03/10,1435,2912,2915,2911,2912,120,62553,0
2026/03/10,1440,2912,2914,2912,2912,82,62543,0
2026/03/10,1445,2912,2913,2910,2912,155,62543,0
2026/03/10,1450,2912,2916,2911,2913,83,62538,0
2026/03/10,1455,2913,2915,2912,2914,170,62542,0
2026/03/10,1500,2914,2917,2913,2915,506,62577,0
2026/03/11,2105,2916,2928,2905,2928,1392,62587,0
2026/03/11,2110,2928,2928,2915,2917,761,62768,0
2026/03/11,2115,2917,2918,2913,2914,474,62977,0
2026/03/11,2120,2914,2919,2914,2916,176,63030,0
2026/03/11,2125,2916,2917,2912,2914,235,63088,0
2026/03/11,2130,2914,2916,2913,2914,190,63116,0
2026/03/11,2135,2914,2916,2909,2915,525,63161,0
2026/03/11,2140,2914,2914,2912,2913,94,63184,0
2026/03/11,2145,2913,2917,2912,2915,170,63136,0
2026/03/11,2150,2916,2917,2915,2916,70,63137,0
2026/03/11,2155,2915,2917,2915,2916,90,63161,0
2026/03/11,2200,2916,2918,2913,2917,194,63130,0
2026/03/11,2205,2916,2921,2916,2920,405,63152,0
2026/03/11,2210,2920,2922,2918,2921,214,63156,0
2026/03/11,2215,2920,2920,2912,2912,374,63243,0
2026/03/11,2220,2913,2914,2910,2911,279,63373,0
2026/03/11,2225,2912,2914,2910,2911,108,63405,0
2026/03/11,2230,2911,2913,2910,2911,69,63386,0
2026/03/11,2235,2910,2911,2908,2909,147,63376,0
2026/03/11,2240,2909,2910,2908,2909,152,63432,0
2026/03/11,2245,2910,2910,2904,2905,904,63664,0
2026/03/11,2250,2904,2906,2902,2906,734,63760,0
2026/03/11,2255,2906,2906,2903,2905,242,63772,0
2026/03/11,2300,2905,2906,2904,2906,204,63794,0
2026/03/11,2305,2906,2907,2904,2907,69,63807,0
2026/03/11,2310,2907,2907,2904,2905,83,63848,0
2026/03/11,2315,2904,2906,2904,2906,27,63849,0
2026/03/11,2320,2906,2906,2905,2906,13,63856,0
2026/03/11,2325,2905,2905,2904,2905,38,63838,0
2026/03/11,2330,2905,2906,2905,2906,43,63837,0
2026/03/11,2335,2906,2907,2906,2907,54,63820,0
2026/03/11,2340,2907,2907,2905,2905,79,63818,0
2026/03/11,2345,2906,2907,2905,2906,9,63824,0
2026/03/11,2350,2906,2907,2905,2906,22,63828,0
2026/03/11,2355,2906,2907,2906,2907,9,63831,0
2026/03/11,0000,2906,2907,2906,2907,21,63832,0
2026/03/11,0005,2907,2907,2906,2907,18,63846,0
2026/03/11,0010,2907,2908,2907,2907,232,63986,0
2026/03/11,0015,2906,2906,2906,2906,14,63979,0
2026/03/11,0020,2905,2907,2905,2907,9,63977,0
2026/03/11,0025,2907,2907,2907,2907,13,63988,0
2026/03/11,0035,2906,2906,2906,2906,12,63982,0
2026/03/11,0040,2905,2905,2904,2904,46,63986,0
2026/03/11,0045,2904,2907,2904,2905,15,63984,0
2026/03/11,0050,2906,2906,2905,2905,8,63989,0
2026/03/11,0055,2905,2905,2903,2905,50,63965,0
2026/03/11,0100,2904,2907,2901,2907,130,63908,0
2026/03/11,0905,2907,2912,2901,2911,654,63843,0
2026/03/11,0910,2910,2916,2909,2915,357,63818,0
2026/03/11,0915,2915,2918,2914,2915,480,63988,0
2026/03/11,0920,2915,2916,2913,2913,201,63969,0
2026/03/11,0925,2914,2918,2914,2916,307,64006,0
2026/03/11,0930,2916,2916,2913,2915,236,63933,0
2026/03/11,0935,2915,2916,2911,2914,300,64105,0
2026/03/11,0940,2914,2916,2913,2916,97,64063,0
2026/03/11,0945,2916,2918,2913,2917,298,64112,0
2026/03/11,0950,2917,2919,2916,2919,281,64191,0
2026/03/11,0955,2920,2932,2918,2931,1306,63922,0
2026/03/11,1000,2930,2931,2923,2926,1783,64330,0
2026/03/11,1005,2926,2931,2925,2930,330,64339,0
2026/03/11,1010,2931,2932,2927,2930,734,64544,0
2026/03/11,1015,2930,2931,2925,2930,338,64620,0
2026/03/11,1035,2930,2935,2930,2932,503,64683,0
2026/03/11,1040,2933,2935,2929,2931,351,64648,0
2026/03/11,1045,2930,2933,2927,2929,227,64659,0
2026/03/11,1050,2930,2936,2929,2935,327,64617,0
2026/03/11,1055,2935,2936,2931,2931,280,64543,0
2026/03/11,1100,2931,2932,2925,2927,452,64542,0
2026/03/11,1105,2927,2933,2927,2933,331,64476,0
2026/03/11,1110,2932,2937,2932,2933,197,64482,0
2026/03/11,1115,2933,2937,2932,2932,297,64413,0
2026/03/11,1120,2932,2935,2929,2933,331,64347,0
2026/03/11,1125,2933,2934,2928,2930,171,64350,0
2026/03/11,1130,2931,2938,2931,2937,258,64393,0
2026/03/11,1335,2937,2940,2931,2940,404,64451,0
2026/03/11,1340,2939,2940,2936,2938,279,64544,0
2026/03/11,1345,2937,2954,2935,2952,3236,64618,0
2026/03/11,1350,2951,2954,2934,2937,1207,64711,0
2026/03/11,1355,2937,2945,2928,2931,1990,65110,0
2026/03/11,1400,2931,2935,2931,2935,411,65182,0
2026/03/11,1405,2934,2939,2933,2939,339,65179,0
2026/03/11,1410,2939,2942,2937,2938,329,65188,0
2026/03/11,1415,2939,2944,2939,2944,409,65076,0
2026/03/11,1420,2944,2948,2941,2942,589,64953,0
2026/03/11,1425,2942,2942,2939,2940,81,64935,0
2026/03/11,1430,2940,2945,2937,2942,397,65004,0
2026/03/11,1435,2943,2943,2937,2939,309,65119,0
2026/03/11,1440,2939,2942,2936,2938,704,65323,0
2026/03/11,1445,2937,2945,2936,2941,176,65253,0
2026/03/11,1450,2941,2943,2938,2942,192,65263,0
2026/03/11,1455,2942,2947,2942,2944,301,65218,0
2026/03/11,1500,2945,2948,2943,2946,510,65080,0
2026/03/12,2105,2953,2957,2946,2951,1648,65131,0
2026/03/12,2110,2952,2957,2946,2954,1005,65321,0
2026/03/12,2115,2954,2970,2954,2969,1507,65696,0
2026/03/12,2120,2968,2973,2964,2969,2928,65797,0
2026/03/12,2125,2969,2973,2966,2969,727,65665,0
2026/03/12,2130,2969,2987,2967,2983,2163,65616,0
2026/03/12,2135,2984,2986,2953,2957,3151,66049,0
2026/03/12,2140,2958,2961,2953,2956,1184,66149,0
2026/03/12,2145,2956,2961,2956,2960,606,66262,0
2026/03/12,2150,2961,2963,2957,2959,407,66274,0
2026/03/12,2155,2960,2962,2953,2958,592,66338,0
2026/03/12,2200,2958,2961,2950,2952,609,66270,0
2026/03/12,2205,2953,2961,2951,2960,413,66270,0
2026/03/12,2210,2960,2961,2954,2958,251,66247,0
2026/03/12,2215,2958,2959,2955,2956,306,66247,0
2026/03/12,2220,2956,2956,2951,2954,553,66243,0
2026/03/12,2225,2954,2955,2947,2950,785,66493,0
2026/03/12,2230,2950,2957,2950,2956,478,66522,0
2026/03/12,2235,2957,2961,2957,2959,306,66520,0
2026/03/12,2240,2960,2961,2956,2961,257,66535,0
2026/03/12,2245,2961,2961,2957,2959,104,66553,0
2026/03/12,2250,2958,2960,2956,2960,243,66549,0
2026/03/12,2255,2960,2960,2951,2955,460,66628,0
2026/03/12,2300,2955,2955,2950,2955,209,66610,0
2026/03/12,2305,2954,2965,2954,2965,311,66631,0
2026/03/12,2310,2965,2966,2959,2961,234,66637,0
2026/03/12,2315,2961,2962,2959,2961,70,66649,0
2026/03/12,2320,2961,2961,2960,2960,29,66647,0
2026/03/12,2325,2960,2961,2960,2960,16,66642,0
2026/03/12,2330,2961,2963,2961,2962,62,66619,0
2026/03/12,2335,2962,2968,2961,2968,251,66685,0
2026/03/12,2340,2967,2969,2965,2965,486,66925,0
2026/03/12,2345,2966,2969,2966,2968,155,66988,0
2026/03/12,2350,2968,2969,2965,2967,146,67036,0
2026/03/12,2355,2967,2968,2966,2967,27,67032,0
2026/03/12,0000,2968,2968,2967,2968,23,67029,0
2026/03/12,0005,2968,2971,2968,2969,318,67152,0
2026/03/12,0010,2969,2971,2968,2970,53,67171,0
2026/03/12,0015,2970,2970,2969,2969,12,67166,0
2026/03/12,0020,2969,2969,2966,2966,27,67157,0
2026/03/12,0025,2966,2970,2966,2970,51,67173,0
2026/03/12,0030,2970,2970,2969,2969,35,67185,0
2026/03/12,0035,2969,2969,2967,2967,28,67183,0
2026/03/12,0040,2967,2968,2966,2967,18,67180,0
2026/03/12,0045,2967,2967,2966,2967,17,67187,0
2026/03/12,0050,2967,2967,2966,2966,17,67180,0
2026/03/12,0055,2967,2970,2967,2970,28,67183,0
2026/03/12,0100,2970,2971,2968,2968,81,67148,0
2026/03/12,0905,2971,2980,2967,2969,1579,67310,0
2026/03/12,0910,2968,2969,2963,2965,767,67371,0
2026/03/12,0915,2963,2968,2956,2966,858,67357,0
2026/03/12,0920,2968,2969,2963,2968,277,67351,0
2026/03/12,0925,2968,2969,2962,2964,253,67344,0
2026/03/12,0930,2964,2966,2960,2964,330,67348,0
2026/03/12,0935,2964,2967,2963,2963,181,67326,0
2026/03/12,0940,2965,2968,2964,2967,438,67306,0
2026/03/12,0945,2967,2975,2967,2973,507,67305,0
2026/03/12,0950,2973,2977,2971,2974,416,67248,0
2026/03/12,0955,2974,2978,2971,2976,912,67540,0
2026/03/12,1000,2976,2979,2974,2979,687,67577,0
2026/03/12,1005,2979,2981,2976,2979,629,67544,0
2026/03/12,1010,2979,2980,2974,2979,315,67515,0
2026/03/12,1015,2979,2988,2978,2985,999,67359,0
2026/03/12,1035,2986,2994,2980,2986,1282,67584,0
2026/03/12,1040,2987,2988,2974,2975,943,67686,0
2026/03/12,1045,2975,2975,2964,2967,745,67725,0
2026/03/12,1050,2968,2968,2962,2968,532,67717,0
2026/03/12,1055,2969,2973,2966,2972,245,67734,0
2026/03/12,1100,2972,2972,2952,2956,930,67888,0
2026/03/12,1105,2955,2961,2954,2958,598,67801,0
2026/03/12,1110,2958,2958,2950,2954,719,67838,0
2026/03/12,1115,2953,2959,2950,2955,409,67917,0
2026/03/12,1120,2955,2956,2950,2953,633,68018,0
2026/03/12,1125,2953,2959,2953,2958,322,68158,0
2026/03/12,1130,2958,2963,2958,2959,233,68176,0
2026/03/12,1335,2958,2958,2947,2952,1083,68221,0
2026/03/12,1340,2952,2956,2951,2954,429,68209,0
2026/03/12,1345,2954,2963,2951,2962,874,68202,0
2026/03/12,1350,2962,2963,2957,2962,723,68110,0
2026/03/12,1355,2962,2966,2959,2964,523,68069,0
2026/03/12,1400,2964,2964,2955,2957,1517,67930,0
2026/03/12,1405,2958,2967,2956,2964,664,67832,0
2026/03/12,1410,2964,2967,2961,2964,591,67933,0
2026/03/12,1415,2964,2966,2961,2963,247,67915,0
2026/03/12,1420,2963,2965,2960,2962,131,67932,0
2026/03/12,1425,2962,2962,2947,2950,820,68073,0
2026/03/12,1430,2951,2955,2948,2955,596,68147,0
2026/03/12,1435,2956,2958,2951,2952,514,68061,0
2026/03/12,1440,2952,2954,2948,2949,648,68159,0
2026/03/12,1445,2950,2956,2949,2954,213,68140,0
2026/03/12,1450,2953,2954,2940,2944,1058,67931,0
2026/03/12,1455,2944,2946,2941,2945,1162,67699,0
2026/03/12,1500,2946,2947,2942,2944,504,67715,0
2026/03/13,2105,2947,2957,2946,2955,1697,67861,0
2026/03/13,2110,2955,2959,2954,2954,589,67840,0
2026/03/13,2115,2955,2961,2954,2960,701,67918,0
2026/03/13,2120,2961,2964,2957,2958,456,67969,0
2026/03/13,2125,2959,2962,2958,2962,240,68022,0
2026/03/13,2130,2962,2968,2960,2968,526,68118,0
2026/03/13,2135,2968,2972,2964,2967,1079,68173,0
2026/03/13,2140,2967,2969,2964,2965,337,68194,0
2026/03/13,2145,2965,2969,2962,2965,254,68194,0
2026/03/13,2150,2964,2966,2962,2962,156,68207,0
2026/03/13,2155,2962,2965,2961,2963,297,68179,0
2026/03/13,2200,2964,2965,2962,2964,85,68178,0
2026/03/13,2205,2964,2966,2961,2965,234,68205,0
2026/03/13,2210,2966,2967,2964,2965,116,68222,0
2026/03/13,2215,2966,2967,2965,2967,247,68236,0
2026/03/13,2220,2968,2973,2967,2969,403,68253,0
2026/03/13,2225,2970,2972,2966,2972,352,68242,0
2026/03/13,2230,2972,2973,2969,2972,292,68246,0
2026/03/13,2235,2972,2972,2966,2967,314,68256,0
2026/03/13,2240,2967,2973,2966,2971,219,68226,0
2026/03/13,2245,2972,2972,2969,2970,177,68274,0
2026/03/13,2250,2969,2970,2966,2968,230,68280,0
2026/03/13,2255,2968,2970,2967,2968,107,68276,0
2026/03/13,2300,2967,2971,2967,2970,121,68253,0
2026/03/13,2305,2970,2976,2969,2975,374,68214,0
2026/03/13,2310,2975,2976,2971,2972,195,68215,0
2026/03/13,2315,2971,2974,2970,2974,138,68189,0
2026/03/13,2320,2974,2979,2974,2978,221,68230,0
2026/03/13,2325,2978,2981,2976,2980,319,68248,0
2026/03/13,2330,2979,2980,2977,2978,70,68252,0
2026/03/13,2335,2979,2980,2978,2979,62,68254,0
2026/03/13,2340,2979,2984,2979,2982,319,68409,0
2026/03/13,2345,2981,2981,2972,2973,332,68411,0
2026/03/13,2350,2973,2977,2973,2975,171,68499,0
2026/03/13,2355,2976,2976,2972,2972,77,68512,0
2026/03/13,0000,2972,2974,2972,2974,37,68503,0
2026/03/13,0005,2974,2975,2973,2974,16,68493,0
2026/03/13,0010,2975,2975,2973,2973,44,68487,0
2026/03/13,0015,2973,2974,2973,2973,26,68491,0
2026/03/13,0020,2972,2973,2972,2973,19,68495,0
2026/03/13,0025,2974,2974,2970,2971,70,68476,0
2026/03/13,0030,2972,2972,2969,2970,49,68484,0
2026/03/13,0035,2971,2975,2970,2972,90,68489,0
2026/03/13,0040,2972,2974,2972,2972,43,68510,0
2026/03/13,0045,2971,2972,2970,2972,28,68497,0
2026/03/13,0050,2970,2971,2970,2971,43,68490,0
2026/03/13,0055,2971,2971,2968,2970,85,68478,0
2026/03/13,0100,2969,2969,2967,2968,147,68437,0
2026/03/13,0905,2970,3023,2970,3008,7995,68392,0
2026/03/13,0910,3007,3014,2998,3004,1789,68035,0
2026/03/13,0915,3004,3004,2995,2998,884,67892,0
2026/03/13,0920,2999,3000,2994,2995,646,67928,0
2026/03/13,0925,2995,3003,2995,3002,694,67910,0
2026/03/13,0930,3001,3001,2994,2995,550,67802,0
2026/03/13,0935,2995,3024,2995,3022,2141,68166,0
2026/03/13,0940,3022,3029,3013,3013,2422,68300,0
2026/03/13,0945,3014,3014,3007,3011,576,68266,0
2026/03/13,0950,3011,3020,3009,3019,723,68290,0
2026/03/13,0955,3020,3025,3016,3018,1266,68101,0
2026/03/13,1000,3018,3021,3011,3013,795,67889,0
2026/03/13,1005,3013,3023,3013,3021,753,67763,0
2026/03/13,1010,3021,3031,3021,3025,1099,67586,0
2026/03/13,1015,3026,3032,3020,3024,908,67564,0
2026/03/13,1035,3030,3033,3016,3023,669,67546,0
2026/03/13,1040,3023,3030,3021,3029,610,67429,0
2026/03/13,1045,3029,3035,3027,3027,1054,67206,0
2026/03/13,1050,3027,3041,3026,3038,1434,66876,0
2026/03/13,1055,3037,3042,3033,3035,893,66900,0
2026/03/13,1100,3035,3044,3034,3041,920,66748,0
2026/03/13,1105,3041,3044,3035,3038,623,66741,0
2026/03/13,1110,3037,3037,3018,3022,1839,66338,0
2026/03/13,1115,3023,3029,3022,3028,385,66287,0
2026/03/13,1120,3028,3031,3019,3021,1566,65929,0
2026/03/13,1125,3021,3023,3011,3012,822,65747,0
2026/03/13,1130,3012,3019,3010,3014,1247,65890,0
2026/03/13,1335,3015,3023,3006,3023,831,65949,0
2026/03/13,1340,3023,3037,3022,3024,923,65902,0
2026/03/13,1345,3024,3030,3021,3025,339,65848,0
2026/03/13,1350,3026,3032,3019,3030,624,65786,0
2026/03/13,1355,3030,3030,3024,3024,233,65786,0
2026/03/13,1400,3024,3024,3007,3014,1120,65629,0
2026/03/13,1405,3014,3023,3012,3013,598,65600,0
2026/03/13,1410,3013,3016,3006,3014,614,65557,0
2026/03/13,1415,3013,3017,3004,3016,820,65579,0
2026/03/13,1420,3016,3017,3007,3008,546,65631,0
2026/03/13,1425,3008,3009,2998,3004,2237,65106,0
2026/03/13,1430,3004,3018,3004,3018,590,65005,0
2026/03/13,1435,3018,3026,3016,3018,897,64913,0
2026/03/13,1440,3019,3033,3018,3029,1065,64844,0
2026/03/13,1445,3029,3029,3020,3024,863,64751,0
2026/03/13,1450,3025,3026,3008,3009,1488,64997,0
2026/03/13,1455,3008,3014,3008,3011,530,64838,0
2026/03/13,1500,3012,3015,3009,3012,689,64618,0
2026/03/16,2105,3018,3018,2989,3004,3987,65628,0
2026/03/16,2110,3004,3026,3003,3024,1379,65753,0
2026/03/16,2115,3023,3034,3014,3019,2079,66412,0
2026/03/16,2120,3019,3033,3019,3029,1013,66410,0
2026/03/16,2125,3028,3038,3027,3033,1053,66403,0
2026/03/16,2130,3033,3033,3023,3026,799,66437,0
2026/03/16,2135,3025,3028,3013,3015,1310,66392,0
2026/03/16,2140,3015,3021,3014,3017,510,66403,0
2026/03/16,2145,3016,3023,3014,3019,287,66423,0
2026/03/16,2150,3020,3025,3017,3024,314,66444,0
2026/03/16,2155,3025,3026,3021,3024,281,66483,0
2026/03/16,2200,3023,3026,3023,3025,225,66471,0
2026/03/16,2205,3025,3030,3022,3024,472,66412,0
2026/03/16,2210,3024,3031,3023,3030,691,66698,0
2026/03/16,2215,3029,3030,3025,3027,183,66729,0
2026/03/16,2220,3027,3028,3023,3024,222,66721,0
2026/03/16,2225,3023,3026,3021,3026,252,66702,0
2026/03/16,2230,3026,3030,3026,3026,248,66679,0
2026/03/16,2235,3026,3028,3025,3025,172,66644,0
2026/03/16,2240,3025,3027,3022,3022,494,66567,0
2026/03/16,2245,3023,3025,3012,3016,731,66492,0
2026/03/16,2250,3016,3017,3005,3009,909,66478,0
2026/03/16,2255,3010,3015,3006,3013,453,66468,0
2026/03/16,2300,3014,3020,3010,3018,451,66398,0
2026/03/16,2305,3018,3025,3017,3022,552,66398,0
2026/03/16,2310,3023,3025,3022,3023,196,66388,0
2026/03/16,2315,3023,3026,3020,3026,389,66354,0
2026/03/16,2320,3026,3030,3026,3026,490,66409,0
2026/03/16,2325,3027,3027,3023,3027,207,66401,0
2026/03/16,2330,3026,3033,3025,3031,602,66468,0
2026/03/16,2335,3032,3033,3028,3029,157,66513,0
2026/03/16,2340,3029,3032,3029,3031,136,66513,0
2026/03/16,2345,3031,3038,3031,3035,475,66490,0
2026/03/16,2350,3035,3037,3032,3034,199,66492,0
2026/03/16,2355,3034,3035,3030,3030,181,66495,0
2026/03/16,0000,3030,3031,3027,3027,352,66645,0
2026/03/16,0005,3028,3030,3026,3028,230,66677,0
2026/03/16,0010,3027,3030,3026,3030,97,66663,0
2026/03/16,0015,3030,3031,3025,3026,85,66662,0
2026/03/16,0020,3027,3032,3027,3030,61,66658,0
2026/03/16,0025,3030,3031,3029,3029,43,66655,0
2026/03/16,0030,3029,3029,3027,3028,60,66630,0
2026/03/16,0035,3028,3029,3025,3026,139,66611,0
2026/03/16,0040,3025,3028,3021,3022,167,66605,0
2026/03/16,0045,3022,3024,3022,3023,81,66577,0
2026/03/16,0050,3024,3024,3020,3022,96,66550,0
2026/03/16,0055,3021,3023,3020,3023,90,66512,0
2026/03/16,0100,3022,3022,3015,3017,417,66378,0
2026/03/16,0905,3020,3046,3015,3030,3501,66742,0
2026/03/16,0910,3031,3045,3027,3045,1469,66568,0
2026/03/16,0915,3045,3048,3031,3031,1334,66481,0
2026/03/16,0920,3031,3040,3030,3034,940,66605,0
2026/03/16,0925,3035,3044,3032,3036,975,66577,0
2026/03/16,0930,3037,3042,3033,3040,625,66453,0
2026/03/16,0935,3040,3044,3038,3044,359,66431,0
2026/03/16,0940,3044,3048,3037,3038,1085,66300,0
2026/03/16,0945,3038,3042,3036,3040,353,66362,0
2026/03/16,0950,3040,3052,3040,3045,1376,66738,0
2026/03/16,0955,3045,3053,3042,3047,1038,66831,0
2026/03/16,1000,3047,3063,3045,3062,2378,67468,0
2026/03/16,1005,3060,3060,3054,3057,1110,67488,0
2026/03/16,1010,3057,3059,3045,3048,998,67429,0
2026/03/16,1015,3048,3054,3046,3049,524,67418,0
2026/03/16,1035,3050,3050,3037,3046,1143,67266,0
2026/03/16,1040,3046,3047,3032,3036,1595,66838,0
2026/03/16,1045,3036,3041,3029,3041,1357,67059,0
2026/03/16,1050,3040,3040,3027,3028,1312,67010,0
2026/03/16,1055,3028,3038,3028,3037,450,66964,0
2026/03/16,1100,3037,3037,3017,3022,1218,66868,0
2026/03/16,1105,3022,3022,3013,3013,1232,66777,0
2026/03/16,1110,3013,3021,3012,3021,702,66752,0
2026/03/16,1115,3021,3023,3013,3014,612,66919,0
2026/03/16,1120,3015,3019,3012,3013,779,66925,0
2026/03/16,1125,3014,3017,3007,3016,1049,66736,0
2026/03/16,1130,3016,3019,3014,3017,278,66755,0
2026/03/16,1335,3023,3029,3020,3024,612,66817,0
2026/03/16,1340,3023,3031,3021,3029,457,66831,0
2026/03/16,1345,3030,3034,3027,3034,663,67031,0
2026/03/16,1350,3034,3034,3025,3029,617,66948,0
2026/03/16,1355,3028,3036,3026,3033,566,66909,0
2026/03/16,1400,3032,3033,3028,3031,412,66930,0
2026/03/16,1405,3031,3033,3026,3033,455,66938,0
2026/03/16,1410,3033,3040,3031,3038,750,66751,0
2026/03/16,1415,3039,3041,3036,3040,445,66722,0
2026/03/16,1420,3041,3043,3038,3042,360,66663,0
2026/03/16,1425,3041,3043,3038,3042,385,66604,0
2026/03/16,1430,3042,3046,3040,3040,510,66510,0
2026/03/16,1435,3040,3042,3036,3041,283,66396,0
2026/03/16,1440,3040,3041,3035,3035,342,66320,0
2026/03/16,1445,3036,3040,3035,3039,135,66285,0
2026/03/16,1450,3039,3039,3035,3036,140,66238,0
2026/03/16,1455,3036,3037,3031,3032,443,66243,0
2026/03/16,1500,3032,3033,3029,3032,1008,66110,0
2026/03/17,2105,3020,3024,2990,2994,3751,66522,0
2026/03/17,2110,2994,3006,2993,2999,1780,66809,0
2026/03/17,2115,2999,3006,2997,3004,799,66727,0
2026/03/17,2120,3004,3005,2998,3002,570,66843,0
2026/03/17,2125,3002,3008,2996,2997,662,66857,0
2026/03/17,2130,2997,3004,2996,3002,617,66736,0
2026/03/17,2135,3001,3004,2995,2998,642,66692,0
2026/03/17,2140,2998,3005,2997,3002,386,66609,0
2026/03/17,2145,3003,3007,3002,3003,773,66655,0
2026/03/17,2150,3003,3003,2992,2994,1106,66706,0
2026/03/17,2155,2994,2995,2985,2992,1406,66606,0
2026/03/17,2200,2993,2993,2985,2991,661,66660,0
2026/03/17,2205,2990,2991,2983,2984,849,66544,0
2026/03/17,2210,2984,2986,2976,2978,1290,66389,0
2026/03/17,2215,2978,2982,2975,2979,668,66413,0
2026/03/17,2220,2979,2985,2978,2984,533,66330,0
2026/03/17,2225,2984,2986,2981,2984,272,66353,0
2026/03/17,2230,2983,2985,2981,2983,267,66414,0
2026/03/17,2235,2982,2994,2982,2993,728,66542,0
2026/03/17,2240,2993,2994,2989,2992,346,66631,0
2026/03/17,2245,2992,2995,2991,2993,161,66596,0
2026/03/17,2250,2994,2996,2992,2994,247,66558,0
2026/03/17,2255,2995,2995,2992,2992,245,66498,0
2026/03/17,2300,2993,2998,2991,2997,259,66391,0
2026/03/17,2305,2997,3001,2994,3000,372,66409,0
2026/03/17,2310,3000,3001,2998,2999,151,66421,0
2026/03/17,2315,2999,3001,2999,3000,137,66408,0
2026/03/17,2320,2999,3002,2999,3002,58,66409,0
2026/03/17,2325,3001,3006,3000,3002,349,66475,0
2026/03/17,2330,3002,3043,3001,3036,1672,66530,0
2026/03/17,2335,3035,3052,3026,3048,1865,66813,0
2026/03/17,2340,3048,3065,3046,3060,1743,66828,0
2026/03/17,2345,3060,3092,3054,3089,2744,67297,0
2026/03/17,2350,3089,3090,3068,3072,2107,67112,0
2026/03/17,2355,3073,3082,3063,3081,1408,67276,0
2026/03/17,0000,3082,3083,3057,3063,1422,67497,0
2026/03/17,0005,3062,3070,3062,3069,1042,67748,0
2026/03/17,0010,3067,3068,3061,3066,499,67847,0
2026/03/17,0015,3066,3075,3065,3071,365,67862,0
2026/03/17,0020,3070,3076,3069,3071,346,67782,0
2026/03/17,0025,3070,3075,3069,3073,159,67786,0
2026/03/17,0030,3073,3074,3069,3071,164,67785,0
2026/03/17,0035,3070,3070,3061,3062,443,67733,0
2026/03/17,0040,3063,3068,3062,3065,266,67845,0
2026/03/17,0045,3065,3068,3065,3066,83,67842,0
2026/03/17,0050,3066,3068,3064,3065,131,67872,0
2026/03/17,0055,3065,3066,3061,3065,126,67849,0
2026/03/17,0100,3065,3072,3064,3070,239,67795,0
2026/03/17,0905,3085,3141,3075,3112,11644,68436,0
2026/03/17,0910,3110,3139,3104,3132,6829,69935,0
2026/03/17,0915,3133,3141,3128,3132,3335,70293,0
2026/03/17,0920,3133,3147,3130,3142,4146,71202,0
2026/03/17,0925,3142,3149,3126,3143,2561,71141,0
2026/03/17,0930,3143,3155,3131,3140,2652,71486,0
2026/03/17,0935,3141,3145,3129,3136,1388,71355,0
2026/03/17,0940,3136,3148,3132,3144,1168,71415,0
2026/03/17,0945,3143,3161,3143,3153,2531,71389,0
2026/03/17,0950,3154,3165,3150,3153,1339,71614,0
2026/03/17,0955,3153,3159,3145,3158,1065,71646,0
2026/03/17,1000,3157,3162,3147,3155,913,71615,0
2026/03/17,1005,3156,3165,3151,3157,898,71563,0
2026/03/17,1010,3157,3165,3152,3154,1445,71879,0
2026/03/17,1015,3153,3159,3143,3157,1768,71923,0
2026/03/17,1035,3157,3160,3139,3141,1794,71939,0
2026/03/17,1040,3141,3141,3123,3136,2554,71683,0
2026/03/17,1045,3136,3143,3130,3132,919,71978,0
2026/03/17,1050,3132,3135,3127,3130,1010,72023,0
2026/03/17,1055,3131,3136,3127,3130,779,72256,0
2026/03/17,1100,3130,3134,3125,3126,640,72205,0
2026/03/17,1105,3125,3125,3112,3119,1563,72110,0
2026/03/17,1110,3120,3125,3113,3118,816,72157,0
2026/03/17,1115,3118,3126,3115,3125,801,72269,0
2026/03/17,1120,3126,3134,3123,3134,584,72233,0
2026/03/17,1125,3133,3144,3127,3141,1400,72393,0
2026/03/17,1130,3140,3148,3140,3143,1715,72980,0
2026/03/17,1335,3143,3151,3140,3147,1679,73304,0
2026/03/17,1340,3147,3154,3145,3153,810,73410,0
2026/03/17,1345,3153,3158,3149,3150,1025,73557,0
2026/03/17,1350,3150,3158,3149,3155,1020,73337,0
2026/03/17,1355,3154,3159,3153,3158,450,73339,0
2026/03/17,1400,3158,3158,3148,3148,653,73261,0
2026/03/17,1405,3148,3153,3141,3142,837,73082,0
2026/03/17,1410,3143,3146,3136,3140,846,72925,0
2026/03/17,1415,3140,3147,3140,3143,388,72856,0
2026/03/17,1420,3142,3146,3126,3134,1673,73135,0
2026/03/17,1425,3135,3135,3128,3133,433,73089,0
2026/03/17,1430,3133,3135,3128,3134,301,73109,0
2026/03/17,1435,3135,3145,3133,3143,853,73270,0
2026/03/17,1440,3143,3143,3133,3135,386,73194,0
2026/03/17,1445,3134,3142,3131,3138,574,73208,0
2026/03/17,1450,3139,3143,3139,3143,375,73239,0
2026/03/17,1455,3143,3146,3140,3143,493,73158,0
2026/03/17,1500,3142,3143,3138,3140,553,73080,0
2026/03/18,2105,3131,3176,3131,3167,3761,73305,0
2026/03/18,2110,3167,3168,3153,3153,2349,73711,0
2026/03/18,2115,3153,3156,3146,3149,1459,73730,0
2026/03/18,2120,3150,3152,3137,3143,1249,73738,0
2026/03/18,2125,3144,3147,3141,3141,539,73916,0
2026/03/18,2130,3141,3142,3135,3137,1109,73707,0
2026/03/18,2135,3138,3143,3137,3139,757,73710,0
2026/03/18,2140,3139,3144,3138,3142,320,73746,0
2026/03/18,2145,3142,3153,3137,3149,884,73733,0
2026/03/18,2150,3149,3153,3145,3149,484,73803,0
2026/03/18,2155,3150,3154,3146,3146,899,73547,0
2026/03/18,2200,3147,3149,3139,3139,548,73439,0
2026/03/18,2205,3140,3141,3133,3134,885,73384,0
2026/03/18,2210,3133,3139,3129,3137,1002,73204,0
2026/03/18,2215,3136,3144,3136,3144,355,73192,0
2026/03/18,2220,3144,3145,3138,3140,335,73172,0
2026/03/18,2225,3139,3143,3138,3138,97,73166,0
2026/03/18,2230,3138,3142,3136,3139,270,73136,0
2026/03/18,2235,3140,3145,3138,3142,285,73156,0
2026/03/18,2240,3142,3155,3140,3151,610,73200,0
2026/03/18,2245,3151,3157,3149,3155,936,73540,0
2026/03/18,2250,3154,3160,3153,3157,823,73745,0
2026/03/18,2255,3156,3159,3153,3158,482,73707,0
2026/03/18,2300,3158,3162,3157,3160,824,73718,0
2026/03/18,2305,3160,3171,3153,3169,1335,73919,0
2026/03/18,2310,3169,3169,3156,3160,544,74025,0
2026/03/18,2315,3160,3166,3156,3156,258,74015,0
2026/03/18,2320,3156,3167,3156,3165,441,74027,0
2026/03/18,2325,3166,3169,3163,3163,292,74101,0
2026/03/18,2330,3162,3169,3162,3168,241,74119,0
2026/03/18,2335,3168,3169,3159,3160,460,74146,0
2026/03/18,2340,3160,3161,3137,3144,1611,73896,0
2026/03/18,2345,3144,3145,3135,3138,1024,73883,0
2026/03/18,2350,3138,3148,3138,3145,321,73789,0
2026/03/18,2355,3145,3146,3140,3142,120,73765,0
2026/03/18,0000,3142,3144,3141,3144,52,73737,0
2026/03/18,0005,3145,3146,3142,3144,73,73725,0
2026/03/18,0010,3144,3146,3143,3143,129,73716,0
2026/03/18,0015,3144,3153,3143,3152,225,73629,0
2026/03/18,0020,3153,3153,3147,3147,89,73612,0
2026/03/18,0025,3148,3148,3143,3148,72,73622,0
2026/03/18,0030,3149,3151,3145,3147,146,73601,0
2026/03/18,0035,3147,3150,3146,3149,60,73591,0
2026/03/18,0040,3147,3147,3145,3146,30,73592,0
2026/03/18,0045,3145,3147,3144,3144,61,73577,0
2026/03/18,0050,3144,3147,3143,3144,33,73572,0
2026/03/18,0055,3145,3148,3144,3147,67,73548,0
2026/03/18,0100,3145,3147,3142,3143,205,73543,0
2026/03/18,0905,3144,3144,3114,3121,3044,73500,0
2026/03/18,0910,3122,3126,3113,3118,1314,73602,0
2026/03/18,0915,3118,3121,3112,3115,919,73703,0
2026/03/18,0920,3114,3126,3114,3120,805,73761,0
2026/03/18,0925,3119,3121,3116,3120,435,73734,0
2026/03/18,0930,3120,3121,3100,3110,2781,73487,0
2026/03/18,0935,3110,3115,3105,3107,615,73345,0
2026/03/18,0940,3106,3113,3103,3107,371,73357,0
2026/03/18,0945,3107,3119,3105,3119,499,73354,0
2026/03/18,0950,3118,3120,3102,3102,519,73286,0
2026/03/18,0955,3102,3106,3091,3093,2010,73313,0
2026/03/18,1000,3094,3108,3090,3107,1557,73735,0
2026/03/18,1005,3108,3110,3104,3104,1149,74190,0
2026/03/18,1010,3103,3110,3099,3108,951,74390,0
2026/03/18,1015,3107,3114,3104,3109,598,74419,0
2026/03/18,1035,3110,3115,3104,3104,687,74258,0
2026/03/18,1040,3104,3110,3098,3108,755,74141,0
2026/03/18,1045,3109,3110,3099,3103,404,74226,0
2026/03/18,1050,3103,3108,3103,3107,284,74174,0
2026/03/18,1055,3106,3113,3105,3111,438,74222,0
2026/03/18,1100,3112,3113,3106,3113,482,74242,0
2026/03/18,1105,3112,3116,3102,3105,679,74310,0
2026/03/18,1110,3105,3109,3102,3107,333,74309,0
2026/03/18,1115,3106,3108,3100,3105,571,74371,0
2026/03/18,1120,3105,3115,3104,3113,362,74399,0
2026/03/18,1125,3113,3113,3088,3092,1950,74528,0
2026/03/18,1130,3092,3092,3078,3086,2903,74854,0
2026/03/18,1335,3087,3097,3078,3095,1422,74649,0
2026/03/18,1340,3094,3114,3094,3112,2870,75764,0
2026/03/18,1345,3111,3118,3110,3114,1967,76624,0
2026/03/18,1350,3113,3124,3113,3124,1145,76708,0
2026/03/18,1355,3125,3130,3111,3115,2274,76836,0
2026/03/18,1400,3115,3116,3109,3112,864,76876,0
2026/03/18,1405,3113,3121,3113,3118,511,76827,0
2026/03/18,1410,3119,3120,3114,3114,408,76857,0
2026/03/18,1415,3115,3116,3107,3107,761,76692,0
2026/03/18,1420,3107,3114,3107,3113,645,76514,0
2026/03/18,1425,3112,3115,3110,3114,415,76555,0
2026/03/18,1430,3114,3126,3113,3124,917,76665,0
2026/03/18,1435,3124,3131,3120,3121,1320,76771,0
2026/03/18,1440,3121,3123,3118,3122,436,76751,0
2026/03/18,1445,3122,3122,3115,3115,390,76653,0
2026/03/18,1450,3115,3122,3115,3122,344,76584,0
2026/03/18,1455,3122,3124,3117,3118,352,76605,0
2026/03/18,1500,3117,3118,3113,3114,588,76409,0
2026/03/19,2105,3136,3161,3124,3129,4400,76384,0
2026/03/19,2110,3130,3141,3128,3132,1817,76904,0
2026/03/19,2115,3134,3136,3121,3124,1629,76982,0
2026/03/19,2120,3124,3140,3123,3132,1125,76956,0
2026/03/19,2125,3133,3138,3131,3135,440,77020,0
2026/03/19,2130,3135,3142,3132,3139,627,77080,0
2026/03/19,2135,3139,3140,3128,3128,628,77012,0
2026/03/19,2140,3127,3135,3122,3134,778,76941,0
2026/03/19,2145,3135,3135,3130,3134,295,76967,0
2026/03/19,2150,3135,3140,3131,3139,431,76935,0
2026/03/19,2155,3138,3141,3136,3139,571,76992,0
2026/03/19,2200,3140,3143,3138,3138,515,77032,0
2026/03/19,2205,3138,3139,3131,3131,514,76995,0
2026/03/19,2210,3130,3132,3125,3131,771,77041,0
2026/03/19,2215,3131,3136,3129,3136,481,76934,0
2026/03/19,2220,3136,3142,3135,3139,801,77046,0
2026/03/19,2225,3139,3140,3134,3137,359,76998,0
2026/03/19,2230,3138,3139,3134,3134,251,76960,0
2026/03/19,2235,3134,3138,3133,3137,185,76925,0
2026/03/19,2240,3136,3138,3135,3137,175,76884,0
2026/03/19,2245,3136,3145,3136,3143,487,76960,0
2026/03/19,2250,3143,3149,3139,3148,819,77168,0
2026/03/19,2255,3149,3152,3143,3145,684,77233,0
2026/03/19,2300,3145,3149,3143,3148,320,77288,0
2026/03/19,2305,3148,3187,3144,3179,5323,78440,0
2026/03/19,2310,3179,3180,3168,3173,1372,78349,0
2026/03/19,2315,3173,3180,3171,3176,656,78479,0
2026/03/19,2320,3176,3180,3159,3171,1753,78282,0
2026/03/19,2325,3170,3178,3167,3174,598,78305,0
2026/03/19,2330,3175,3181,3172,3179,743,78307,0
2026/03/19,2335,3180,3180,3173,3176,784,78087,0
2026/03/19,2340,3176,3180,3176,3178,183,78091,0
2026/03/19,2345,3177,3180,3175,3175,560,78017,0
2026/03/19,2350,3175,3178,3170,3173,335,77964,0
2026/03/19,2355,3172,3175,3171,3173,114,77968,0
2026/03/19,0000,3174,3179,3174,3177,201,77974,0
2026/03/19,0005,3178,3182,3176,3176,417,77979,0
2026/03/19,0010,3177,3177,3173,3174,196,77981,0
2026/03/19,0015,3174,3176,3171,3172,180,77948,0
2026/03/19,0020,3172,3174,3169,3172,392,77890,0
2026/03/19,0025,3171,3171,3167,3170,245,77902,0
2026/03/19,0030,3169,3172,3167,3171,128,77910,0
2026/03/19,0035,3170,3171,3168,3169,56,77917,0
2026/03/19,0040,3169,3169,3159,3160,729,77746,0
2026/03/19,0045,3160,3163,3155,3160,721,77761,0
2026/03/19,0050,3161,3161,3157,3158,183,77801,0
2026/03/19,0055,3159,3160,3155,3158,325,77802,0
2026/03/19,0100,3157,3158,3156,3158,205,77728,0
2026/03/19,0905,3164,3177,3160,3169,1836,77643,0
2026/03/19,0910,3169,3177,3169,3173,890,77876,0
2026/03/19,0915,3173,3174,3148,3157,2619,77912,0
2026/03/19,0920,3158,3161,3133,3138,2369,77783,0
2026/03/19,0925,3138,3143,3105,3114,8200,76863,0
2026/03/19,0930,3114,3124,3112,3119,1630,76739,0
2026/03/19,0935,3120,3128,3118,3125,1109,76791,0
2026/03/19,0940,3125,3126,3118,3121,460,76796,0
2026/03/19,0945,3121,3125,3119,3122,440,76726,0
2026/03/19,0950,3121,3122,3112,3117,715,76628,0
2026/03/19,0955,3116,3124,3113,3113,535,76662,0
2026/03/19,1000,3113,3122,3111,3122,546,76625,0
2026/03/19,1005,3121,3129,3121,3127,557,76598,0
2026/03/19,1010,3127,3127,3112,3117,911,76534,0
2026/03/19,1015,3117,3122,3116,3117,601,76325,0
2026/03/19,1035,3117,3118,3106,3111,2006,76070,0
2026/03/19,1040,3111,3116,3106,3110,703,76135,0
2026/03/19,1045,3110,3112,3100,3111,1361,76237,0
2026/03/19,1050,3111,3115,3108,3109,535,76462,0
2026/03/19,1055,3110,3114,3096,3101,1925,77299,0
2026/03/19,1100,3101,3106,3100,3105,505,77343,0
2026/03/19,1105,3104,3107,3100,3103,252,77352,0
2026/03/19,1110,3102,3105,3100,3103,427,77408,0
2026/03/19,1115,3102,3105,3097,3098,522,77423,0
2026/03/19,1120,3098,3104,3094,3104,1094,77800,0
2026/03/19,1125,3104,3105,3097,3099,683,77817,0
2026/03/19,1130,3099,3110,3099,3109,393,77780,0
2026/03/19,1335,3105,3112,3105,3107,636,77685,0
2026/03/19,1340,3108,3114,3105,3112,587,77870,0
2026/03/19,1345,3112,3112,3100,3106,720,77949,0
2026/03/19,1350,3106,3109,3100,3102,731,77866,0
2026/03/19,1355,3101,3102,3088,3092,1162,77968,0
2026/03/19,1400,3092,3097,3085,3092,1530,78120,0
2026/03/19,1405,3092,3098,3091,3096,785,78440,0
2026/03/19,1410,3095,3096,3081,3082,1625,78407,0
2026/03/19,1415,3082,3089,3077,3087,1880,78199,0
2026/03/19,1420,3086,3090,3083,3084,550,78201,0
2026/03/19,1425,3085,3087,3076,3079,893,78198,0
2026/03/19,1430,3078,3087,3078,3084,704,78173,0
2026/03/19,1435,3085,3093,3084,3092,953,78348,0
2026/03/19,1440,3093,3099,3090,3097,516,78320,0
2026/03/19,1445,3096,3096,3090,3092,605,78577,0
2026/03/19,1450,3092,3095,3082,3086,564,78479,0
2026/03/19,1455,3086,3095,3084,3095,488,78398,0
2026/03/19,1500,3095,3096,3087,3087,537,78234,0
2026/03/20,2105,3035,3058,3004,3054,7204,78162,0
2026/03/20,2110,3052,3063,3049,3050,2413,78063,0
2026/03/20,2115,3050,3053,3027,3032,3251,78082,0
2026/03/20,2120,3032,3061,3030,3046,4650,78736,0
2026/03/20,2125,3046,3063,3044,3058,1665,78464,0
2026/03/20,2130,3057,3059,3050,3054,1156,78199,0
2026/03/20,2135,3053,3060,3046,3060,1165,78014,0
2026/03/20,2140,3060,3061,3050,3059,977,78271,0
2026/03/20,2145,3059,3070,3056,3066,1094,78529,0
2026/03/20,2150,3067,3072,3058,3065,1026,78483,0
2026/03/20,2155,3065,3068,3060,3067,703,78485,0
2026/03/20,2200,3067,3081,3066,3079,1444,78866,0
2026/03/20,2205,3079,3084,3073,3081,1201,78663,0
2026/03/20,2210,3082,3084,3067,3068,1410,78587,0
2026/03/20,2215,3068,3072,3065,3066,561,78626,0
2026/03/20,2220,3066,3072,3066,3071,349,78655,0
2026/03/20,2225,3070,3075,3066,3072,404,78660,0
2026/03/20,2230,3072,3074,3071,3072,250,78672,0
2026/03/20,2235,3072,3076,3068,3076,728,78413,0
2026/03/20,2240,3076,3077,3071,3074,596,78344,0
2026/03/20,2245,3075,3077,3071,3077,203,78283,0
2026/03/20,2250,3077,3081,3073,3073,435,78299,0
2026/03/20,2255,3074,3079,3074,3077,300,78327,0
2026/03/20,2300,3079,3087,3079,3086,797,78515,0
2026/03/20,2305,3086,3092,3083,3088,920,78700,0
2026/03/20,2310,3087,3087,3081,3083,394,78688,0
2026/03/20,2315,3083,3084,3079,3081,237,78690,0
2026/03/20,2320,3081,3084,3080,3082,79,78691,0
2026/03/20,2325,3083,3085,3081,3083,156,78690,0
2026/03/20,2330,3083,3084,3075,3078,214,78631,0
2026/03/20,2335,3079,3079,3071,3074,410,78608,0
2026/03/20,2340,3074,3076,3073,3074,79,78617,0
2026/03/20,2345,3074,3076,3072,3076,127,78601,0
2026/03/20,2350,3075,3081,3075,3078,162,78621,0
2026/03/20,2355,3078,3079,3075,3076,48,78622,0
2026/03/20,0000,3076,3078,3076,3078,50,78624,0
2026/03/20,0005,3078,3079,3073,3074,93,78622,0
2026/03/20,0010,3075,3077,3074,3077,56,78616,0
2026/03/20,0015,3077,3077,3073,3073,88,78590,0
2026/03/20,0020,3073,3077,3073,3075,185,78486,0
2026/03/20,0025,3074,3075,3072,3074,87,78460,0
2026/03/20,0030,3073,3076,3073,3075,81,78463,0
2026/03/20,0035,3075,3075,3073,3074,50,78430,0
2026/03/20,0040,3074,3076,3073,3076,68,78393,0
2026/03/20,0045,3076,3076,3071,3072,83,78348,0
2026/03/20,0050,3074,3074,3070,3072,71,78333,0
2026/03/20,0055,3071,3073,3071,3073,52,78297,0
2026/03/20,0100,3073,3075,3072,3074,151,78292,0
2026/03/20,0905,3069,3078,3060,3076,1946,78044,0
2026/03/20,0910,3076,3079,3069,3072,881,78017,0
2026/03/20,0915,3072,3076,3056,3057,972,77941,0
2026/03/20,0920,3058,3064,3055,3056,1188,78192,0
2026/03/20,0925,3057,3060,3053,3060,1048,78243,0
2026/03/20,0930,3060,3066,3060,3063,440,78232,0
2026/03/20,0935,3062,3063,3053,3057,520,78293,0
2026/03/20,0940,3057,3064,3056,3062,404,78298,0
2026/03/20,0945,3061,3085,3060,3084,1678,78205,0
2026/03/20,0950,3084,3087,3076,3078,765,78132,0
2026/03/20,0955,3077,3087,3076,3085,492,78207,0
2026/03/20,1000,3085,3092,3085,3087,722,78276,0
2026/03/20,1005,3086,3092,3082,3089,644,78473,0
2026/03/20,1010,3090,3092,3085,3090,548,78515,0
2026/03/20,1015,3090,3093,3088,3092,354,78545,0
2026/03/20,1035,3093,3097,3088,3092,786,78407,0
2026/03/20,1040,3094,3094,3085,3090,487,78365,0
2026/03/20,1045,3090,3096,3086,3095,265,78339,0
2026/03/20,1050,3094,3103,3091,3101,603,78337,0
2026/03/20,1055,3102,3102,3092,3094,217,78307,0
2026/03/20,1100,3094,3094,3088,3091,449,78376,0
2026/03/20,1105,3091,3095,3088,3095,357,78410,0
2026/03/20,1110,3095,3107,3095,3103,854,78731,0
2026/03/20,1115,3102,3103,3098,3101,241,78780,0
2026/03/20,1120,3101,3103,3099,3102,323,78858,0
2026/03/20,1125,3101,3103,3097,3101,232,78888,0
2026/03/20,1130,3101,3102,3095,3097,217,78897,0
2026/03/20,1335,3098,3098,3086,3088,570,78857,0
2026/03/20,1340,3089,3094,3088,3092,356,78924,0
2026/03/20,1345,3092,3102,3090,3100,453,78928,0
2026/03/20,1350,3100,3103,3093,3098,464,78988,0
2026/03/20,1355,3099,3104,3093,3097,355,78938,0
2026/03/20,1400,3097,3103,3096,3099,192,78973,0
2026/03/20,1405,3098,3109,3097,3106,725,78897,0
2026/03/20,1410,3106,3106,3101,3104,258,78950,0
2026/03/20,1415,3103,3104,3100,3102,214,78906,0
2026/03/20,1420,3102,3105,3101,3101,220,78872,0
2026/03/20,1425,3102,3103,3098,3100,208,78841,0
2026/03/20,1430,3101,3104,3100,3102,212,78838,0
2026/03/20,1435,3103,3107,3102,3104,159,78861,0
2026/03/20,1440,3104,3104,3098,3098,303,78799,0
2026/03/20,1445,3097,3100,3095,3096,395,78776,0
2026/03/20,1450,3095,3106,3094,3105,630,78797,0
2026/03/20,1455,3104,3106,3100,3103,515,78894,0
2026/03/20,1500,3102,3104,3100,3102,488,78799,0
2026/03/23,2105,3105,3116,3092,3094,2147,78850,0
2026/03/23,2110,3093,3098,3088,3096,834,78792,0
2026/03/23,2115,3095,3099,3092,3095,431,78861,0
2026/03/23,2120,3095,3108,3095,3105,650,78960,0
2026/03/23,2125,3106,3117,3106,3117,1134,79065,0
2026/03/23,2130,3117,3118,3112,3116,486,79123,0
2026/03/23,2135,3117,3131,3115,3127,1271,79247,0
2026/03/23,2140,3127,3127,3120,3121,1062,79103,0
2026/03/23,2145,3122,3137,3122,3136,1158,79367,0
2026/03/23,2150,3136,3136,3129,3135,1122,79137,0
2026/03/23,2155,3135,3136,3122,3124,1082,79175,0
2026/03/23,2200,3123,3127,3122,3123,409,79094,0
2026/03/23,2205,3123,3124,3113,3113,1031,78991,0
2026/03/23,2210,3114,3120,3110,3117,505,79012,0
2026/03/23,2215,3118,3120,3113,3114,510,79016,0
2026/03/23,2220,3115,3119,3110,3116,481,78951,0
2026/03/23,2225,3116,3122,3115,3120,749,79287,0
2026/03/23,2230,3120,3132,3119,3131,581,79217,0
2026/03/23,2235,3132,3142,3132,3135,1280,79147,0
2026/03/23,2240,3135,3149,3135,3144,952,79111,0
2026/03/23,2245,3144,3145,3137,3139,351,79056,0
2026/03/23,2250,3140,3148,3139,3146,607,79013,0
2026/03/23,2255,3147,3153,3144,3146,794,78958,0
2026/03/23,2300,3147,3159,3147,3159,1380,78809,0
2026/03/23,2305,3159,3159,3146,3150,1001,78794,0
2026/03/23,2310,3151,3153,3148,3149,262,78833,0
2026/03/23,2315,3150,3155,3149,3150,246,78797,0
2026/03/23,2320,3150,3165,3150,3164,666,78809,0
2026/03/23,2325,3165,3165,3155,3156,807,78849,0
2026/03/23,2330,3155,3160,3153,3155,363,78803,0
2026/03/23,2335,3156,3157,3151,3155,198,78786,0
2026/03/23,2340,3156,3157,3153,3154,98,78813,0
2026/03/23,2345,3153,3157,3152,3153,273,78911,0
2026/03/23,2350,3152,3154,3145,3145,497,78778,0
2026/03/23,2355,3145,3149,3144,3148,186,78729,0
2026/03/23,0000,3149,3153,3148,3149,125,78717,0
2026/03/23,0005,3148,3151,3147,3147,105,78693,0
2026/03/23,0010,3148,3152,3148,3151,54,78686,0
2026/03/23,0015,3151,3155,3151,3153,173,78659,0
2026/03/23,0020,3152,3154,3151,3154,123,78615,0
2026/03/23,0025,3154,3155,3151,3151,184,78637,0
2026/03/23,0030,3152,3153,3150,3150,64,78612,0
2026/03/23,0035,3151,3153,3151,3151,66,78583,0
2026/03/23,0040,3152,3152,3150,3151,52,78559,0
2026/03/23,0045,3150,3150,3147,3150,169,78548,0
2026/03/23,0050,3150,3151,3148,3150,100,78496,0
2026/03/23,0055,3150,3151,3149,3151,34,78478,0
2026/03/23,0100,3151,3156,3149,3156,272,78409,0
2026/03/23,0905,3150,3152,3121,3124,3351,78118,0
2026/03/23,0910,3124,3138,3121,3129,1174,78114,0
2026/03/23,0915,3129,3138,3120,3123,1054,78046,0
2026/03/23,0920,3124,3134,3123,3133,816,78211,0
2026/03/23,0925,3132,3136,3124,3128,747,78224,0
2026/03/23,0930,3130,3136,3125,3127,539,78306,0
2026/03/23,0935,3126,3134,3125,3132,435,78289,0
2026/03/23,0940,3131,3145,3128,3139,701,78225,0
2026/03/23,0945,3139,3149,3135,3148,836,78184,0
2026/03/23,0950,3149,3152,3138,3141,856,78176,0
2026/03/23,0955,3140,3147,3138,3143,397,78197,0
2026/03/23,1000,3143,3149,3143,3146,508,78284,0
2026/03/23,1005,3146,3151,3145,3150,428,78251,0
2026/03/23,1010,3150,3150,3125,3130,1178,78319,0
2026/03/23,1015,3130,3137,3129,3134,436,78339,0
2026/03/23,1035,3134,3140,3131,3134,454,78333,0
2026/03/23,1040,3135,3140,3133,3137,410,78410,0
2026/03/23,1045,3137,3142,3136,3140,459,78440,0
2026/03/23,1050,3140,3143,3136,3137,487,78530,0
2026/03/23,1055,3136,3140,3134,3134,309,78554,0
2026/03/23,1100,3134,3149,3134,3148,375,78553,0
2026/03/23,1105,3149,3152,3147,3150,459,78574,0
2026/03/23,1110,3150,3160,3149,3153,679,78544,0
2026/03/23,1115,3154,3160,3150,3159,452,78602,0
2026/03/23,1120,3158,3160,3151,3152,567,78632,0
2026/03/23,1125,3152,3159,3149,3156,539,78760,0
2026/03/23,1130,3157,3158,3152,3157,306,78720,0
2026/03/23,1335,3156,3157,3145,3154,660,78803,0
2026/03/23,1340,3154,3156,3142,3142,547,78942,0
2026/03/23,1345,3143,3152,3139,3148,509,78949,0
2026/03/23,1350,3147,3155,3145,3148,328,78982,0
2026/03/23,1355,3148,3152,3142,3148,487,78989,0
2026/03/23,1400,3148,3178,3147,3166,2126,79342,0
2026/03/23,1405,3167,3170,3160,3169,815,79457,0
2026/03/23,1410,3169,3173,3165,3169,556,79462,0
2026/03/23,1415,3169,3170,3160,3161,544,79560,0
2026/03/23,1420,3161,3164,3151,3163,925,79467,0
2026/03/23,1425,3163,3169,3159,3164,532,79490,0
2026/03/23,1430,3165,3169,3154,3155,543,79515,0
2026/03/23,1435,3154,3159,3148,3157,672,79541,0
2026/03/23,1440,3158,3160,3153,3159,270,79533,0
2026/03/23,1445,3160,3163,3155,3155,374,79587,0
2026/03/23,1450,3155,3157,3148,3153,660,79578,0
2026/03/23,1455,3151,3154,3147,3152,381,79576,0
2026/03/23,1500,3152,3158,3151,3157,559,79581,0
2026/03/24,2105,3139,3139,3083,3095,8042,79740,0
2026/03/24,2110,3095,3106,3093,3099,2267,79612,0
2026/03/24,2115,3099,3102,3088,3099,2152,79758,0
2026/03/24,2120,3098,3103,3094,3103,1083,79855,0
2026/03/24,2125,3102,3117,3101,3112,1597,79914,0
2026/03/24,2130,3112,3116,3106,3112,804,80009,0
2026/03/24,2135,3110,3110,3095,3097,1172,80217,0
2026/03/24,2140,3096,3099,3091,3095,1119,80372,0
2026/03/24,2145,3094,3101,3094,3099,544,80386,0
2026/03/24,2150,3098,3103,3095,3095,405,80402,0
2026/03/24,2155,3096,3101,3090,3101,679,80534,0
2026/03/24,2200,3102,3104,3097,3098,316,80475,0
2026/03/24,2205,3097,3098,3080,3085,1506,80479,0
2026/03/24,2210,3085,3092,3083,3091,772,80392,0
2026/03/24,2215,3092,3095,3089,3094,311,80400,0
2026/03/24,2220,3094,3098,3089,3089,346,80396,0
2026/03/24,2225,3089,3092,3078,3081,1295,80371,0
2026/03/24,2230,3082,3090,3080,3088,537,80375,0
2026/03/24,2235,3088,3094,3086,3093,354,80380,0
2026/03/24,2240,3094,3099,3093,3097,382,80391,0
2026/03/24,2245,3096,3104,3096,3102,510,80398,0
2026/03/24,2250,3102,3103,3099,3101,350,80345,0
2026/03/24,2255,3101,3108,3097,3097,728,80335,0
2026/03/24,2300,3097,3099,3093,3097,357,80333,0
2026/03/24,2305,3096,3097,3089,3095,494,80323,0
2026/03/24,2310,3094,3099,3094,3095,194,80327,0
2026/03/24,2315,3095,3096,3088,3090,287,80419,0
2026/03/24,2320,3088,3094,3088,3093,409,80278,0
2026/03/24,2325,3093,3094,3092,3093,56,80283,0
2026/03/24,2330,3093,3096,3093,3095,105,80255,0
2026/03/24,2335,3094,3095,3094,3095,51,80243,0
2026/03/24,2340,3094,3096,3093,3096,113,80278,0
2026/03/24,2345,3095,3095,3094,3095,63,80271,0
2026/03/24,2350,3095,3099,3094,3098,76,80267,0
2026/03/24,2355,3097,3098,3096,3098,28,80265,0
2026/03/24,0000,3098,3099,3096,3099,82,80246,0
2026/03/24,0005,3099,3100,3098,3100,119,80269,0
2026/03/24,0010,3100,3100,3096,3099,61,80289,0
2026/03/24,0015,3099,3099,3097,3099,28,80286,0
2026/03/24,0020,3099,3100,3098,3100,159,80370,0
2026/03/24,0025,3100,3101,3100,3101,20,80379,0
2026/03/24,0030,3100,3100,3097,3099,56,80364,0
2026/03/24,0035,3099,3099,3096,3096,51,80340,0
2026/03/24,0040,3096,3097,3095,3097,24,80338,0
2026/03/24,0045,3097,3097,3094,3095,27,80328,0
2026/03/24,0050,3095,3095,3093,3093,78,80303,0
2026/03/24,0055,3093,3096,3093,3095,65,80308,0
2026/03/24,0100,3096,3097,3092,3093,125,80269,0
2026/03/24,0905,3095,3115,3095,3110,1652,80064,0
2026/03/24,0910,3109,3112,3103,3107,795,79960,0
2026/03/24,0915,3107,3111,3106,3108,351,80011,0
2026/03/24,0920,3109,3111,3106,3109,346,79936,0
2026/03/24,0925,3109,3110,3106,3107,325,79973,0
2026/03/24,0930,3108,3110,3100,3102,525,80067,0
2026/03/24,0935,3101,3107,3100,3106,303,80160,0
2026/03/24,0940,3106,3111,3103,3109,375,80130,0
2026/03/24,0945,3109,3110,3105,3110,496,80332,0
2026/03/24,0950,3109,3112,3104,3105,283,80313,0
2026/03/24,0955,3106,3106,3102,3103,374,80327,0
2026/03/24,1000,3103,3104,3088,3090,1163,80304,0
2026/03/24,1005,3089,3101,3086,3100,1254,79993,0
2026/03/24,1010,3101,3103,3098,3103,350,80042,0
2026/03/24,1015,3103,3105,3097,3100,333,80032,0
2026/03/24,1035,3101,3111,3101,3106,572,80077,0
2026/03/24,1040,3106,3108,3104,3106,149,80081,0
2026/03/24,1045,3105,3105,3097,3099,364,80124,0
2026/03/24,1050,3098,3100,3093,3098,502,80227,0
2026/03/24,1055,3097,3100,3096,3099,254,80291,0
2026/03/24,1100,3098,3098,3094,3094,172,80313,0
2026/03/24,1105,3093,3098,3091,3094,237,80335,0
2026/03/24,1110,3093,3096,3091,3096,170,80330,0
2026/03/24,1115,3096,3104,3096,3103,296,80320,0
2026/03/24,1120,3104,3106,3102,3104,276,80282,0
2026/03/24,1125,3105,3109,3104,3108,378,80290,0
2026/03/24,1130,3108,3110,3101,3101,328,80268,0
2026/03/24,1335,3101,3109,3099,3107,506,80198,0
2026/03/24,1340,3106,3109,3104,3106,289,80147,0
2026/03/24,1345,3104,3107,3103,3104,182,80116,0
2026/03/24,1350,3105,3109,3104,3107,510,80165,0
2026/03/24,1355,3107,3110,3104,3108,321,80225,0
2026/03/24,1400,3108,3108,3099,3103,492,80286,0
2026/03/24,1405,3101,3103,3098,3101,418,80299,0
2026/03/24,1410,3102,3104,3099,3099,278,80329,0
2026/03/24,1415,3098,3099,3092,3095,623,80377,0
2026/03/24,1420,3094,3099,3091,3097,367,80439,0
2026/03/24,1425,3097,3097,3086,3088,988,80586,0
2026/03/24,1430,3090,3095,3086,3094,516,80582,0
2026/03/24,1435,3093,3096,3091,3093,331,80635,0
2026/03/24,1440,3094,3099,3091,3098,291,80626,0
2026/03/24,1445,3097,3102,3097,3099,455,80567,0
2026/03/24,1450,3098,3103,3098,3098,215,80569,0
2026/03/24,1455,3098,3099,3094,3095,297,80580,0
2026/03/24,1500,3095,3097,3083,3085,1184,80632,0
2026/03/25,2105,3083,3100,3080,3090,1985,80921,0
2026/03/25,2110,3091,3095,3090,3092,405,80911,0
2026/03/25,2115,3092,3092,3086,3088,449,80935,0
2026/03/25,2120,3088,3088,3080,3087,797,81129,0
2026/03/25,2125,3087,3094,3080,3083,2074,81609,0
2026/03/25,2130,3083,3083,3071,3076,1807,81471,0
2026/03/25,2135,3076,3080,3064,3065,1461,81741,0
2026/03/25,2140,3064,3067,3056,3061,1677,81821,0
2026/03/25,2145,3061,3066,3059,3064,806,81928,0
2026/03/25,2150,3064,3065,3053,3054,768,82168,0
2026/03/25,2155,3055,3057,3048,3051,1974,81701,0
2026/03/25,2200,3052,3053,3045,3049,1021,81803,0
2026/03/25,2205,3049,3051,3044,3048,651,81917,0
2026/03/25,2210,3048,3050,3044,3049,688,82099,0
2026/03/25,2215,3050,3052,3045,3048,704,82202,0
2026/03/25,2220,3050,3050,3037,3042,1754,82526,0
2026/03/25,2225,3042,3044,3040,3043,549,82723,0
2026/03/25,2230,3043,3043,3030,3032,2249,83384,0
2026/03/25,2235,3033,3040,3032,3038,1273,83561,0
2026/03/25,2240,3038,3046,3037,3045,1041,83579,0
2026/03/25,2245,3045,3047,3036,3036,708,83687,0
2026/03/25,2250,3035,3042,3031,3041,1203,83922,0
2026/03/25,2255,3041,3045,3038,3041,471,84034,0
2026/03/25,2300,3041,3050,3041,3050,572,83978,0
2026/03/25,2305,3049,3052,3046,3046,655,84073,0
2026/03/25,2310,3046,3049,3045,3047,135,84063,0
2026/03/25,2315,3047,3048,3045,3045,141,84081,0
2026/03/25,2320,3045,3048,3045,3048,156,84115,0
2026/03/25,2325,3048,3050,3047,3048,200,84211,0
2026/03/25,2330,3048,3049,3045,3045,79,84202,0
2026/03/25,2335,3045,3047,3045,3047,28,84192,0
2026/03/25,2340,3045,3048,3045,3047,198,84282,0
2026/03/25,2345,3047,3047,3046,3046,40,84268,0
2026/03/25,2350,3046,3046,3044,3044,61,84243,0
2026/03/25,2355,3045,3046,3037,3042,664,83947,0
2026/03/25,0000,3041,3043,3040,3042,116,83886,0
2026/03/25,0005,3042,3043,3041,3042,23,83877,0
2026/03/25,0010,3042,3044,3041,3043,44,83856,0
2026/03/25,0015,3043,3043,3042,3043,18,83861,0
2026/03/25,0020,3042,3045,3042,3045,67,83844,0
2026/03/25,0025,3045,3046,3044,3046,35,83829,0
2026/03/25,0030,3045,3046,3045,3046,29,83832,0
2026/03/25,0035,3046,3046,3043,3044,31,83832,0
2026/03/25,0040,3044,3044,3043,3044,8,83827,0
2026/03/25,0045,3044,3045,3044,3044,32,83835,0
2026/03/25,0050,3043,3044,3040,3041,161,83808,0
2026/03/25,0055,3041,3042,3040,3042,70,83800,0
2026/03/25,0100,3042,3042,3039,3039,253,83720,0
2026/03/25,0905,3040,3040,3015,3015,5903,83390,0
2026/03/25,0910,3015,3022,3012,3013,2046,83676,0
2026/03/25,0915,3014,3025,3013,3024,1239,83611,0
2026/03/25,0920,3024,3026,3018,3026,644,83768,0
2026/03/25,0925,3026,3028,3019,3028,601,83795,0
2026/03/25,0930,3028,3029,3023,3029,491,83861,0
2026/03/25,0935,3029,3030,3026,3027,681,83883,0
2026/03/25,0940,3028,3050,3027,3050,2599,84378,0
2026/03/25,0945,3050,3058,3044,3047,2464,84691,0
2026/03/25,0950,3047,3054,3045,3050,534,84710,0
2026/03/25,0955,3050,3053,3048,3051,394,84655,0
2026/03/25,1000,3051,3054,3049,3052,275,84674,0
2026/03/25,1005,3052,3055,3050,3052,304,84655,0
2026/03/25,1010,3051,3056,3051,3055,320,84652,0
2026/03/25,1015,3055,3056,3047,3047,409,84682,0
2026/03/25,1035,3047,3057,3046,3055,698,84677,0
2026/03/25,1040,3055,3061,3051,3060,783,84661,0
2026/03/25,1045,3060,3060,3057,3059,211,84638,0
2026/03/25,1050,3060,3061,3053,3055,537,84701,0
2026/03/25,1055,3055,3057,3052,3053,463,84705,0
2026/03/25,1100,3053,3056,3052,3053,258,84724,0
2026/03/25,1105,3054,3056,3051,3052,247,84676,0
2026/03/25,1110,3053,3054,3048,3050,562,84751,0
2026/03/25,1115,3049,3053,3046,3048,327,84742,0
2026/03/25,1120,3048,3049,3035,3041,916,84667,0
2026/03/25,1125,3041,3047,3041,3043,345,84675,0
2026/03/25,1130,3043,3048,3042,3047,264,84608,0
2026/03/25,1335,3049,3061,3049,3061,1248,84962,0
2026/03/25,1340,3061,3064,3055,3056,815,84902,0
2026/03/25,1345,3056,3061,3054,3054,368,84902,0
2026/03/25,1350,3053,3063,3053,3061,471,84944,0
2026/03/25,1355,3061,3063,3059,3062,399,84974,0
2026/03/25,1400,3062,3065,3061,3062,270,84916,0
2026/03/25,1405,3062,3066,3059,3063,545,84913,0
2026/03/25,1410,3063,3064,3060,3063,310,84990,0
2026/03/25,1415,3062,3062,3054,3058,388,84969,0
2026/03/25,1420,3058,3058,3052,3053,325,84926,0
2026/03/25,1425,3053,3058,3051,3057,323,84967,0
2026/03/25,1430,3057,3058,3055,3058,227,84956,0
2026/03/25,1435,3058,3061,3054,3054,589,84954,0
2026/03/25,1440,3054,3057,3052,3054,228,85005,0
2026/03/25,1445,3054,3058,3052,3055,369,85052,0
2026/03/25,1450,3056,3058,3054,3055,229,85074,0
2026/03/25,1455,3055,3057,3053,3054,612,85112,0
2026/03/25,1500,3054,3055,3051,3053,582,84944,0
2026/03/26,2105,3044,3058,3038,3046,2337,85353,0
2026/03/26,2110,3046,3053,3045,3048,686,85491,0
2026/03/26,2115,3047,3048,3032,3036,2415,85709,0
2026/03/26,2120,3037,3042,3033,3034,718,85813,0
2026/03/26,2125,3033,3037,3032,3032,656,85853,0
2026/03/26,2130,3032,3035,3028,3033,889,86050,0
2026/03/26,2135,3033,3035,3030,3035,414,86116,0
2026/03/26,2140,3035,3035,3030,3032,476,86191,0
2026/03/26,2145,3031,3034,3031,3033,183,86213,0
2026/03/26,2150,3033,3037,3032,3036,500,86270,0
2026/03/26,2155,3036,3041,3035,3038,602,86270,0
2026/03/26,2200,3037,3037,3034,3037,415,86223,0
2026/03/26,2205,3036,3037,3032,3035,434,86315,0
2026/03/26,2210,3035,3037,3031,3036,330,86385,0
2026/03/26,2215,3036,3037,3030,3031,198,86332,0
2026/03/26,2220,3030,3033,3026,3033,681,86352,0
2026/03/26,2225,3032,3034,3031,3032,449,86465,0
2026/03/26,2230,3032,3033,3030,3032,185,86433,0
2026/03/26,2235,3032,3032,3027,3029,652,86299,0
2026/03/26,2240,3028,3030,3024,3026,1044,86426,0
2026/03/26,2245,3028,3032,3025,3031,467,86484,0
2026/03/26,2250,3030,3031,3028,3029,179,86450,0
2026/03/26,2255,3030,3033,3029,3030,189,86440,0
2026/03/26,2300,3030,3031,3026,3031,341,86454,0
2026/03/26,2305,3031,3035,3028,3028,416,86499,0
2026/03/26,2310,3028,3030,3027,3029,103,86529,0
2026/03/26,2315,3029,3031,3029,3030,80,86527,0
2026/03/26,2320,3030,3031,3028,3030,96,86512,0
2026/03/26,2325,3030,3031,3029,3031,34,86485,0
2026/03/26,2330,3031,3031,3029,3030,38,86478,0
2026/03/26,2335,3030,3032,3030,3030,73,86449,0
2026/03/26,2340,3030,3030,3027,3028,201,86565,0
2026/03/26,2345,3028,3031,3028,3029,103,86552,0
2026/03/26,2350,3030,3030,3028,3029,25,86562,0
2026/03/26,2355,3029,3030,3028,3029,49,86571,0
2026/03/26,0000,3028,3030,3028,3029,28,86569,0
2026/03/26,0005,3028,3029,3028,3029,20,86569,0
2026/03/26,0010,3029,3029,3028,3028,31,86562,0
2026/03/26,0015,3029,3029,3028,3028,14,86550,0
2026/03/26,0020,3028,3029,3028,3029,17,86551,0
2026/03/26,0025,3028,3028,3027,3028,66,86513,0
2026/03/26,0030,3028,3028,3027,3028,18,86514,0
2026/03/26,0035,3028,3028,3028,3028,8,86515,0
2026/03/26,0040,3028,3028,3027,3027,30,86520,0
2026/03/26,0045,3027,3028,3026,3028,17,86506,0
2026/03/26,0050,3027,3027,3025,3025,120,86484,0
2026/03/26,0055,3025,3026,3024,3026,48,86475,0
2026/03/26,0100,3026,3027,3024,3025,171,86455,0
2026/03/26,0905,3026,3033,3026,3033,858,86495,0
2026/03/26,0910,3033,3036,3029,3032,548,86524,0
2026/03/26,0915,3032,3034,3032,3033,193,86516,0
2026/03/26,0920,3034,3037,3032,3037,404,86564,0
2026/03/26,0925,3036,3039,3033,3038,462,86597,0
2026/03/26,0930,3037,3042,3035,3036,610,86694,0
2026/03/26,0935,3035,3037,3033,3033,360,86756,0
2026/03/26,0940,3035,3035,3028,3033,569,86755,0
2026/03/26,0945,3033,3034,3018,3019,1374,86835,0
2026/03/26,0950,3019,3025,3019,3024,724,86977,0
2026/03/26,0955,3023,3025,3019,3025,487,86965,0
2026/03/26,1000,3025,3029,3025,3028,287,86908,0
2026/03/26,1005,3028,3028,3023,3025,250,86942,0
2026/03/26,1010,3025,3028,3020,3025,890,87254,0
2026/03/26,1015,3025,3025,3022,3024,165,87237,0
2026/03/26,1035,3023,3026,3020,3024,305,87224,0
2026/03/26,1040,3024,3026,3023,3024,78,87238,0
2026/03/26,1045,3024,3025,3017,3022,751,87162,0
2026/03/26,1050,3022,3025,3020,3023,203,87181,0
2026/03/26,1055,3024,3026,3023,3024,215,87224,0
2026/03/26,1100,3025,3026,3022,3025,349,87358,0
2026/03/26,1105,3025,3028,3023,3026,255,87362,0
2026/03/26,1110,3025,3028,3025,3027,193,87409,0
2026/03/26,1115,3027,3032,3026,3030,263,87392,0
2026/03/26,1120,3029,3034,3028,3034,309,87340,0
2026/03/26,1125,3032,3036,3032,3034,347,87293,0
2026/03/26,1130,3035,3035,3029,3030,207,87270,0
2026/03/26,1335,3031,3034,3027,3028,349,87241,0
2026/03/26,1340,3028,3028,3023,3027,300,87248,0
2026/03/26,1345,3027,3030,3024,3026,266,87251,0
2026/03/26,1350,3025,3028,3023,3027,437,87461,0
2026/03/26,1355,3027,3029,3022,3029,1265,87361,0
2026/03/26,1400,3029,3030,3027,3030,278,87415,0
2026/03/26,1405,3029,3031,3028,3030,308,87464,0
2026/03/26,1410,3030,3031,3025,3026,235,87492,0
2026/03/26,1415,3026,3028,3025,3028,276,87523,0
2026/03/26,1420,3028,3028,3023,3024,217,87481,0
2026/03/26,1425,3025,3026,3021,3024,308,87406,0
2026/03/26,1430,3024,3025,3022,3025,350,87565,0
2026/03/26,1435,3025,3029,3024,3026,260,87546,0
2026/03/26,1440,3026,3026,3022,3023,390,87377,0
2026/03/26,1445,3024,3025,3020,3021,491,87462,0
2026/03/26,1450,3021,3024,3018,3021,510,87410,0
2026/03/26,1455,3020,3028,3020,3025,783,87624,0
2026/03/26,1500,3024,3027,3023,3023,366,87592,0
2026/03/27,2105,3029,3045,3028,3044,2827,87772,0
2026/03/27,2110,3043,3043,3035,3040,1142,87982,0
2026/03/27,2115,3040,3042,3034,3034,763,88188,0
2026/03/27,2120,3035,3036,3025,3031,1252,88338,0
2026/03/27,2125,3031,3034,3029,3033,856,88602,0
2026/03/27,2130,3034,3034,3030,3030,256,88642,0
2026/03/27,2135,3031,3037,3029,3033,1078,88871,0
2026/03/27,2140,3033,3034,3010,3020,2745,88963,0
2026/03/27,2145,3020,3024,3016,3018,637,89012,0
2026/03/27,2150,3017,3021,3017,3020,413,89012,0
2026/03/27,2155,3018,3020,3015,3018,439,89061,0
2026/03/27,2200,3017,3027,3016,3023,1306,89612,0
2026/03/27,2205,3022,3024,3016,3017,493,89650,0
2026/03/27,2210,3018,3021,3018,3020,166,89653,0
2026/03/27,2215,3021,3024,3020,3023,236,89683,0
2026/03/27,2220,3023,3029,3023,3027,468,89704,0
2026/03/27,2225,3028,3030,3027,3028,436,89769,0
2026/03/27,2230,3028,3030,3021,3023,397,89776,0
2026/03/27,2235,3021,3022,3015,3017,687,89857,0
2026/03/27,2240,3016,3022,3016,3021,377,89977,0
2026/03/27,2245,3020,3027,3018,3025,508,89948,0
2026/03/27,2250,3026,3029,3024,3026,289,89929,0
2026/03/27,2255,3026,3029,3026,3029,267,90027,0
2026/03/27,2300,3029,3030,3024,3025,369,90131,0
2026/03/27,2305,3025,3028,3024,3025,141,90165,0
2026/03/27,2310,3025,3027,3025,3027,59,90167,0
2026/03/27,2315,3027,3027,3025,3026,55,90164,0
2026/03/27,2320,3026,3026,3025,3026,32,90156,0
2026/03/27,2325,3027,3027,3024,3025,58,90137,0
2026/03/27,2330,3025,3025,3023,3023,66,90104,0
2026/03/27,2335,3023,3024,3023,3024,41,90101,0
2026/03/27,2340,3024,3024,3023,3024,7,90104,0
2026/03/27,2345,3024,3024,3023,3023,28,90104,0
2026/03/27,2350,3023,3024,3023,3023,52,90097,0
2026/03/27,2355,3023,3024,3023,3023,22,90094,0
2026/03/27,0000,3024,3024,3020,3021,56,90078,0
2026/03/27,0005,3021,3021,3021,3021,4,90076,0
2026/03/27,0010,3021,3023,3021,3022,31,90073,0
2026/03/27,0015,3022,3023,3022,3023,12,90080,0
2026/03/27,0020,3022,3022,3020,3020,32,90071,0
2026/03/27,0025,3021,3023,3020,3023,26,90064,0
2026/03/27,0030,3023,3024,3023,3024,28,90070,0
2026/03/27,0035,3024,3024,3023,3023,23,90078,0
2026/03/27,0040,3024,3024,3023,3023,30,90091,0
2026/03/27,0045,3023,3024,3022,3022,20,90087,0
2026/03/27,0050,3022,3024,3022,3023,45,90062,0
2026/03/27,0055,3022,3023,3022,3022,4,90064,0
2026/03/27,0100,3022,3023,3021,3022,100,90037,0
2026/03/27,0905,3023,3026,3019,3020,566,89932,0
2026/03/27,0910,3020,3020,3015,3016,551,90085,0
2026/03/27,0915,3016,3019,3013,3018,685,90227,0
2026/03/27,0920,3019,3019,3014,3015,291,90325,0
2026/03/27,0925,3015,3015,3012,3014,360,90397,0
2026/03/27,0930,3015,3015,3010,3013,590,90445,0
2026/03/27,0935,3014,3015,3005,3006,2611,89797,0
2026/03/27,0940,3005,3006,3003,3005,1129,89785,0
2026/03/27,0945,3004,3007,3002,3006,896,89688,0
2026/03/27,0950,3006,3009,3005,3007,631,89714,0
2026/03/27,0955,3007,3011,3004,3006,1151,89263,0
2026/03/27,1000,3007,3007,3004,3006,244,89273,0
2026/03/27,1005,3005,3005,2993,2996,3378,89420,0
2026/03/27,1010,2996,3001,2995,2997,812,89647,0
2026/03/27,1015,2998,3002,2997,3002,513,89756,0
2026/03/27,1035,3002,3003,2996,2998,634,89889,0
2026/03/27,1040,2999,3004,2998,3004,908,90052,0
2026/03/27,1045,3004,3006,2989,2993,2486,90910,0
2026/03/27,1050,2993,2996,2991,2995,717,91246,0
2026/03/27,1055,2995,2997,2990,2990,822,91435,0
2026/03/27,1100,2991,2995,2990,2992,541,91472,0
2026/03/27,1105,2992,2994,2991,2994,267,91492,0
2026/03/27,1110,2995,2996,2992,2993,663,91499,0
2026/03/27,1115,2993,2996,2992,2995,315,91591,0
2026/03/27,1120,2994,3003,2993,3002,2707,91581,0
2026/03/27,1125,3002,3008,3001,3005,1096,91455,0
2026/03/27,1130,3006,3008,3004,3007,713,91257,0
2026/03/27,1335,3007,3010,3005,3009,647,91174,0
2026/03/27,1340,3009,3011,3006,3008,1056,91159,0
2026/03/27,1345,3008,3011,3007,3009,646,91078,0
2026/03/27,1350,3009,3013,3009,3009,452,91059,0
2026/03/27,1355,3009,3016,3009,3015,511,91030,0
2026/03/27,1400,3013,3024,3013,3023,1627,90754,0
2026/03/27,1405,3023,3025,3021,3024,1544,90424,0
2026/03/27,1410,3024,3030,3022,3027,1424,90449,0
2026/03/27,1415,3027,3030,3025,3029,1242,90014,0
2026/03/27,1420,3029,3030,3026,3029,1344,89407,0
2026/03/27,1425,3029,3039,3028,3037,1751,89241,0
2026/03/27,1430,3037,3044,3032,3044,1346,88967,0
2026/03/27,1435,3044,3054,3043,3046,2292,88949,0
2026/03/27,1440,3047,3054,3043,3054,2406,88938,0
2026/03/27,1445,3054,3060,3050,3054,2271,88933,0
2026/03/27,1450,3054,3058,3051,3052,849,88981,0
2026/03/27,1455,3052,3052,3047,3050,1140,89017,0
2026/03/27,1500,3049,3050,3043,3048,2213,89561,0
2026/03/30,2105,3054,3059,3039,3040,2537,89628,0
2026/03/30,2110,3039,3047,3036,3040,1868,90117,0
2026/03/30,2115,3042,3043,3032,3033,2472,90768,0
2026/03/30,2120,3032,3034,3028,3031,1929,91171,0
2026/03/30,2125,3032,3035,3031,3034,605,91331,0
2026/03/30,2130,3034,3039,3030,3038,783,91365,0
2026/03/30,2135,3037,3038,3034,3036,331,91344,0
2026/03/30,2140,3037,3037,3032,3034,386,91374,0
2026/03/30,2145,3034,3034,3029,3031,617,91466,0
2026/03/30,2150,3031,3032,3025,3027,723,91480,0
2026/03/30,2155,3026,3029,3024,3029,1082,91655,0
2026/03/30,2200,3028,3033,3027,3033,365,91691,0
2026/03/30,2205,3032,3034,3027,3029,799,91659,0
2026/03/30,2210,3028,3034,3028,3034,734,91753,0
2026/03/30,2215,3034,3035,3030,3034,633,91938,0
2026/03/30,2220,3033,3037,3033,3036,691,92134,0
2026/03/30,2225,3036,3037,3030,3033,789,92291,0
2026/03/30,2230,3033,3036,3030,3036,604,92422,0
2026/03/30,2235,3036,3039,3036,3036,425,92500,0
2026/03/30,2240,3037,3039,3036,3038,308,92630,0
2026/03/30,2245,3037,3039,3034,3035,1076,93244,0
2026/03/30,2250,3035,3046,3035,3044,830,93294,0
2026/03/30,2255,3045,3050,3043,3048,1073,93566,0
2026/03/30,2300,3046,3053,3043,3049,1167,93900,0
2026/03/30,2305,3049,3052,3044,3044,636,93925,0
2026/03/30,2310,3045,3047,3043,3047,157,93930,0
2026/03/30,2315,3046,3047,3043,3047,276,93964,0
2026/03/30,2320,3047,3051,3046,3047,328,94079,0
2026/03/30,2325,3048,3049,3046,3047,87,94078,0
2026/03/30,2330,3047,3047,3045,3045,116,94044,0
2026/03/30,2335,3045,3045,3043,3043,117,93997,0
2026/03/30,2340,3043,3049,3042,3049,430,94151,0
2026/03/30,2345,3048,3049,3047,3047,182,94296,0
2026/03/30,2350,3047,3049,3046,3046,97,94317,0
2026/03/30,2355,3047,3047,3046,3046,17,94325,0
2026/03/30,0000,3046,3050,3046,3048,220,94327,0
2026/03/30,0005,3049,3050,3048,3049,495,94663,0
2026/03/30,0010,3049,3049,3046,3047,79,94674,0
2026/03/30,0015,3048,3048,3046,3046,22,94671,0
2026/03/30,0020,3046,3047,3045,3047,67,94661,0
2026/03/30,0025,3045,3046,3041,3042,198,94639,0
2026/03/30,0030,3042,3044,3041,3044,95,94599,0
2026/03/30,0035,3044,3045,3042,3042,68,94624,0
2026/03/30,0040,3042,3042,3040,3042,146,94584,0
2026/03/30,0045,3041,3044,3041,3044,65,94541,0
2026/03/30,0050,3044,3044,3042,3043,54,94507,0
2026/03/30,0055,3043,3043,3041,3041,74,94491,0
2026/03/30,0100,3041,3043,3035,3038,357,94484,0
2026/03/30,0905,3052,3083,3052,3067,7390,95327,0
2026/03/30,0910,3068,3068,3053,3058,2565,95635,0
2026/03/30,0915,3058,3061,3046,3053,3811,96732,0
2026/03/30,0920,3052,3065,3047,3063,1910,97026,0
2026/03/30,0925,3062,3065,3060,3064,963,97034,0
2026/03/30,0930,3064,3065,3056,3059,812,97089,0
2026/03/30,0935,3060,3074,3060,3071,2593,97042,0
2026/03/30,0940,3071,3071,3060,3062,610,96992,0
2026/03/30,0945,3061,3063,3055,3059,671,96985,0
2026/03/30,0950,3058,3063,3056,3060,493,96900,0
2026/03/30,0955,3059,3060,3052,3057,977,97193,0
2026/03/30,1000,3057,3058,3054,3054,268,97211,0
2026/03/30,1005,3054,3054,3045,3049,1205,97186,0
2026/03/30,1010,3049,3052,3048,3051,531,97314,0
2026/03/30,1015,3052,3054,3049,3053,493,97375,0
2026/03/30,1035,3053,3056,3051,3054,597,97371,0
2026/03/30,1040,3054,3055,3043,3049,674,97373,0
2026/03/30,1045,3049,3051,3046,3049,351,97388,0
2026/03/30,1050,3049,3050,3045,3047,498,97450,0
2026/03/30,1055,3047,3048,3045,3046,354,97418,0
2026/03/30,1100,3045,3045,3033,3036,2163,96971,0
2026/03/30,1105,3037,3038,3034,3034,839,96914,0
2026/03/30,1110,3036,3036,3030,3033,1340,96694,0
2026/03/30,1115,3033,3044,3031,3040,768,96674,0
2026/03/30,1120,3040,3044,3038,3044,452,96708,0
2026/03/30,1125,3045,3049,3043,3044,739,96771,0
2026/03/30,1130,3044,3044,3038,3039,359,96784,0
2026/03/30,1335,3041,3051,3041,3049,939,96972,0
2026/03/30,1340,3050,3054,3048,3050,652,97059,0
2026/03/30,1345,3050,3054,3048,3049,648,97154,0
2026/03/30,1350,3049,3050,3038,3038,2043,97960,0
2026/03/30,1355,3038,3042,3034,3034,1147,97804,0
2026/03/30,1400,3035,3039,3034,3037,624,97853,0
2026/03/30,1405,3037,3043,3037,3041,731,98132,0
2026/03/30,1410,3041,3044,3041,3043,149,98157,0
2026/03/30,1415,3043,3045,3041,3043,364,98166,0
2026/03/30,1420,3044,3045,3040,3044,277,98195,0
2026/03/30,1425,3043,3047,3042,3044,503,98058,0
2026/03/30,1430,3043,3049,3043,3047,343,98121,0
2026/03/30,1435,3048,3050,3043,3043,1168,98561,0
2026/03/30,1440,3043,3046,3042,3045,513,98665,0
2026/03/30,1445,3045,3045,3040,3041,569,98774,0
2026/03/30,1450,3042,3042,3035,3041,1578,99050,0
2026/03/30,1455,3041,3045,3041,3045,392,99109,0
2026/03/30,1500,3045,3047,3043,3045,654,99114,0
2026/03/31,2105,3043,3048,3015,3023,6439,99580,0
2026/03/31,2110,3024,3024,3009,3016,2224,99802,0
2026/03/31,2115,3015,3019,3012,3015,3165,101068,0
2026/03/31,2120,3015,3019,3013,3018,763,101197,0
2026/03/31,2125,3018,3019,3005,3009,2819,102192,0
2026/03/31,2130,3010,3012,3007,3011,1066,102636,0
2026/03/31,2135,3012,3014,3008,3014,660,102768,0
2026/03/31,2140,3014,3016,3012,3014,717,102970,0
2026/03/31,2145,3013,3017,3012,3013,444,102951,0
2026/03/31,2150,3013,3015,2997,2998,2541,103654,0
2026/03/31,2155,2999,3004,2996,3001,1646,103566,0
2026/03/31,2200,3002,3004,3000,3004,793,103870,0
2026/03/31,2205,3002,3004,3001,3003,422,103964,0
2026/03/31,2210,3004,3006,3002,3004,475,104044,0
2026/03/31,2215,3005,3010,3003,3008,2842,105269,0
2026/03/31,2220,3008,3012,3008,3009,810,105338,0
2026/03/31,2225,3009,3009,3005,3006,229,105357,0
2026/03/31,2230,3006,3007,3003,3005,518,105553,0
2026/03/31,2235,3005,3010,3005,3009,313,105601,0
2026/03/31,2240,3008,3012,3007,3011,397,105454,0
2026/03/31,2245,3011,3011,3008,3009,218,105481,0
2026/03/31,2250,3008,3015,3008,3013,458,105474,0
2026/03/31,2255,3013,3016,3012,3012,410,105415,0
2026/03/31,2300,3012,3013,3010,3012,319,105327,0
2026/03/31,2305,3012,3014,3007,3008,550,105302,0
2026/03/31,2310,3008,3010,3007,3010,202,105347,0
2026/03/31,2315,3009,3011,3009,3009,104,105329,0
2026/03/31,2320,3009,3011,3009,3010,102,105341,0
2026/03/31,2325,3010,3010,3009,3010,28,105352,0
2026/03/31,2330,3010,3011,3008,3009,110,105337,0
2026/03/31,2335,3009,3009,3007,3008,138,105334,0
2026/03/31,2340,3008,3009,3006,3007,130,105295,0
2026/03/31,2345,3007,3008,3006,3006,87,105329,0
2026/03/31,2350,3006,3008,3006,3008,75,105296,0
2026/03/31,2355,3008,3008,3007,3007,24,105295,0
2026/03/31,0000,3008,3008,3007,3007,48,105300,0
2026/03/31,0005,3007,3007,3006,3006,56,105284,0
2026/03/31,0010,3006,3008,3006,3008,83,105252,0
2026/03/31,0015,3009,3010,3008,3010,83,105232,0
2026/03/31,0020,3009,3010,3008,3008,79,105197,0
2026/03/31,0025,3008,3008,3008,3008,8,105192,0
2026/03/31,0030,3008,3009,3008,3008,26,105177,0
2026/03/31,0035,3007,3008,3007,3008,16,105173,0
2026/03/31,0040,3007,3008,3007,3008,12,105175,0
2026/03/31,0045,3008,3008,3008,3008,3,105175,0
2026/03/31,0050,3008,3008,3007,3007,45,105199,0
2026/03/31,0055,3008,3008,3007,3008,75,105235,0
2026/03/31,0100,3007,3008,3004,3004,156,105203,0
2026/03/31,0905,3004,3014,3001,3013,2349,104784,0
2026/03/31,0910,3014,3014,2997,3000,2857,105818,0
2026/03/31,0915,3000,3002,2993,2994,1323,105908,0
2026/03/31,0920,2993,2996,2990,2990,1433,105778,0
2026/03/31,0925,2989,2991,2979,2986,5198,106033,0
2026/03/31,0930,2985,2985,2961,2968,5347,106538,0
2026/03/31,0935,2968,2974,2965,2970,2075,106871,0
2026/03/31,0940,2971,2972,2966,2966,1334,107001,0
2026/03/31,0945,2966,2968,2956,2961,2335,107281,0
2026/03/31,0950,2961,2962,2957,2959,1917,107498,0
2026/03/31,0955,2959,2962,2958,2962,1034,107659,0
2026/03/31,1000,2962,2966,2959,2966,1113,107834,0
2026/03/31,1005,2966,2966,2951,2953,2245,108143,0
2026/03/31,1010,2953,2954,2944,2949,2486,108501,0
2026/03/31,1015,2949,2953,2949,2952,721,108776,0
2026/03/31,1035,2951,2957,2951,2953,1168,108988,0
2026/03/31,1040,2953,2957,2952,2954,466,109090,0
2026/03/31,1045,2953,2955,2947,2950,1513,109815,0
2026/03/31,1050,2949,2952,2943,2946,1124,109693,0
2026/03/31,1055,2946,2949,2943,2946,869,110058,0
2026/03/31,1100,2946,2948,2942,2944,810,110154,0
2026/03/31,1105,2944,2945,2938,2939,1035,110177,0
2026/03/31,1110,2939,2941,2931,2932,2638,110088,0
2026/03/31,1115,2932,2938,2927,2928,2980,110544,0
2026/03/31,1120,2928,2937,2927,2935,2507,110225,0
2026/03/31,1125,2935,2937,2925,2926,1529,110611,0
2026/03/31,1130,2927,2932,2919,2928,2892,110609,0
2026/03/31,1335,2928,2934,2924,2926,2455,111462,0
2026/03/31,1340,2926,2927,2916,2917,3107,112311,0
2026/03/31,1345,2919,2924,2917,2920,2161,112967,0
2026/03/31,1350,2919,2924,2917,2923,1492,113438,0
2026/03/31,1355,2923,2924,2919,2923,1998,113970,0
2026/03/31,1400,2923,2924,2917,2921,2036,114598,0
2026/03/31,1405,2921,2931,2921,2930,3431,115065,0
2026/03/31,1410,2930,2930,2923,2926,2995,116200,0
2026/03/31,1415,2926,2934,2926,2932,1141,116244,0
2026/03/31,1420,2932,2932,2926,2927,505,116305,0
2026/03/31,1425,2927,2927,2921,2924,1045,116520,0
2026/03/31,1430,2923,2923,2918,2919,1975,117254,0
2026/03/31,1435,2920,2924,2917,2924,1872,117588,0
2026/03/31,1440,2922,2924,2919,2922,1809,118271,0
2026/03/31,1445,2923,2926,2921,2924,767,118472,0
2026/03/31,1450,2924,2925,2920,2921,899,118815,0
2026/03/31,1455,2921,2923,2916,2916,1222,118900,0
2026/03/31,1500,2916,2919,2913,2914,1987,118536,0
2026/04/01,2105,2906,2920,2892,2905,7838,120322,0
2026/04/01,2110,2906,2910,2897,2903,5048,120201,0
2026/04/01,2115,2903,2908,2897,2907,1640,120266,0
2026/04/01,2120,2906,2910,2904,2909,1205,120637,0
2026/04/01,2125,2908,2915,2908,2912,1404,120812,0
2026/04/01,2130,2912,2916,2909,2910,1047,120891,0
2026/04/01,2135,2911,2915,2909,2914,1248,120958,0
2026/04/01,2140,2914,2916,2911,2912,1956,120647,0
2026/04/01,2145,2913,2913,2906,2911,825,120719,0
2026/04/01,2150,2910,2916,2908,2915,852,120563,0
2026/04/01,2155,2915,2915,2906,2907,810,120583,0
2026/04/01,2200,2908,2914,2908,2909,418,120621,0
2026/04/01,2205,2909,2910,2904,2904,1065,120952,0
2026/04/01,2210,2904,2908,2903,2906,800,120937,0
2026/04/01,2215,2906,2907,2902,2906,717,121030,0
2026/04/01,2220,2906,2909,2905,2907,358,120979,0
2026/04/01,2225,2907,2910,2906,2907,391,121083,0
2026/04/01,2230,2907,2909,2906,2908,323,121133,0
2026/04/01,2235,2908,2914,2908,2913,617,121091,0
2026/04/01,2240,2913,2917,2913,2916,601,121271,0
2026/04/01,2245,2916,2926,2916,2922,2965,120809,0
2026/04/01,2250,2922,2930,2918,2928,1620,121053,0
2026/04/01,2255,2928,2929,2923,2924,1195,121073,0
2026/04/01,2300,2924,2928,2922,2928,832,121086,0
2026/04/01,2305,2928,2928,2922,2924,691,121001,0
2026/04/01,2310,2924,2925,2921,2923,173,121011,0
2026/04/01,2315,2923,2923,2919,2920,288,120942,0
2026/04/01,2320,2920,2922,2920,2921,435,120826,0
2026/04/01,2325,2921,2922,2920,2922,192,120779,0
2026/04/01,2330,2923,2923,2919,2919,298,120818,0
2026/04/01,2335,2920,2923,2919,2922,128,120794,0
2026/04/01,2340,2923,2923,2920,2921,147,120848,0
2026/04/01,2345,2922,2922,2921,2921,35,120845,0
2026/04/01,2350,2921,2921,2918,2919,179,120809,0
2026/04/01,2355,2919,2919,2915,2916,267,120901,0
2026/04/01,0000,2916,2918,2916,2917,55,120890,0
2026/04/01,0005,2918,2918,2917,2918,58,120907,0
2026/04/01,0010,2918,2918,2917,2918,13,120909,0
2026/04/01,0015,2918,2918,2916,2917,60,120905,0
2026/04/01,0020,2917,2918,2916,2917,61,120895,0
2026/04/01,0025,2917,2917,2916,2916,24,120887,0
2026/04/01,0030,2917,2917,2916,2916,6,120889,0
2026/04/01,0035,2916,2916,2915,2915,78,120867,0
2026/04/01,0040,2916,2916,2915,2915,44,120861,0
2026/04/01,0045,2915,2915,2912,2913,308,120783,0
2026/04/01,0050,2912,2915,2911,2915,137,120754,0
2026/04/01,0055,2915,2915,2910,2910,232,120681,0
2026/04/01,0100,2910,2913,2909,2912,563,120502,0
2026/04/01,0905,2910,2919,2910,2910,2270,120791,0
2026/04/01,0910,2910,2912,2907,2908,2289,120904,0
2026/04/01,0915,2908,2910,2905,2907,1488,120921,0
2026/04/01,0920,2905,2909,2903,2909,1983,120958,0
2026/04/01,0925,2909,2912,2905,2906,1242,121375,0
2026/04/01,0930,2905,2908,2898,2899,2232,121677,0
2026/04/01,0935,2898,2905,2898,2900,2110,122409,0
2026/04/01,0940,2900,2907,2899,2906,968,122561,0
2026/04/01,0945,2907,2909,2905,2905,494,122571,0
2026/04/01,0950,2905,2908,2904,2906,380,122670,0
2026/04/01,0955,2906,2907,2904,2906,314,122713,0
2026/04/01,1000,2906,2908,2905,2906,313,122704,0
2026/04/01,1005,2906,2907,2904,2904,376,122682,0
2026/04/01,1010,2905,2905,2900,2900,1149,123191,0
2026/04/01,1015,2901,2904,2898,2902,1207,123613,0
2026/04/01,1035,2901,2906,2900,2905,702,123773,0
2026/04/01,1040,2905,2907,2904,2906,330,123842,0
2026/04/01,1045,2907,2908,2905,2905,447,123782,0
2026/04/01,1050,2905,2906,2902,2902,351,123773,0
2026/04/01,1055,2903,2904,2902,2904,277,123875,0
2026/04/01,1100,2903,2908,2903,2908,300,123861,0
2026/04/01,1105,2908,2908,2901,2902,544,123949,0
2026/04/01,1110,2903,2906,2899,2900,921,124014,0
2026/04/01,1115,2899,2901,2896,2899,877,124045,0
2026/04/01,1120,2900,2901,2896,2899,932,124319,0
2026/04/01,1125,2901,2903,2899,2901,430,124346,0
2026/04/01,1130,2900,2902,2899,2900,401,124404,0
2026/04/01,1335,2900,2900,2867,2872,7721,126105,0
2026/04/01,1340,2872,2881,2872,2877,2232,126257,0
2026/04/01,1345,2877,2880,2870,2873,3194,126616,0
2026/04/01,1350,2874,2880,2871,2872,1671,126437,0
2026/04/01,1355,2872,2875,2868,2868,1793,126436,0
2026/04/01,1400,2869,2874,2868,2874,1820,126166,0
2026/04/01,1405,2873,2879,2873,2875,2605,126338,0
2026/04/01,1410,2874,2874,2869,2873,1354,126500,0
2026/04/01,1415,2874,2876,2868,2870,1041,126583,0
2026/04/01,1420,2870,2874,2869,2869,1343,126312,0
2026/04/01,1425,2870,2871,2864,2869,1885,125865,0
2026/04/01,1430,2869,2870,2865,2867,1274,125884,0
2026/04/01,1435,2867,2870,2865,2868,1335,125965,0
2026/04/01,1440,2868,2870,2865,2867,1081,125803,0
2026/04/01,1445,2867,2868,2858,2862,3057,125118,0
2026/04/01,1450,2861,2873,2860,2873,3191,123772,0
2026/04/01,1455,2873,2879,2869,2874,3024,123165,0
2026/04/01,1500,2874,2875,2866,2869,2593,122996,0
2026/04/02,2105,2877,2877,2864,2871,4258,123633,0
2026/04/02,2110,2871,2874,2867,2873,2143,123977,0
2026/04/02,2115,2872,2873,2866,2871,1431,124076,0
2026/04/02,2120,2871,2871,2867,2870,835,123988,0
2026/04/02,2125,2870,2871,2866,2869,754,124118,0
2026/04/02,2130,2868,2870,2867,2868,674,124234,0
2026/04/02,2135,2869,2870,2867,2868,477,124101,0
2026/04/02,2140,2869,2870,2867,2869,779,123870,0
2026/04/02,2145,2868,2873,2868,2871,686,123876,0
2026/04/02,2150,2870,2872,2868,2870,616,123881,0
2026/04/02,2155,2869,2870,2866,2867,975,123868,0
2026/04/02,2200,2867,2870,2867,2869,435,123891,0
2026/04/02,2205,2870,2884,2867,2881,3693,123086,0
2026/04/02,2210,2882,2887,2880,2884,2055,123348,0
2026/04/02,2215,2883,2884,2877,2880,795,123435,0
2026/04/02,2220,2880,2882,2878,2878,484,123617,0
2026/04/02,2225,2880,2882,2877,2882,648,123684,0
2026/04/02,2230,2881,2884,2878,2880,493,123780,0
2026/04/02,2235,2880,2883,2879,2883,330,123852,0
2026/04/02,2240,2883,2884,2880,2881,488,123839,0
2026/04/02,2245,2881,2887,2881,2885,677,123765,0
2026/04/02,2250,2884,2887,2883,2884,873,123768,0
2026/04/02,2255,2885,2891,2883,2888,986,123866,0
2026/04/02,2300,2888,2890,2886,2889,633,123939,0
2026/04/02,2305,2888,2889,2882,2883,1044,124258,0
2026/04/02,2310,2882,2884,2881,2882,392,124303,0
2026/04/02,2315,2882,2883,2881,2881,266,124379,0
2026/04/02,2320,2881,2883,2881,2882,193,124402,0
2026/04/02,2325,2882,2883,2881,2881,126,124436,0
2026/04/02,2330,2881,2882,2881,2882,62,124442,0
2026/04/02,2335,2881,2884,2881,2883,237,124399,0
2026/04/02,2340,2882,2884,2882,2883,191,124294,0
2026/04/02,2345,2883,2883,2882,2883,417,124006,0
2026/04/02,2350,2883,2883,2882,2883,260,123799,0
2026/04/02,2355,2883,2883,2882,2882,94,123727,0
2026/04/02,0000,2883,2883,2881,2881,79,123737,0
2026/04/02,0005,2882,2884,2881,2882,393,123543,0
2026/04/02,0010,2882,2883,2882,2882,40,123513,0
2026/04/02,0015,2882,2883,2882,2883,56,123507,0
2026/04/02,0020,2883,2884,2883,2883,18,123498,0
2026/04/02,0025,2883,2883,2882,2883,35,123480,0
2026/04/02,0030,2883,2883,2882,2882,61,123486,0
2026/04/02,0035,2882,2882,2881,2881,45,123493,0
2026/04/02,0040,2882,2883,2881,2882,37,123480,0
2026/04/02,0045,2881,2881,2878,2878,349,123532,0
2026/04/02,0050,2879,2881,2879,2880,77,123510,0
2026/04/02,0055,2880,2882,2880,2881,80,123484,0
2026/04/02,0100,2881,2885,2881,2885,228,123403,0
2026/04/02,0905,2885,2889,2880,2887,3837,123312,0
2026/04/02,0910,2887,2887,2871,2874,2482,123385,0
2026/04/02,0915,2874,2877,2872,2876,1079,123466,0
2026/04/02,0920,2876,2883,2875,2881,1222,123478,0
2026/04/02,0925,2881,2884,2878,2884,1236,123562,0
2026/04/02,0930,2884,2885,2878,2880,1097,123694,0
2026/04/02,0935,2880,2892,2879,2885,2392,123531,0
2026/04/02,0940,2885,2889,2882,2886,1371,123846,0
2026/04/02,0945,2886,2890,2886,2888,1101,123651,0
2026/04/02,0950,2889,2890,2882,2883,773,123645,0
2026/04/02,0955,2883,2888,2881,2886,690,123765,0
2026/04/02,1000,2886,2890,2884,2888,504,123780,0
2026/04/02,1005,2889,2892,2886,2891,781,123867,0
2026/04/02,1010,2891,2893,2889,2891,722,123764,0
2026/04/02,1015,2890,2905,2890,2904,2621,123796,0
2026/04/02,1035,2905,2905,2894,2898,3280,124198,0
2026/04/02,1040,2898,2906,2897,2900,2119,124307,0
2026/04/02,1045,2899,2902,2894,2896,1225,124401,0
2026/04/02,1050,2897,2900,2893,2896,735,124489,0
2026/04/02,1055,2896,2900,2895,2896,558,124511,0
2026/04/02,1100,2896,2896,2885,2890,1538,124729,0
2026/04/02,1105,2890,2891,2885,2886,831,124523,0
2026/04/02,1110,2885,2887,2881,2883,1315,124513,0
2026/04/02,1115,2885,2890,2885,2889,493,124506,0
2026/04/02,1120,2889,2891,2888,2888,359,124487,0
2026/04/02,1125,2888,2889,2885,2885,712,124411,0
2026/04/02,1130,2885,2888,2885,2887,389,124390,0
2026/04/02,1335,2887,2897,2887,2890,2109,125071,0
2026/04/02,1340,2889,2892,2887,2890,500,125162,0
2026/04/02,1345,2890,2899,2887,2896,1197,125078,0
2026/04/02,1350,2895,2898,2893,2893,824,125263,0
2026/04/02,1355,2893,2894,2889,2892,706,125412,0
2026/04/02,1400,2892,2894,2890,2892,380,125434,0
2026/04/02,1405,2891,2895,2889,2892,556,125427,0
2026/04/02,1410,2891,2892,2888,2890,595,125535,0
2026/04/02,1415,2891,2895,2888,2888,724,125676,0
2026/04/02,1420,2888,2890,2885,2885,700,125601,0
2026/04/02,1425,2886,2889,2884,2887,409,125592,0
2026/04/02,1430,2886,2888,2884,2887,722,125520,0
2026/04/02,1435,2887,2889,2885,2887,567,125438,0
2026/04/02,1440,2886,2892,2885,2887,623,125502,0
2026/04/02,1445,2887,2891,2886,2888,485,125566,0
2026/04/02,1450,2889,2893,2888,2890,885,125766,0
2026/04/02,1455,2890,2891,2885,2887,803,125850,0
2026/04/02,1500,2887,2890,2885,2889,1322,125511,0
2026/04/03,2105,2889,2898,2888,2889,3043,126042,0
2026/04/03,2110,2889,2895,2885,2893,1574,126111,0
2026/04/03,2115,2894,2898,2892,2896,1062,126242,0
2026/04/03,2120,2897,2898,2894,2895,491,126257,0
2026/04/03,2125,2895,2897,2891,2897,602,126213,0
2026/04/03,2130,2897,2903,2895,2899,1509,126347,0
2026/04/03,2135,2898,2900,2895,2895,595,126265,0
2026/04/03,2140,2895,2898,2894,2897,384,126230,0
2026/04/03,2145,2898,2898,2889,2891,1133,126422,0
2026/04/03,2150,2891,2891,2886,2888,1489,126267,0
2026/04/03,2155,2888,2889,2885,2887,640,126224,0
2026/04/03,2200,2886,2886,2876,2881,2681,125748,0
2026/04/03,2205,2881,2885,2879,2884,587,125774,0
2026/04/03,2210,2884,2885,2881,2881,389,125748,0
2026/04/03,2215,2881,2884,2879,2884,508,125668,0
2026/04/03,2220,2884,2884,2881,2883,246,125633,0
2026/04/03,2225,2883,2883,2881,2881,235,125650,0
2026/04/03,2230,2882,2885,2881,2884,271,125654,0
2026/04/03,2235,2883,2885,2882,2884,152,125650,0
2026/04/03,2240,2885,2887,2882,2885,537,125639,0
2026/04/03,2245,2885,2886,2884,2884,248,125593,0
2026/04/03,2250,2885,2893,2884,2892,796,125501,0
2026/04/03,2255,2893,2896,2890,2896,993,125459,0
2026/04/03,2300,2896,2898,2894,2895,973,125361,0
2026/04/03,2305,2894,2896,2892,2896,526,125522,0
2026/04/03,2310,2896,2896,2893,2894,266,125541,0
2026/04/03,2315,2894,2895,2894,2894,90,125543,0
2026/04/03,2320,2894,2894,2890,2890,304,125530,0
2026/04/03,2325,2890,2894,2890,2892,193,125546,0
2026/04/03,2330,2893,2894,2891,2894,95,125557,0
2026/04/03,2335,2894,2894,2893,2893,95,125567,0
2026/04/03,2340,2893,2893,2892,2893,104,125568,0
2026/04/03,2345,2892,2893,2892,2893,50,125572,0
2026/04/03,2350,2893,2893,2892,2892,19,125574,0
2026/04/03,2355,2893,2893,2892,2893,60,125562,0
2026/04/03,0000,2892,2894,2891,2891,170,125549,0
2026/04/03,0005,2891,2892,2890,2891,116,125610,0
2026/04/03,0010,2891,2891,2890,2891,100,125618,0
2026/04/03,0015,2890,2891,2890,2890,33,125619,0
2026/04/03,0020,2890,2891,2889,2889,80,125636,0
2026/04/03,0025,2888,2889,2887,2888,106,125623,0
2026/04/03,0030,2887,2888,2887,2888,89,125582,0
2026/04/03,0035,2888,2889,2887,2889,61,125556,0
2026/04/03,0040,2888,2888,2886,2886,78,125532,0
2026/04/03,0045,2887,2887,2886,2886,65,125570,0
2026/04/03,0050,2886,2888,2886,2888,21,125573,0
2026/04/03,0055,2888,2890,2888,2889,60,125558,0
2026/04/03,0100,2888,2890,2887,2888,175,125502,0
2026/04/03,0905,2888,2895,2885,2892,2118,125421,0
2026/04/03,0910,2892,2892,2886,2887,958,125399,0
2026/04/03,0915,2888,2888,2880,2883,979,125487,0
2026/04/03,0920,2882,2883,2877,2878,1553,125653,0
2026/04/03,0925,2879,2883,2877,2881,485,125683,0
2026/04/03,0930,2881,2882,2870,2870,2314,125695,0
2026/04/03,0935,2872,2877,2870,2877,766,125802,0
2026/04/03,0940,2877,2880,2871,2873,913,125979,0
2026/04/03,0945,2873,2875,2862,2867,1637,126233,0
2026/04/03,0950,2867,2875,2866,2874,1600,126741,0
2026/04/03,0955,2874,2876,2873,2875,914,126744,0
2026/04/03,1000,2874,2881,2872,2881,1382,126734,0
2026/04/03,1005,2882,2883,2876,2878,902,126841,0
2026/04/03,1010,2878,2878,2875,2876,306,126816,0
2026/04/03,1015,2877,2884,2876,2883,469,126718,0
2026/04/03,1035,2883,2884,2878,2882,780,126638,0
2026/04/03,1040,2882,2882,2878,2882,276,126699,0
2026/04/03,1045,2881,2882,2879,2880,240,126708,0
2026/04/03,1050,2880,2880,2878,2878,140,126675,0
2026/04/03,1055,2878,2882,2877,2878,305,126644,0
2026/04/03,1100,2878,2881,2878,2878,256,126624,0
2026/04/03,1105,2877,2880,2876,2878,464,126556,0
2026/04/03,1110,2878,2882,2877,2881,206,126527,0
2026/04/03,1115,2881,2884,2876,2876,637,126317,0
2026/04/03,1120,2876,2876,2871,2873,696,126272,0
2026/04/03,1125,2873,2874,2872,2872,323,126162,0
2026/04/03,1130,2873,2873,2845,2855,6412,128147,0
2026/04/03,1335,2855,2858,2846,2847,2087,127831,0
2026/04/03,1340,2847,2850,2839,2842,3029,128264,0
2026/04/03,1345,2841,2848,2839,2846,1448,128536,0
2026/04/03,1350,2847,2850,2845,2848,935,128587,0
2026/04/03,1355,2847,2860,2847,2859,2259,127973,0
2026/04/03,1400,2858,2870,2858,2870,3719,127157,0
2026/04/03,1405,2870,2870,2866,2867,1152,126886,0
2026/04/03,1410,2868,2874,2867,2872,1273,126506,0
2026/04/03,1415,2872,2874,2871,2871,587,126403,0
2026/04/03,1420,2872,2872,2862,2862,641,126283,0
2026/04/03,1425,2862,2868,2860,2868,541,126194,0
2026/04/03,1430,2867,2868,2865,2868,328,126213,0
2026/04/03,1435,2867,2867,2862,2862,614,126138,0
2026/04/03,1440,2862,2867,2862,2863,471,126067,0
2026/04/03,1445,2863,2864,2860,2862,850,125936,0
2026/04/03,1450,2862,2863,2858,2862,856,125779,0
2026/04/03,1455,2861,2870,2861,2868,1153,125725,0
2026/04/03,1500,2868,2870,2866,2867,1325,125399,0
2026/04/07,0905,2870,2870,2845,2848,4483,125446,0
2026/04/07,0910,2848,2852,2841,2842,2587,125985,0
2026/04/07,0915,2841,2845,2825,2825,5324,127648,0
2026/04/07,0920,2826,2844,2825,2839,2284,127964,0
2026/04/07,0925,2839,2852,2836,2849,2004,128211,0
2026/04/07,0930,2850,2850,2843,2847,1849,128501,0
2026/04/07,0935,2846,2851,2846,2847,1116,128428,0
2026/04/07,0940,2846,2850,2843,2845,705,128578,0
2026/04/07,0945,2846,2850,2843,2847,895,128430,0
2026/04/07,0950,2849,2849,2839,2842,670,128603,0
2026/04/07,0955,2842,2844,2839,2842,710,128633,0
2026/04/07,1000,2842,2842,2838,2838,518,128680,0
2026/04/07,1005,2839,2840,2826,2829,1682,128990,0
2026/04/07,1010,2829,2832,2825,2828,1344,129230,0
2026/04/07,1015,2828,2831,2825,2825,1489,129491,0
2026/04/07,1035,2827,2833,2825,2831,752,129515,0
2026/04/07,1040,2831,2838,2830,2838,910,129546,0
2026/04/07,1045,2838,2841,2829,2830,1456,129976,0
2026/04/07,1050,2830,2831,2823,2826,1217,130257,0
2026/04/07,1055,2826,2828,2821,2828,1193,130308,0
2026/04/07,1100,2828,2829,2821,2827,1261,130391,0
2026/04/07,1105,2826,2827,2823,2824,1023,130518,0
2026/04/07,1110,2825,2826,2820,2821,1743,130870,0
2026/04/07,1115,2821,2825,2820,2823,790,131052,0
2026/04/07,1120,2823,2824,2814,2818,1721,131248,0
2026/04/07,1125,2818,2818,2807,2811,2550,131616,0
2026/04/07,1130,2812,2817,2811,2815,770,131822,0
2026/04/07,1335,2815,2815,2810,2812,1063,132165,0
2026/04/07,1340,2811,2813,2800,2803,3532,133594,0
2026/04/07,1345,2803,2810,2803,2809,1222,134001,0
2026/04/07,1350,2808,2812,2806,2811,1294,134272,0
2026/04/07,1355,2811,2812,2799,2799,1398,134718,0
2026/04/07,1400,2800,2802,2795,2800,1491,134749,0
2026/04/07,1405,2800,2801,2791,2793,2435,135366,0
2026/04/07,1410,2794,2794,2786,2790,4394,135594,0
2026/04/07,1415,2791,2794,2790,2792,1103,135865,0
2026/04/07,1420,2793,2795,2786,2793,1999,136475,0
2026/04/07,1425,2793,2793,2787,2788,1039,136719,0
2026/04/07,1430,2789,2793,2786,2790,1246,137153,0
2026/04/07,1435,2789,2791,2788,2789,716,137457,0
2026/04/07,1440,2789,2791,2786,2788,793,137717,0
2026/04/07,1445,2788,2790,2786,2789,714,137953,0
2026/04/07,1450,2789,2789,2782,2786,2376,138557,0
2026/04/07,1455,2787,2788,2780,2780,2263,138914,0
2026/04/07,1500,2781,2783,2774,2774,3113,139969,0
2026/04/08,2105,2774,2782,2761,2765,7335,140440,0
2026/04/08,2110,2765,2766,2756,2765,3062,140973,0
2026/04/08,2115,2765,2767,2761,2762,1166,141270,0
2026/04/08,2120,2763,2763,2761,2762,989,141505,0
2026/04/08,2125,2762,2763,2756,2760,2027,141513,0
2026/04/08,2130,2760,2769,2757,2766,2270,141298,0
2026/04/08,2135,2767,2775,2765,2772,1932,141168,0
2026/04/08,2140,2772,2774,2768,2771,700,141312,0
2026/04/08,2145,2771,2773,2768,2772,686,141529,0
2026/04/08,2150,2772,2777,2770,2774,1066,141403,0
2026/04/08,2155,2775,2775,2772,2772,510,141542,0
2026/04/08,2200,2772,2774,2770,2774,354,141555,0
2026/04/08,2205,2773,2774,2770,2771,582,141793,0
2026/04/08,2210,2771,2775,2771,2774,478,141925,0
2026/04/08,2215,2774,2776,2773,2775,574,141867,0
2026/04/08,2220,2776,2779,2775,2778,1105,142032,0
2026/04/08,2225,2778,2779,2774,2775,545,142092,0
2026/04/08,2230,2775,2778,2774,2777,365,142010,0
2026/04/08,2235,2777,2790,2776,2784,2568,141245,0
2026/04/08,2240,2785,2790,2783,2787,1190,141524,0
2026/04/08,2245,2787,2787,2780,2780,1084,141530,0
2026/04/08,2250,2780,2782,2780,2780,701,141727,0
2026/04/08,2255,2780,2784,2779,2783,508,141862,0
2026/04/08,2300,2783,2784,2780,2780,1287,142463,0
2026/04/08,2305,2780,2786,2778,2786,1249,142692,0
2026/04/08,2310,2786,2788,2784,2784,600,142641,0
2026/04/08,2315,2785,2786,2784,2785,201,142612,0
2026/04/08,2320,2785,2786,2782,2783,248,142614,0
2026/04/08,2325,2783,2784,2783,2783,70,142619,0
2026/04/08,2330,2783,2783,2780,2782,502,142671,0
2026/04/08,2335,2782,2782,2781,2781,60,142663,0
2026/04/08,2340,2781,2781,2780,2781,162,142649,0
2026/04/08,2345,2781,2782,2780,2782,266,142735,0
2026/04/08,2350,2782,2782,2781,2782,103,142669,0
2026/04/08,2355,2783,2784,2782,2782,130,142617,0
2026/04/08,0000,2783,2783,2782,2782,61,142613,0
2026/04/08,0005,2782,2783,2782,2782,75,142587,0
2026/04/08,0010,2782,2784,2782,2784,122,142598,0
2026/04/08,0015,2784,2785,2784,2785,196,142654,0
2026/04/08,0020,2785,2786,2784,2786,158,142698,0
2026/04/08,0025,2787,2787,2786,2786,147,142670,0
2026/04/08,0030,2787,2788,2786,2788,169,142681,0
2026/04/08,0035,2788,2793,2788,2792,1164,143020,0
2026/04/08,0040,2791,2792,2788,2788,491,143173,0
2026/04/08,0045,2789,2791,2789,2790,129,143163,0
2026/04/08,0050,2790,2791,2789,2790,75,143156,0
2026/04/08,0055,2789,2791,2787,2790,627,143503,0
2026/04/08,0100,2789,2791,2788,2789,406,143519,0
2026/04/08,0905,2786,2796,2773,2793,6445,142447,0
2026/04/08,0910,2794,2796,2789,2792,1887,142578,0
2026/04/08,0915,2792,2798,2791,2796,1263,142595,0
2026/04/08,0920,2795,2806,2795,2806,2902,142569,0
2026/04/08,0925,2805,2810,2798,2810,3454,142528,0
2026/04/08,0930,2810,2821,2810,2816,4642,142216,0
2026/04/08,0935,2816,2818,2808,2810,1558,142297,0
2026/04/08,0940,2811,2814,2806,2810,1295,142276,0
2026/04/08,0945,2810,2811,2807,2808,921,142436,0
2026/04/08,0950,2808,2809,2801,2801,1256,142305,0
2026/04/08,0955,2801,2804,2798,2802,1457,142769,0
2026/04/08,1000,2801,2806,2801,2802,916,143029,0
2026/04/08,1005,2801,2808,2800,2808,774,143177,0
2026/04/08,1010,2807,2813,2806,2807,974,143185,0
2026/04/08,1015,2807,2809,2805,2806,373,143213,0
2026/04/08,1035,2806,2809,2805,2805,317,143180,0
2026/04/08,1040,2805,2809,2805,2806,365,143141,0
2026/04/08,1045,2806,2809,2804,2807,526,143208,0
2026/04/08,1050,2807,2811,2806,2807,530,143261,0
2026/04/08,1055,2807,2811,2805,2809,487,143264,0
2026/04/08,1100,2808,2813,2807,2810,507,143296,0
2026/04/08,1105,2810,2812,2808,2808,843,143459,0
2026/04/08,1110,2808,2812,2805,2808,911,143661,0
2026/04/08,1115,2807,2812,2807,2807,1017,143900,0
2026/04/08,1120,2805,2808,2803,2806,773,143918,0
2026/04/08,1125,2806,2814,2805,2812,774,143855,0
2026/04/08,1130,2812,2817,2809,2816,1108,143797,0
2026/04/08,1335,2817,2820,2812,2812,1752,144031,0
2026/04/08,1340,2813,2814,2811,2811,623,143937,0
2026/04/08,1345,2811,2813,2809,2813,925,143780,0
2026/04/08,1350,2812,2812,2809,2811,406,143813,0
2026/04/08,1355,2810,2811,2807,2808,645,143894,0
2026/04/08,1400,2807,2811,2807,2808,477,143841,0
2026/04/08,1405,2809,2812,2808,2810,525,143595,0
2026/04/08,1410,2809,2810,2808,2808,394,143708,0
2026/04/08,1415,2809,2809,2805,2805,569,143707,0
2026/04/08,1420,2805,2807,2798,2798,1606,143964,0
2026/04/08,1425,2798,2803,2795,2801,1650,143765,0
2026/04/08,1430,2800,2806,2799,2804,760,143965,0
2026/04/08,1435,2804,2809,2804,2806,651,144049,0
2026/04/08,1440,2806,2810,2806,2810,602,144023,0
2026/04/08,1445,2809,2809,2806,2806,579,143936,0
2026/04/08,1450,2806,2808,2803,2804,456,143963,0
2026/04/08,1455,2804,2804,2798,2799,1791,144203,0
2026/04/08,1500,2800,2806,2800,2805,1600,143775,0
2026/04/09,2105,2808,2816,2803,2815,3649,143912,0
2026/04/09,2110,2815,2816,2805,2810,1823,144401,0
2026/04/09,2115,2810,2810,2806,2809,1205,144469,0
2026/04/09,2120,2809,2813,2806,2813,1047,144769,0
2026/04/09,2125,2813,2813,2808,2810,667,144892,0
2026/04/09,2130,2810,2815,2809,2814,866,145162,0
2026/04/09,2135,2815,2816,2811,2815,917,145180,0
2026/04/09,2140,2814,2815,2812,2813,519,145248,0
2026/04/09,2145,2813,2814,2810,2810,616,145273,0
2026/04/09,2150,2811,2813,2810,2811,328,145358,0
2026/04/09,2155,2812,2812,2806,2808,1189,145651,0
2026/04/09,2200,2807,2810,2807,2809,474,145775,0
2026/04/09,2205,2808,2810,2805,2806,1202,145930,0
2026/04/09,2210,2805,2806,2803,2805,751,146126,0
2026/04/09,2215,2805,2805,2800,2802,952,146189,0
2026/04/09,2220,2802,2807,2800,2806,600,146182,0
2026/04/09,2225,2806,2808,2806,2806,377,146260,0
2026/04/09,2230,2806,2808,2805,2807,380,146359,0
2026/04/09,2235,2807,2812,2806,2810,708,146370,0
2026/04/09,2240,2810,2811,2803,2804,1180,146434,0
2026/04/09,2245,2804,2805,2802,2803,767,146522,0
2026/04/09,2250,2804,2806,2801,2805,368,146563,0
2026/04/09,2255,2805,2806,2803,2805,164,146621,0
2026/04/09,2300,2805,2808,2805,2808,925,147138,0
2026/04/09,2305,2807,2807,2805,2806,354,147173,0
2026/04/09,2310,2806,2806,2804,2805,176,147176,0
2026/04/09,2315,2805,2807,2804,2806,201,147185,0
2026/04/09,2320,2805,2806,2805,2805,114,147193,0
2026/04/09,2325,2805,2806,2805,2805,42,147179,0
2026/04/09,2330,2806,2806,2805,2805,41,147193,0
2026/04/09,2335,2806,2806,2802,2803,362,147280,0
2026/04/09,2340,2804,2805,2804,2805,23,147289,0
2026/04/09,2345,2804,2805,2803,2804,81,147285,0
2026/04/09,2350,2804,2805,2803,2805,29,147283,0
2026/04/09,2355,2804,2805,2804,2804,14,147282,0
2026/04/09,0000,2804,2805,2803,2803,82,147261,0
2026/04/09,0005,2803,2804,2802,2802,165,147333,0
2026/04/09,0010,2802,2804,2801,2804,165,147367,0
2026/04/09,0015,2804,2804,2803,2804,8,147363,0
2026/04/09,0020,2804,2804,2803,2803,25,147355,0
2026/04/09,0025,2804,2804,2803,2803,89,147321,0
2026/04/09,0030,2803,2804,2803,2804,55,147322,0
2026/04/09,0035,2803,2804,2803,2803,14,147324,0
2026/04/09,0040,2803,2803,2802,2802,30,147308,0
2026/04/09,0045,2802,2803,2802,2803,20,147302,0
2026/04/09,0050,2802,2803,2801,2801,82,147311,0
2026/04/09,0055,2801,2802,2801,2801,155,147262,0
2026/04/09,0100,2801,2806,2801,2803,460,147218,0
2026/04/09,0905,2803,2803,2789,2790,5634,147647,0
2026/04/09,0910,2790,2790,2781,2789,2664,148014,0
2026/04/09,0915,2789,2792,2787,2791,1107,148227,0
2026/04/09,0920,2791,2798,2790,2798,936,148209,0
2026/04/09,0925,2798,2807,2797,2800,2479,148151,0
2026/04/09,0930,2799,2800,2796,2797,1077,148009,0
2026/04/09,0935,2796,2797,2790,2793,1268,148068,0
2026/04/09,0940,2793,2797,2791,2794,567,148210,0
2026/04/09,0945,2794,2794,2789,2792,740,148420,0
2026/04/09,0950,2790,2794,2790,2793,347,148467,0
2026/04/09,0955,2793,2796,2791,2796,282,148518,0
2026/04/09,1000,2795,2795,2791,2791,435,148660,0
2026/04/09,1005,2792,2795,2792,2795,370,148664,0
2026/04/09,1010,2795,2798,2794,2797,518,148654,0
2026/04/09,1015,2798,2802,2797,2801,716,148753,0
2026/04/09,1035,2801,2803,2795,2797,775,148707,0
2026/04/09,1040,2796,2798,2795,2796,295,148776,0
2026/04/09,1045,2797,2798,2794,2795,306,148782,0
2026/04/09,1050,2795,2800,2794,2799,336,148811,0
2026/04/09,1055,2799,2801,2797,2797,308,148830,0
2026/04/09,1100,2796,2801,2796,2799,290,148864,0
2026/04/09,1105,2800,2801,2798,2799,320,148906,0
2026/04/09,1110,2799,2804,2798,2800,1251,149057,0
2026/04/09,1115,2800,2805,2799,2803,714,149037,0
2026/04/09,1120,2803,2806,2800,2805,1152,149402,0
2026/04/09,1125,2805,2806,2802,2803,456,149583,0
2026/04/09,1130,2803,2804,2798,2801,597,149524,0
2026/04/09,1335,2800,2803,2798,2801,738,149339,0
2026/04/09,1340,2801,2801,2793,2794,1348,148920,0
2026/04/09,1345,2794,2796,2793,2794,489,148970,0
2026/04/09,1350,2794,2798,2792,2798,498,149018,0
2026/04/09,1355,2797,2799,2796,2797,433,148936,0
2026/04/09,1400,2796,2797,2795,2796,169,148982,0
2026/04/09,1405,2796,2797,2793,2795,328,148978,0
2026/04/09,1410,2795,2797,2793,2796,307,148964,0
2026/04/09,1415,2795,2796,2791,2792,907,148955,0
2026/04/09,1420,2792,2794,2792,2794,249,149000,0
2026/04/09,1425,2793,2796,2791,2796,454,148872,0
2026/04/09,1430,2796,2796,2793,2793,219,148865,0
2026/04/09,1435,2793,2795,2791,2791,332,148844,0
2026/04/09,1440,2791,2792,2778,2781,4543,150018,0
2026/04/09,1445,2781,2784,2780,2783,1038,150208,0
2026/04/09,1450,2783,2787,2783,2786,783,150248,0
2026/04/09,1455,2786,2787,2777,2778,1582,150363,0
2026/04/09,1500,2778,2781,2776,2779,2247,150437,0
2026/04/10,2105,2774,2799,2770,2791,8487,150373,0
2026/04/10,2110,2791,2794,2787,2788,1933,150645,0
2026/04/10,2115,2789,2794,2784,2784,1855,150856,0
2026/04/10,2120,2784,2790,2784,2789,733,150878,0
2026/04/10,2125,2789,2789,2781,2783,1125,150850,0
2026/04/10,2130,2783,2784,2781,2783,920,151051,0
2026/04/10,2135,2782,2787,2781,2783,883,151212,0
2026/04/10,2140,2782,2783,2775,2778,2258,151304,0
2026/04/10,2145,2778,2780,2772,2777,1767,151764,0
2026/04/10,2150,2777,2779,2774,2775,1014,151961,0
2026/04/10,2155,2775,2777,2772,2774,1747,152031,0
2026/04/10,2200,2775,2775,2766,2769,3736,152637,0
2026/04/10,2205,2769,2772,2767,2772,1283,152891,0
2026/04/10,2210,2772,2772,2766,2768,890,153080,0
2026/04/10,2215,2768,2770,2767,2768,682,153170,0
2026/04/10,2220,2767,2779,2766,2777,1665,152986,0
2026/04/10,2225,2778,2778,2771,2771,538,153052,0
2026/04/10,2230,2771,2774,2770,2770,805,153176,0
2026/04/10,2235,2770,2774,2769,2774,404,153226,0
2026/04/10,2240,2773,2775,2773,2774,213,153236,0
2026/04/10,2245,2774,2775,2773,2774,308,153219,0
2026/04/10,2250,2774,2776,2773,2775,323,153278,0
2026/04/10,2255,2775,2778,2775,2777,356,153305,0
2026/04/10,2300,2776,2779,2775,2778,480,153381,0
2026/04/10,2305,2778,2778,2775,2778,480,153532,0
2026/04/10,2310,2777,2778,2776,2777,305,153547,0
2026/04/10,2315,2777,2777,2775,2776,224,153588,0
2026/04/10,2320,2775,2778,2775,2776,205,153536,0
2026/04/10,2325,2776,2789,2776,2785,1200,153257,0
2026/04/10,2330,2785,2785,2783,2783,330,153285,0
2026/04/10,2335,2784,2784,2779,2782,476,153365,0
2026/04/10,2340,2782,2785,2781,2782,365,153310,0
2026/04/10,2345,2782,2782,2780,2781,171,153301,0
2026/04/10,2350,2780,2781,2776,2778,318,153191,0
2026/04/10,2355,2778,2778,2777,2777,175,153219,0
2026/04/10,0000,2778,2779,2777,2778,167,153190,0
2026/04/10,0005,2778,2781,2778,2780,167,153159,0
2026/04/10,0010,2780,2781,2779,2780,69,153123,0
2026/04/10,0015,2780,2781,2779,2779,74,153113,0
2026/04/10,0020,2779,2780,2777,2777,107,153090,0
2026/04/10,0025,2777,2778,2777,2777,84,153079,0
2026/04/10,0030,2777,2778,2775,2775,329,153016,0
2026/04/10,0035,2775,2778,2775,2778,84,152976,0
2026/04/10,0040,2778,2778,2776,2777,50,152954,0
2026/04/10,0045,2776,2777,2776,2776,22,152949,0
2026/04/10,0050,2776,2777,2776,2776,51,152938,0
2026/04/10,0055,2777,2778,2777,2778,75,152934,0
2026/04/10,0100,2777,2779,2777,2777,229,152859,0
2026/04/10,0905,2776,2786,2775,2781,2310,152666,0
2026/04/10,0910,2781,2793,2781,2793,2018,152483,0
2026/04/10,0915,2792,2800,2791,2791,3556,151666,0
2026/04/10,0920,2791,2796,2791,2792,1166,151573,0
2026/04/10,0925,2792,2797,2791,2793,808,151562,0
2026/04/10,0930,2793,2793,2789,2791,800,151677,0
2026/04/10,0935,2791,2792,2790,2792,396,151703,0
2026/04/10,0940,2792,2795,2792,2792,509,151759,0
2026/04/10,0945,2793,2794,2789,2794,541,151926,0
2026/04/10,0950,2793,2794,2792,2792,403,151937,0
2026/04/10,0955,2792,2793,2787,2788,439,151983,0
2026/04/10,1000,2787,2789,2787,2787,450,152030,0
2026/04/10,1005,2787,2792,2786,2791,903,152132,0
2026/04/10,1010,2792,2793,2790,2791,204,152130,0
2026/04/10,1015,2791,2792,2783,2786,1170,152296,0
2026/04/10,1035,2788,2790,2785,2786,564,152413,0
2026/04/10,1040,2786,2787,2784,2784,384,152465,0
2026/04/10,1045,2785,2786,2783,2785,390,152457,0
2026/04/10,1050,2784,2785,2783,2784,388,152570,0
2026/04/10,1055,2784,2785,2780,2782,626,152612,0
2026/04/10,1100,2783,2785,2781,2782,396,152647,0
2026/04/10,1105,2783,2785,2780,2784,787,152836,0
2026/04/10,1110,2785,2787,2782,2784,591,152979,0
2026/04/10,1115,2783,2785,2782,2784,212,152968,0
2026/04/10,1120,2784,2790,2784,2789,762,153157,0
2026/04/10,1125,2789,2792,2787,2789,862,153326,0
2026/04/10,1130,2789,2791,2787,2791,423,153426,0
2026/04/10,1335,2791,2792,2786,2789,701,153498,0
2026/04/10,1340,2790,2790,2786,2786,372,153636,0
2026/04/10,1345,2787,2788,2783,2784,538,153750,0
2026/04/10,1350,2784,2786,2781,2784,935,153882,0
2026/04/10,1355,2783,2786,2783,2786,199,153879,0
2026/04/10,1400,2785,2785,2782,2783,315,153942,0
2026/04/10,1405,2782,2783,2774,2779,2248,153866,0
2026/04/10,1410,2780,2781,2776,2776,994,154024,0
2026/04/10,1415,2777,2779,2775,2777,652,154177,0
2026/04/10,1420,2777,2782,2777,2780,555,154334,0
2026/04/10,1425,2780,2783,2780,2782,423,154377,0
2026/04/10,1430,2783,2785,2781,2785,419,154415,0
2026/04/10,1435,2784,2785,2781,2781,412,154538,0
2026/04/10,1440,2781,2782,2777,2777,537,154487,0
2026/04/10,1445,2776,2781,2776,2778,837,154540,0
2026/04/10,1450,2779,2780,2777,2778,451,154561,0
2026/04/10,1455,2779,2779,2775,2777,1377,154782,0
2026/04/10,1500,2777,2779,2774,2778,1234,154973,0
2026/04/13,2105,2776,2783,2772,2772,3239,156176,0
2026/04/13,2110,2772,2774,2767,2770,2594,156793,0
2026/04/13,2115,2771,2772,2768,2770,1275,157417,0
2026/04/13,2120,2769,2771,2762,2766,2610,158083,0
2026/04/13,2125,2765,2770,2765,2768,862,158234,0
2026/04/13,2130,2769,2771,2768,2770,620,158299,0
2026/04/13,2135,2769,2772,2769,2770,524,158362,0
2026/04/13,2140,2771,2771,2769,2769,414,158474,0
2026/04/13,2145,2769,2774,2769,2773,567,158396,0
2026/04/13,2150,2772,2774,2768,2768,491,158553,0
2026/04/13,2155,2768,2768,2764,2764,1646,158914,0
2026/04/13,2200,2765,2766,2763,2765,616,158965,0
2026/04/13,2205,2765,2768,2765,2768,332,159083,0
2026/04/13,2210,2768,2768,2763,2764,964,159320,0
2026/04/13,2215,2764,2765,2763,2764,927,159596,0
2026/04/13,2220,2765,2767,2764,2767,296,159641,0
2026/04/13,2225,2767,2768,2766,2766,341,159706,0
2026/04/13,2230,2767,2769,2767,2768,570,159592,0
2026/04/13,2235,2768,2771,2768,2771,482,159537,0
2026/04/13,2240,2771,2772,2767,2768,464,159627,0
2026/04/13,2245,2768,2772,2767,2772,371,159655,0
2026/04/13,2250,2772,2788,2770,2785,3400,159554,0
2026/04/13,2255,2785,2790,2782,2790,2802,159672,0
2026/04/13,2300,2790,2793,2783,2785,3502,160220,0
2026/04/13,2305,2785,2790,2785,2788,2032,160543,0
2026/04/13,2310,2788,2791,2786,2788,1070,160776,0
2026/04/13,2315,2788,2790,2782,2785,1518,160775,0
2026/04/13,2320,2785,2786,2783,2785,569,160663,0
2026/04/13,2325,2786,2788,2785,2787,409,160633,0
2026/04/13,2330,2787,2788,2785,2787,221,160598,0
2026/04/13,2335,2786,2787,2785,2786,139,160561,0
2026/04/13,2340,2785,2787,2784,2784,352,160382,0
2026/04/13,2345,2785,2785,2783,2784,346,160252,0
2026/04/13,2350,2784,2785,2783,2784,124,160240,0
2026/04/13,2355,2785,2786,2784,2785,167,160183,0
2026/04/13,0000,2786,2786,2784,2784,163,160102,0
2026/04/13,0005,2784,2787,2784,2786,102,160064,0
2026/04/13,0010,2787,2787,2786,2787,31,160062,0
2026/04/13,0015,2787,2787,2785,2785,70,160064,0
2026/04/13,0020,2786,2786,2785,2785,85,160059,0
2026/04/13,0025,2785,2786,2783,2783,151,160053,0
2026/04/13,0030,2783,2784,2782,2782,317,159990,0
2026/04/13,0035,2781,2782,2780,2781,419,160001,0
2026/04/13,0040,2781,2783,2781,2782,133,159951,0
2026/04/13,0045,2781,2783,2781,2782,214,159899,0
2026/04/13,0050,2781,2785,2781,2784,613,159824,0
2026/04/13,0055,2783,2786,2783,2784,174,159810,0
2026/04/13,0100,2785,2789,2783,2788,581,159518,0
2026/04/13,0905,2789,2792,2765,2769,5977,160121,0
2026/04/13,0910,2769,2777,2768,2776,1958,160297,0
2026/04/13,0915,2777,2780,2774,2776,1347,160091,0
2026/04/13,0920,2776,2777,2771,2772,780,160226,0
2026/04/13,0925,2772,2773,2769,2770,1596,160547,0
2026/04/13,0930,2770,2773,2770,2770,785,160594,0
2026/04/13,0935,2771,2778,2770,2777,1180,160538,0
2026/04/13,0940,2777,2779,2775,2777,715,160541,0
2026/04/13,0945,2777,2778,2771,2773,922,160752,0
2026/04/13,0950,2773,2774,2764,2765,2399,161448,0
2026/04/13,0955,2766,2770,2765,2768,923,161714,0
2026/04/13,1000,2767,2769,2766,2769,437,161807,0
2026/04/13,1005,2769,2772,2761,2766,2050,162329,0
2026/04/13,1010,2766,2772,2765,2771,968,162441,0
2026/04/13,1015,2771,2775,2770,2770,997,162310,0
2026/04/13,1035,2770,2773,2770,2770,583,162402,0
2026/04/13,1040,2770,2773,2769,2770,320,162430,0
2026/04/13,1045,2770,2775,2770,2772,531,162542,0
2026/04/13,1050,2772,2773,2769,2770,786,162830,0
2026/04/13,1055,2771,2774,2770,2773,242,162846,0
2026/04/13,1100,2774,2783,2773,2781,2725,163026,0
2026/04/13,1105,2781,2782,2778,2781,1173,163292,0
2026/04/13,1110,2780,2785,2779,2780,1608,163376,0
2026/04/13,1115,2781,2782,2779,2779,442,163512,0
2026/04/13,1120,2779,2782,2778,2781,485,163575,0
2026/04/13,1125,2782,2786,2781,2782,1134,163343,0
2026/04/13,1130,2782,2786,2782,2782,527,163303,0
2026/04/13,1335,2785,2787,2781,2783,1004,163328,0
2026/04/13,1340,2783,2791,2783,2789,1832,163720,0
2026/04/13,1345,2790,2790,2786,2788,884,164062,0
2026/04/13,1350,2788,2791,2786,2791,1218,164092,0
2026/04/13,1355,2790,2817,2789,2808,8524,162414,0
2026/04/13,1400,2808,2809,2801,2805,2988,163055,0
2026/04/13,1405,2804,2806,2801,2803,1222,163135,0
2026/04/13,1410,2804,2807,2801,2801,1937,163386,0
2026/04/13,1415,2802,2804,2801,2803,638,163374,0
2026/04/13,1420,2803,2803,2797,2798,2241,163661,0
2026/04/13,1425,2798,2800,2793,2800,1898,163489,0
2026/04/13,1430,2800,2802,2798,2800,1053,163719,0
2026/04/13,1435,2800,2803,2796,2796,1343,164289,0
2026/04/13,1440,2796,2801,2796,2796,823,164321,0
2026/04/13,1445,2796,2800,2796,2797,826,164742,0
2026/04/13,1450,2797,2799,2795,2797,653,164709,0
2026/04/13,1455,2797,2798,2795,2796,751,164812,0
2026/04/13,1500,2795,2797,2790,2791,2899,165155,0
2026/04/14,2105,2788,2800,2788,2797,4393,166380,0
2026/04/14,2110,2797,2797,2789,2794,2294,166933,0
2026/04/14,2115,2794,2798,2793,2795,1452,167606,0
2026/04/14,2120,2794,2799,2793,2794,1269,167943,0
2026/04/14,2125,2793,2797,2793,2796,669,168138,0
2026/04/14,2130,2795,2803,2794,2802,1835,168785,0
2026/04/14,2135,2802,2807,2800,2805,2055,169156,0
2026/04/14,2140,2805,2805,2802,2804,1006,169169,0
2026/04/14,2145,2804,2805,2802,2804,569,169181,0
2026/04/14,2150,2803,2805,2797,2798,1092,169377,0
2026/04/14,2155,2798,2801,2794,2798,1829,169340,0
2026/04/14,2200,2798,2802,2797,2800,999,169789,0
2026/04/14,2205,2799,2800,2795,2795,1244,169500,0
2026/04/14,2210,2795,2797,2793,2796,701,169454,0
2026/04/14,2215,2796,2799,2794,2799,523,169494,0
2026/04/14,2220,2799,2799,2797,2798,321,169536,0
2026/04/14,2225,2799,2802,2795,2801,878,169553,0
2026/04/14,2230,2801,2804,2801,2801,781,169670,0
2026/04/14,2235,2802,2802,2799,2800,379,169754,0
2026/04/14,2240,2800,2803,2798,2803,635,169791,0
2026/04/14,2245,2803,2803,2801,2803,426,169791,0
2026/04/14,2250,2802,2809,2802,2805,1615,170234,0
2026/04/14,2255,2805,2807,2804,2805,746,170303,0
2026/04/14,2300,2806,2806,2803,2804,777,170265,0
2026/04/14,2305,2804,2807,2804,2805,818,170640,0
2026/04/14,2310,2805,2808,2804,2804,598,170727,0
2026/04/14,2315,2804,2805,2802,2804,468,170641,0
2026/04/14,2320,2803,2804,2800,2803,712,170633,0
2026/04/14,2325,2802,2803,2802,2803,161,170705,0
2026/04/14,2330,2802,2803,2800,2802,266,170641,0
2026/04/14,2335,2802,2803,2801,2803,96,170628,0
2026/04/14,2340,2802,2803,2802,2803,68,170636,0
2026/04/14,2345,2803,2803,2801,2801,92,170630,0
2026/04/14,2350,2802,2802,2801,2802,57,170629,0
2026/04/14,2355,2802,2802,2800,2801,133,170613,0
2026/04/14,0000,2801,2801,2799,2799,263,170621,0
2026/04/14,0005,2800,2804,2799,2803,372,170719,0
2026/04/14,0010,2804,2805,2804,2804,406,170876,0
2026/04/14,0015,2803,2804,2802,2803,93,170862,0
2026/04/14,0020,2803,2804,2802,2802,29,170859,0
2026/04/14,0025,2802,2803,2801,2801,85,170857,0
2026/04/14,0030,2801,2802,2801,2802,54,170850,0
2026/04/14,0035,2802,2803,2801,2801,102,170809,0
2026/04/14,0040,2801,2803,2801,2803,64,170790,0
2026/04/14,0045,2802,2805,2802,2804,148,170797,0
2026/04/14,0050,2804,2805,2802,2803,149,170797,0
2026/04/14,0055,2805,2805,2804,2805,223,170759,0
2026/04/14,0100,2804,2805,2803,2804,378,170636,0
2026/04/14,0905,2806,2813,2797,2810,4577,170790,0
2026/04/14,0910,2809,2813,2805,2805,2993,171021,0
2026/04/14,0915,2805,2810,2800,2804,3045,171357,0
2026/04/14,0920,2804,2807,2803,2803,908,171470,0
2026/04/14,0925,2803,2804,2797,2799,1796,171769,0
2026/04/14,0930,2798,2799,2794,2795,2041,171962,0
2026/04/14,0935,2795,2797,2789,2793,2989,172284,0
2026/04/14,0940,2792,2796,2789,2795,1682,172744,0
2026/04/14,0945,2795,2797,2792,2793,896,172598,0
2026/04/14,0950,2793,2796,2792,2795,476,172655,0
2026/04/14,0955,2795,2797,2794,2796,376,172607,0
2026/04/14,1000,2796,2797,2792,2793,672,172726,0
2026/04/14,1005,2793,2796,2792,2795,752,172712,0
2026/04/14,1010,2795,2795,2791,2793,845,172988,0
2026/04/14,1015,2794,2798,2792,2796,1112,172810,0
2026/04/14,1035,2796,2797,2793,2795,516,172774,0
2026/04/14,1040,2795,2800,2793,2799,762,172778,0
2026/04/14,1045,2798,2800,2798,2800,606,172874,0
2026/04/14,1050,2800,2803,2799,2801,892,172855,0
2026/04/14,1055,2802,2802,2797,2799,901,172820,0
2026/04/14,1100,2797,2799,2795,2796,672,172830,0
2026/04/14,1105,2796,2797,2793,2794,953,173252,0
2026/04/14,1110,2794,2795,2791,2795,1002,173481,0
2026/04/14,1115,2794,2795,2793,2793,456,173411,0
2026/04/14,1120,2794,2797,2793,2796,368,173391,0
2026/04/14,1125,2795,2796,2793,2794,380,173370,0
2026/04/14,1130,2794,2795,2791,2791,688,173297,0
2026/04/14,1335,2791,2794,2789,2793,1897,173508,0
2026/04/14,1340,2794,2796,2793,2796,718,173459,0
2026/04/14,1345,2796,2796,2793,2796,835,173398,0
2026/04/14,1350,2796,2797,2792,2792,804,173347,0
2026/04/14,1355,2792,2794,2791,2794,538,173432,0
2026/04/14,1400,2794,2794,2792,2793,278,173448,0
2026/04/14,1405,2794,2794,2791,2792,310,173463,0
2026/04/14,1410,2792,2793,2790,2792,513,173509,0
2026/04/14,1415,2792,2794,2792,2793,227,173563,0
2026/04/14,1420,2793,2796,2791,2795,425,173662,0
2026/04/14,1425,2795,2797,2794,2797,656,173661,0
2026/04/14,1430,2797,2799,2795,2795,1251,173886,0
2026/04/14,1435,2795,2797,2795,2795,431,173855,0
2026/04/14,1440,2796,2797,2794,2795,733,174103,0
2026/04/14,1445,2796,2798,2795,2796,931,174049,0
2026/04/14,1450,2797,2801,2796,2800,2021,174214,0
2026/04/14,1455,2800,2800,2795,2796,908,174111,0
2026/04/14,1500,2796,2796,2793,2794,1523,174203,0
2026/04/15,2105,2788,2796,2778,2794,14612,178640,0
2026/04/15,2110,2795,2798,2791,2793,5695,179800,0
2026/04/15,2115,2792,2799,2792,2797,3439,180876,0
2026/04/15,2120,2797,2797,2786,2789,5803,182443,0
2026/04/15,2125,2788,2792,2788,2789,2027,183116,0
2026/04/15,2130,2790,2791,2784,2787,2554,183782,0
2026/04/15,2135,2787,2787,2783,2784,2211,184174,0
2026/04/15,2140,2785,2786,2781,2785,2241,184752,0
2026/04/15,2145,2785,2786,2783,2785,830,185052,0
2026/04/15,2150,2786,2787,2782,2785,1353,185563,0
2026/04/15,2155,2785,2785,2781,2781,1042,185811,0
2026/04/15,2200,2781,2781,2773,2774,5927,187001,0
2026/04/15,2205,2773,2775,2771,2774,2395,187613,0
2026/04/15,2210,2774,2776,2773,2773,1671,187931,0
2026/04/15,2215,2774,2775,2773,2775,1181,188206,0
2026/04/15,2220,2775,2780,2774,2778,2061,188480,0
2026/04/15,2225,2777,2779,2775,2775,1248,188782,0
2026/04/15,2230,2775,2778,2775,2776,694,188789,0
2026/04/15,2235,2777,2779,2776,2777,652,188978,0
2026/04/15,2240,2778,2779,2777,2779,363,189096,0
2026/04/15,2245,2779,2779,2776,2778,683,189144,0
2026/04/15,2250,2777,2778,2775,2776,611,189293,0
2026/04/15,2255,2775,2776,2773,2773,1273,189460,0
2026/04/15,2300,2774,2774,2768,2771,4124,190726,0
2026/04/15,2305,2770,2774,2770,2773,1129,191059,0
2026/04/15,2310,2773,2774,2772,2773,402,191139,0
2026/04/15,2315,2773,2774,2771,2772,509,191276,0
2026/04/15,2320,2772,2773,2770,2771,581,191312,0
2026/04/15,2325,2771,2772,2770,2772,829,191070,0
2026/04/15,2330,2772,2772,2770,2771,580,191289,0
2026/04/15,2335,2770,2771,2769,2770,328,191381,0
2026/04/15,2340,2770,2772,2770,2770,394,191368,0
2026/04/15,2345,2770,2771,2769,2770,239,191349,0
2026/04/15,2350,2770,2770,2769,2770,180,191434,0
2026/04/15,2355,2770,2771,2769,2771,209,191437,0
2026/04/15,0000,2771,2772,2770,2772,185,191417,0
2026/04/15,0005,2771,2772,2770,2770,169,191424,0
2026/04/15,0010,2770,2771,2770,2770,101,191416,0
2026/04/15,0015,2770,2771,2770,2770,144,191431,0
2026/04/15,0020,2770,2770,2769,2770,124,191451,0
2026/04/15,0025,2769,2770,2769,2769,88,191463,0
2026/04/15,0030,2769,2770,2768,2768,261,191541,0
2026/04/15,0035,2768,2769,2767,2767,456,191539,0
2026/04/15,0040,2767,2769,2766,2768,413,191550,0
2026/04/15,0045,2768,2768,2766,2767,322,191550,0
2026/04/15,0050,2767,2768,2766,2766,313,191528,0
2026/04/15,0055,2765,2770,2764,2769,1034,191318,0
2026/04/15,0100,2770,2770,2765,2766,605,191117,0
2026/04/15,0905,2767,2771,2766,2766,4728,192366,0
2026/04/15,0910,2765,2766,2746,2754,16114,191921,0
2026/04/15,0915,2754,2760,2753,2757,3429,191746,0
2026/04/15,0920,2757,2760,2756,2758,1675,192061,0
2026/04/15,0925,2758,2768,2758,2766,2915,192361,0
2026/04/15,0930,2766,2767,2759,2761,2769,193190,0
2026/04/15,0935,2761,2761,2753,2755,2497,193773,0
2026/04/15,0940,2756,2759,2755,2757,1479,193939,0
2026/04/15,0945,2756,2761,2755,2760,1276,194205,0
2026/04/15,0950,2760,2762,2758,2761,1650,194704,0
2026/04/15,0955,2761,2763,2759,2763,1150,194895,0
2026/04/15,1000,2762,2764,2760,2761,872,195020,0
2026/04/15,1005,2761,2764,2761,2763,1015,195104,0
2026/04/15,1010,2763,2764,2762,2763,674,195012,0
2026/04/15,1015,2763,2767,2763,2766,1369,194708,0
2026/04/15,1035,2766,2767,2763,2764,1459,194669,0
2026/04/15,1040,2764,2766,2762,2766,820,194688,0
2026/04/15,1045,2766,2767,2764,2766,651,194745,0
2026/04/15,1050,2767,2767,2760,2762,1117,194974,0
2026/04/15,1055,2761,2764,2758,2760,1776,195634,0
2026/04/15,1100,2760,2763,2759,2762,1077,195713,0
2026/04/15,1105,2763,2763,2761,2761,779,195827,0
2026/04/15,1110,2762,2762,2758,2760,1015,195905,0
2026/04/15,1115,2760,2761,2757,2760,681,196033,0
2026/04/15,1120,2759,2760,2756,2756,848,196201,0
2026/04/15,1125,2756,2763,2756,2762,778,196160,0
2026/04/15,1130,2763,2766,2762,2764,924,196067,0
2026/04/15,1335,2764,2767,2761,2762,1689,196638,0
2026/04/15,1340,2762,2763,2756,2760,2109,197229,0
2026/04/15,1345,2760,2760,2756,2758,1264,197446,0
2026/04/15,1350,2757,2763,2757,2763,1649,197848,0
2026/04/15,1355,2763,2765,2761,2761,835,198164,0
2026/04/15,1400,2761,2762,2760,2761,611,198297,0
2026/04/15,1405,2761,2763,2760,2763,679,198298,0
2026/04/15,1410,2763,2767,2763,2767,1491,198314,0
2026/04/15,1415,2767,2775,2765,2771,3521,198059,0
2026/04/15,1420,2770,2773,2768,2769,1220,198191,0
2026/04/15,1425,2769,2770,2767,2768,594,198220,0
2026/04/15,1430,2768,2771,2767,2770,799,198308,0
2026/04/15,1435,2769,2771,2767,2769,690,198359,0
2026/04/15,1440,2769,2771,2767,2770,603,198460,0
2026/04/15,1445,2770,2770,2768,2770,665,198616,0
2026/04/15,1450,2769,2773,2767,2767,1545,198746,0
2026/04/15,1455,2767,2769,2763,2766,2073,198911,0
2026/04/15,1500,2766,2767,2763,2763,1947,198963,0
2026/04/16,2105,2756,2762,2740,2743,20661,206349,0
2026/04/16,2110,2743,2750,2742,2750,8197,209258,0
2026/04/16,2115,2750,2750,2744,2745,5139,211264,0
2026/04/16,2120,2746,2751,2744,2751,4239,212628,0
2026/04/16,2125,2751,2754,2748,2752,4137,213405,0
2026/04/16,2130,2751,2755,2749,2754,2392,214053,0
2026/04/16,2135,2754,2754,2749,2752,2735,214980,0
2026/04/16,2140,2751,2752,2745,2748,3746,216064,0
2026/04/16,2145,2748,2751,2747,2751,1912,216404,0
2026/04/16,2150,2752,2755,2750,2751,2025,216830,0
2026/04/16,2155,2752,2753,2750,2753,1149,217216,0
2026/04/16,2200,2753,2757,2753,2755,2144,217582,0
2026/04/16,2205,2754,2756,2753,2754,1124,217640,0
2026/04/16,2210,2754,2755,2752,2753,999,217729,0
2026/04/16,2215,2753,2756,2753,2755,705,217817,0
2026/04/16,2220,2756,2756,2754,2755,1071,217810,0
2026/04/16,2225,2755,2760,2754,2757,2069,217732,0
2026/04/16,2230,2756,2757,2755,2756,688,217785,0
2026/04/16,2235,2756,2760,2756,2757,1140,217641,0
2026/04/16,2240,2758,2760,2757,2760,2162,217843,0
2026/04/16,2245,2760,2764,2759,2764,3585,218169,0
2026/04/16,2250,2764,2765,2759,2759,1540,218114,0
2026/04/16,2255,2760,2762,2759,2762,926,218103,0
2026/04/16,2300,2762,2762,2759,2761,1348,217988,0
2026/04/16,2305,2762,2763,2759,2760,1786,218398,0
2026/04/16,2310,2760,2762,2760,2762,542,218449,0
2026/04/16,2315,2761,2768,2761,2766,2442,218427,0
2026/04/16,2320,2766,2767,2764,2767,1026,218443,0
2026/04/16,2325,2766,2767,2765,2766,641,218527,0
2026/04/16,2330,2766,2769,2765,2767,1033,218500,0
2026/04/16,2335,2768,2768,2765,2765,608,218465,0
2026/04/16,2340,2765,2766,2765,2766,230,218427,0
2026/04/16,2345,2765,2766,2764,2764,239,218402,0
2026/04/16,2350,2764,2768,2763,2766,932,218219,0
2026/04/16,2355,2766,2766,2765,2766,107,218214,0
2026/04/16,0000,2766,2766,2765,2766,110,218187,0
2026/04/16,0005,2766,2766,2764,2766,353,218010,0
2026/04/16,0010,2766,2767,2765,2766,204,217912,0
2026/04/16,0015,2767,2767,2766,2766,101,217896,0
2026/04/16,0020,2767,2767,2766,2766,74,217864,0
2026/04/16,0025,2767,2767,2766,2767,116,217831,0
2026/04/16,0030,2767,2767,2765,2765,157,217752,0
2026/04/16,0035,2765,2766,2764,2764,106,217715,0
2026/04/16,0040,2764,2765,2762,2764,399,217522,0
2026/04/16,0045,2765,2765,2763,2763,122,217495,0
2026/04/16,0050,2763,2764,2763,2763,132,217414,0
2026/04/16,0055,2764,2766,2763,2765,277,217336,0
2026/04/16,0100,2766,2766,2762,2762,903,216991,0
2026/04/16,0905,2765,2765,2753,2754,5558,217197,0
2026/04/16,0910,2755,2755,2749,2752,4692,218365,0
2026/04/16,0915,2752,2755,2751,2753,2156,219166,0
2026/04/16,0920,2754,2755,2752,2753,1596,219929,0
2026/04/16,0925,2753,2756,2752,2754,1701,220528,0
2026/04/16,0930,2753,2754,2751,2752,1695,221045,0
2026/04/16,0935,2753,2753,2747,2750,2616,221427,0
2026/04/16,0940,2749,2752,2747,2751,1457,221746,0
2026/04/16,0945,2751,2755,2751,2752,1896,222304,0
2026/04/16,0950,2751,2753,2749,2750,1359,222788,0
2026/04/16,0955,2750,2751,2748,2749,1342,223219,0
2026/04/16,1000,2749,2751,2748,2750,1235,223753,0
2026/04/16,1005,2751,2757,2748,2755,3223,223992,0
2026/04/16,1010,2755,2756,2754,2755,722,224040,0
2026/04/16,1015,2755,2756,2753,2753,1448,224247,0
2026/04/16,1035,2754,2760,2752,2757,2465,224510,0
2026/04/16,1040,2758,2760,2756,2758,1246,224493,0
2026/04/16,1045,2757,2758,2752,2752,1745,224914,0
2026/04/16,1050,2752,2755,2751,2754,1222,225087,0
2026/04/16,1055,2754,2756,2753,2754,837,225309,0
2026/04/16,1100,2755,2760,2754,2758,1375,225323,0
2026/04/16,1105,2758,2763,2756,2761,1933,225103,0
2026/04/16,1110,2761,2769,2761,2764,3818,224802,0
2026/04/16,1115,2764,2765,2762,2765,1430,224685,0
2026/04/16,1120,2765,2765,2760,2761,950,224610,0
2026/04/16,1125,2761,2762,2760,2761,725,224767,0
2026/04/16,1130,2760,2761,2753,2755,2276,224850,0
2026/04/16,1335,2755,2759,2755,2759,2607,225768,0
2026/04/16,1340,2759,2760,2757,2760,1280,226141,0
2026/04/16,1345,2760,2762,2758,2759,936,226387,0
2026/04/16,1350,2760,2760,2757,2757,835,226682,0
2026/04/16,1355,2758,2758,2755,2757,859,226863,0
2026/04/16,1400,2757,2757,2753,2754,1190,227255,0
2026/04/16,1405,2754,2761,2753,2761,1842,227770,0
2026/04/16,1410,2760,2763,2758,2761,2007,228294,0
2026/04/16,1415,2760,2765,2760,2763,1848,228470,0
2026/04/16,1420,2763,2769,2761,2768,3153,228793,0
2026/04/16,1425,2768,2770,2762,2763,2847,228907,0
2026/04/16,1430,2764,2764,2761,2763,1386,228924,0
2026/04/16,1435,2762,2764,2762,2764,894,228914,0
2026/04/16,1440,2764,2768,2763,2768,1806,229470,0
2026/04/16,1445,2768,2775,2768,2774,5456,229129,0
2026/04/16,1450,2774,2787,2773,2786,9922,227777,0
2026/04/16,1455,2786,2787,2780,2782,4396,227688,0
2026/04/16,1500,2782,2785,2780,2782,4270,227166,0
2026/04/17,2105,2775,2793,2775,2791,16402,229773,0
2026/04/17,2110,2791,2800,2789,2798,12320,230692,0
2026/04/17,2115,2798,2799,2791,2796,5198,231788,0
2026/04/17,2120,2795,2798,2788,2789,6245,231709,0
2026/04/17,2125,2790,2790,2783,2787,5733,232270,0
2026/04/17,2130,2788,2789,2784,2787,3148,232969,0
2026/04/17,2135,2786,2788,2785,2786,2400,233981,0
2026/04/17,2140,2786,2791,2786,2790,2845,234613,0
2026/04/17,2145,2789,2791,2785,2785,2639,234618,0
2026/04/17,2150,2785,2786,2781,2785,3861,234641,0
2026/04/17,2155,2785,2785,2779,2781,3435,234200,0
2026/04/17,2200,2781,2781,2776,2777,2719,234605,0
2026/04/17,2205,2778,2780,2777,2779,1637,234880,0
2026/04/17,2210,2779,2779,2772,2775,4166,235586,0
2026/04/17,2215,2776,2777,2774,2774,1880,236361,0
2026/04/17,2220,2774,2778,2774,2776,2348,237474,0
2026/04/17,2225,2776,2778,2775,2775,1159,237938,0
2026/04/17,2230,2775,2778,2775,2778,1021,238411,0
2026/04/17,2235,2777,2782,2777,2781,2275,238912,0
2026/04/17,2240,2781,2782,2780,2781,788,239210,0
2026/04/17,2245,2780,2781,2777,2780,1342,239595,0
2026/04/17,2250,2780,2783,2779,2781,1138,239822,0
2026/04/17,2255,2780,2781,2780,2780,402,239947,0
2026/04/17,2300,2780,2781,2778,2779,1152,240159,0
2026/04/17,2305,2779,2782,2778,2781,1147,240486,0
2026/04/17,2310,2781,2784,2781,2782,923,240549,0
2026/04/17,2315,2781,2782,2780,2781,513,240635,0
2026/04/17,2320,2781,2783,2780,2781,534,240737,0
2026/04/17,2325,2782,2782,2780,2781,339,240816,0
2026/04/17,2330,2782,2782,2780,2780,259,240841,0
2026/04/17,2335,2780,2781,2780,2781,380,240905,0
2026/04/17,2340,2780,2781,2779,2780,381,240886,0
2026/04/17,2345,2781,2781,2780,2780,115,240887,0
2026/04/17,2350,2780,2781,2779,2780,291,240791,0
2026/04/17,2355,2780,2781,2779,2780,210,240862,0
2026/04/17,0000,2779,2780,2778,2779,493,240922,0
2026/04/17,0005,2778,2779,2776,2777,747,240935,0
2026/04/17,0010,2777,2778,2776,2778,213,240926,0
2026/04/17,0015,2778,2779,2777,2778,152,240959,0
2026/04/17,0020,2779,2780,2778,2779,280,240897,0
2026/04/17,0025,2779,2779,2778,2779,84,240908,0
2026/04/17,0030,2778,2779,2777,2778,191,240945,0
2026/04/17,0035,2778,2779,2778,2778,53,240928,0
2026/04/17,0040,2779,2779,2778,2779,149,240966,0
2026/04/17,0045,2779,2780,2778,2779,168,241015,0
2026/04/17,0050,2779,2779,2777,2779,297,240924,0
2026/04/17,0055,2779,2780,2778,2779,198,240873,0
2026/04/17,0100,2778,2780,2778,2779,842,240395,0
2026/04/17,0905,2780,2783,2776,2778,4960,240981,0
2026/04/17,0910,2778,2779,2770,2772,5410,241053,0
2026/04/17,0915,2771,2773,2765,2766,5732,241314,0
2026/04/17,0920,2766,2768,2764,2768,3187,242085,0
2026/04/17,0925,2768,2769,2766,2769,1552,242328,0
2026/04/17,0930,2768,2770,2766,2766,1497,242901,0
2026/04/17,0935,2766,2768,2766,2768,1149,243195,0
2026/04/17,0940,2767,2769,2767,2768,806,243272,0
2026/04/17,0945,2768,2770,2766,2768,1459,243298,0
2026/04/17,0950,2769,2772,2767,2771,1044,243272,0
2026/04/17,0955,2771,2771,2766,2767,1394,243467,0
2026/04/17,1000,2767,2768,2762,2763,2146,243787,0
2026/04/17,1005,2763,2766,2761,2761,2496,244287,0
2026/04/17,1010,2762,2764,2758,2763,3388,244474,0
2026/04/17,1015,2763,2766,2763,2765,1002,244455,0
2026/04/17,1035,2765,2768,2763,2768,1673,244839,0
2026/04/17,1040,2768,2771,2767,2771,1206,244716,0
2026/04/17,1045,2771,2771,2768,2768,1229,244724,0
2026/04/17,1050,2768,2769,2767,2767,662,244676,0
2026/04/17,1055,2768,2773,2767,2772,1623,244820,0
2026/04/17,1100,2772,2773,2770,2772,839,244889,0
2026/04/17,1105,2772,2777,2771,2777,2333,244530,0
2026/04/17,1110,2777,2777,2775,2775,1324,244543,0
2026/04/17,1115,2775,2776,2773,2776,1452,244804,0
2026/04/17,1120,2776,2776,2773,2773,1314,245118,0
2026/04/17,1125,2773,2774,2771,2773,844,245078,0
2026/04/17,1130,2772,2784,2771,2781,4303,245157,0
2026/04/17,1335,2781,2781,2776,2778,3144,245325,0
2026/04/17,1340,2779,2780,2776,2777,1779,245582,0
2026/04/17,1345,2777,2778,2772,2774,2339,246129,0
2026/04/17,1350,2775,2775,2772,2773,1037,246450,0
2026/04/17,1355,2774,2775,2771,2773,1249,246618,0
2026/04/17,1400,2773,2775,2770,2770,1893,247164,0
2026/04/17,1405,2770,2772,2768,2769,1941,247773,0
2026/04/17,1410,2769,2772,2766,2771,1919,248312,0
2026/04/17,1415,2772,2773,2770,2773,1033,248709,0
2026/04/17,1420,2772,2775,2768,2769,1840,248835,0
2026/04/17,1425,2770,2771,2769,2770,642,248954,0
2026/04/17,1430,2771,2772,2767,2767,1319,249451,0
2026/04/17,1435,2768,2770,2767,2770,1266,249537,0
2026/04/17,1440,2769,2772,2768,2769,1399,250108,0
2026/04/17,1445,2768,2770,2767,2768,913,250461,0
2026/04/17,1450,2768,2772,2767,2771,1933,250320,0
2026/04/17,1455,2772,2773,2770,2772,2116,250450,0
2026/04/17,1500,2771,2773,2770,2772,2691,250386,0
2026/04/20,2105,2762,2767,2748,2756,30069,258018,0
2026/04/20,2110,2757,2768,2756,2762,9980,260081,0
2026/04/20,2115,2761,2769,2758,2767,6398,261753,0
2026/04/20,2120,2766,2767,2757,2763,7232,263296,0
2026/04/20,2125,2762,2766,2756,2763,5306,265058,0
2026/04/20,2130,2763,2764,2760,2763,3105,266014,0
2026/04/20,2135,2763,2763,2757,2758,3294,266843,0
2026/04/20,2140,2758,2760,2755,2759,3730,267861,0
2026/04/20,2145,2758,2764,2758,2764,2268,267909,0
2026/04/20,2150,2763,2768,2761,2766,3535,267934,0
2026/04/20,2155,2765,2773,2765,2771,4492,267780,0
2026/04/20,2200,2771,2772,2767,2769,4263,267992,0
2026/04/20,2205,2768,2770,2763,2766,2766,268208,0
2026/04/20,2210,2766,2768,2764,2767,1475,268753,0
2026/04/20,2215,2768,2772,2767,2771,2045,269174,0
2026/04/20,2220,2771,2776,2771,2775,4364,269629,0
2026/04/20,2225,2776,2777,2772,2775,3378,269681,0
2026/04/20,2230,2776,2776,2773,2773,2042,269805,0
2026/04/20,2235,2774,2775,2770,2770,2236,269509,0
2026/04/20,2240,2770,2773,2768,2768,2636,269311,0
2026/04/20,2245,2769,2770,2767,2769,2275,269635,0
2026/04/20,2250,2770,2770,2766,2768,2692,269394,0
2026/04/20,2255,2768,2773,2768,2772,1810,269573,0
2026/04/20,2300,2771,2772,2769,2770,1793,269954,0
2026/04/20,2305,2770,2775,2770,2774,3113,270989,0
2026/04/20,2310,2774,2774,2771,2772,1007,271281,0
2026/04/20,2315,2773,2774,2771,2773,820,271420,0
2026/04/20,2320,2773,2774,2771,2772,931,271242,0
2026/04/20,2325,2771,2772,2771,2771,402,271204,0
2026/04/20,2330,2771,2773,2770,2772,829,271120,0
2026/04/20,2335,2772,2772,2768,2768,1649,270878,0
2026/04/20,2340,2768,2770,2768,2770,470,270874,0
2026/04/20,2345,2770,2770,2768,2768,684,271043,0
2026/04/20,2350,2768,2768,2766,2768,1483,270849,0
2026/04/20,2355,2768,2768,2765,2767,1051,271174,0
2026/04/20,0000,2766,2767,2756,2757,3864,271727,0
2026/04/20,0005,2757,2758,2752,2754,6966,273505,0
2026/04/20,0010,2754,2757,2754,2754,2378,274139,0
2026/04/20,0015,2754,2757,2753,2756,862,274158,0
2026/04/20,0020,2755,2757,2754,2755,1093,274402,0
2026/04/20,0025,2756,2759,2755,2758,976,274365,0
2026/04/20,0030,2758,2759,2757,2758,646,274378,0
2026/04/20,0035,2757,2759,2757,2757,591,274458,0
2026/04/20,0040,2758,2758,2756,2757,636,274344,0
2026/04/20,0045,2757,2758,2755,2755,764,274274,0
2026/04/20,0050,2756,2756,2754,2754,1145,274383,0
2026/04/20,0055,2754,2757,2754,2754,923,274238,0
2026/04/20,0100,2755,2755,2750,2750,2854,273760,0
2026/04/20,0905,2751,2767,2751,2766,17949,273668,0
2026/04/20,0910,2765,2770,2759,2762,7396,273837,0
2026/04/20,0915,2761,2765,2759,2764,3245,274725,0
2026/04/20,0920,2765,2767,2761,2767,2630,275081,0
2026/04/20,0925,2767,2771,2764,2768,5234,276039,0
2026/04/20,0930,2768,2769,2766,2768,1895,276165,0
2026/04/20,0935,2768,2769,2765,2766,1818,276289,0
2026/04/20,0940,2766,2768,2766,2767,807,276175,0
2026/04/20,0945,2766,2774,2766,2771,4069,276343,0
2026/04/20,0950,2771,2774,2769,2773,3152,276543,0
2026/04/20,0955,2773,2773,2768,2770,2001,276192,0
2026/04/20,1000,2771,2772,2768,2772,1197,275918,0
2026/04/20,1005,2771,2777,2771,2776,3402,275502,0
2026/04/20,1010,2776,2783,2776,2780,6353,274843,0
2026/04/20,1015,2780,2787,2780,2784,5896,273925,0
2026/04/20,1035,2784,2787,2780,2781,4108,273410,0
2026/04/20,1040,2780,2783,2778,2783,2724,273107,0
2026/04/20,1045,2783,2785,2782,2783,2262,272865,0
2026/04/20,1050,2783,2788,2782,2785,2593,272840,0
2026/04/20,1055,2785,2790,2785,2786,3281,272420,0
2026/04/20,1100,2785,2790,2783,2785,3308,271740,0
2026/04/20,1105,2784,2789,2784,2787,1965,271490,0
2026/04/20,1110,2787,2788,2783,2784,2090,271022,0
2026/04/20,1115,2785,2793,2784,2792,4253,270482,0
2026/04/20,1120,2793,2794,2788,2789,3673,270820,0
2026/04/20,1125,2789,2790,2785,2786,2539,270504,0
2026/04/20,1130,2786,2790,2785,2787,1967,270376,0
2026/04/20,1335,2788,2789,2784,2786,3613,270370,0
2026/04/20,1340,2787,2788,2785,2788,1891,270581,0
2026/04/20,1345,2788,2791,2786,2789,3267,270800,0
2026/04/20,1350,2789,2792,2786,2790,2908,271310,0
2026/04/20,1355,2790,2793,2789,2790,2807,271538,0
2026/04/20,1400,2791,2791,2787,2789,2125,271317,0
2026/04/20,1405,2790,2790,2786,2789,1478,271258,0
2026/04/20,1410,2788,2790,2782,2783,2959,270917,0
2026/04/20,1415,2783,2787,2783,2784,2525,270891,0
2026/04/20,1420,2785,2787,2782,2787,2788,271142,0
2026/04/20,1425,2786,2788,2785,2788,1218,271125,0
2026/04/20,1430,2787,2792,2787,2791,2626,271516,0
2026/04/20,1435,2791,2794,2790,2794,3055,271689,0
2026/04/20,1440,2793,2801,2793,2797,9341,271926,0
2026/04/20,1445,2798,2798,2794,2797,2986,271683,0
2026/04/20,1450,2796,2797,2789,2792,4952,271554,0
2026/04/20,1455,2792,2793,2787,2791,3349,271541,0
2026/04/20,1500,2791,2791,2786,2790,5092,270849,0
2026/04/21,2105,2790,2808,2788,2808,25554,275743,0
2026/04/21,2110,2808,2820,2805,2814,23314,277900,0
2026/04/21,2115,2814,2820,2811,2815,12904,278237,0
2026/04/21,2120,2815,2834,2814,2830,27694,279203,0
2026/04/21,2125,2829,2832,2825,2830,15002,278660,0
2026/04/21,2130,2831,2841,2828,2834,16272,279684,0
2026/04/21,2135,2834,2837,2828,2833,12454,279340,0
2026/04/21,2140,2834,2835,2830,2835,6177,279595,0
2026/04/21,2145,2835,2840,2833,2838,9307,280233,0
2026/04/21,2150,2839,2845,2836,2839,13953,280419,0
2026/04/21,2155,2838,2838,2833,2835,8708,280070,0
2026/04/21,2200,2836,2836,2830,2833,7038,279810,0
2026/04/21,2205,2832,2837,2832,2835,4978,279264,0
2026/04/21,2210,2836,2843,2835,2843,6437,279335,0
2026/04/21,2215,2843,2845,2839,2843,8683,280722,0
2026/04/21,2220,2844,2844,2837,2838,6143,280600,0
2026/04/21,2225,2837,2838,2831,2833,7968,279640,0
2026/04/21,2230,2832,2837,2832,2834,3753,279683,0
2026/04/21,2235,2835,2835,2832,2835,3214,279609,0
2026/04/21,2240,2834,2838,2834,2836,4325,279261,0
2026/04/21,2245,2836,2838,2834,2837,2167,279250,0
2026/04/21,2250,2837,2838,2835,2836,1998,279219,0
2026/04/21,2255,2836,2837,2833,2833,2855,278927,0
2026/04/21,2300,2833,2835,2828,2831,7374,279369,0
2026/04/21,2305,2832,2835,2831,2833,5072,280874,0
2026/04/21,2310,2834,2835,2831,2835,3089,281165,0
2026/04/21,2315,2834,2834,2831,2832,1345,281285,0
2026/04/21,2320,2833,2834,2832,2833,849,281028,0
2026/04/21,2325,2834,2835,2833,2833,1516,280740,0
2026/04/21,2330,2833,2835,2832,2834,1959,280444,0
2026/04/21,2335,2834,2835,2833,2834,1146,280311,0
2026/04/21,2340,2835,2837,2834,2837,2258,280054,0
2026/04/21,2345,2837,2837,2835,2835,875,279966,0
2026/04/21,2350,2835,2838,2835,2835,1470,280041,0
2026/04/21,2355,2836,2837,2835,2837,391,279909,0
2026/04/21,0000,2837,2837,2835,2836,997,279880,0
2026/04/21,0005,2835,2836,2835,2835,647,279617,0
2026/04/21,0010,2836,2836,2835,2836,402,279472,0
2026/04/21,0015,2836,2839,2836,2838,1043,279393,0
2026/04/21,0020,2838,2838,2836,2838,615,279341,0
2026/04/21,0025,2838,2839,2837,2839,697,279428,0
2026/04/21,0030,2838,2839,2837,2838,621,279301,0
2026/04/21,0035,2837,2839,2837,2838,786,279068,0
2026/04/21,0040,2839,2842,2838,2839,2809,278841,0
2026/04/21,0045,2839,2840,2838,2839,277,278737,0
2026/04/21,0050,2840,2840,2838,2838,660,278465,0
2026/04/21,0055,2839,2841,2839,2840,1424,277747,0
2026/04/21,0100,2840,2843,2839,2843,1830,276612,0
2026/04/21,0905,2842,2842,2822,2827,18888,274477,0
2026/04/21,0910,2826,2828,2821,2826,9890,274799,0
2026/04/21,0915,2826,2832,2823,2830,7315,275212,0
2026/04/21,0920,2830,2832,2829,2830,4443,275823,0
2026/04/21,0925,2830,2833,2828,2832,3530,276346,0
2026/04/21,0930,2832,2833,2830,2831,2128,276432,0
2026/04/21,0935,2832,2834,2827,2831,4105,276075,0
2026/04/21,0940,2831,2832,2828,2831,2284,276287,0
2026/04/21,0945,2830,2831,2825,2829,3656,275838,0
2026/04/21,0950,2828,2829,2822,2824,3708,275521,0
2026/04/21,0955,2824,2826,2821,2825,3437,275194,0
2026/04/21,1000,2826,2828,2824,2827,1750,275156,0
2026/04/21,1005,2828,2833,2828,2831,3953,275306,0
2026/04/21,1010,2832,2833,2825,2827,3299,275084,0
2026/04/21,1015,2828,2830,2826,2829,1463,274917,0
2026/04/21,1035,2829,2831,2827,2827,1904,274890,0
2026/04/21,1040,2828,2830,2827,2830,1169,274894,0
2026/04/21,1045,2830,2833,2828,2832,2037,275030,0
2026/04/21,1050,2832,2836,2831,2835,3849,274763,0
2026/04/21,1055,2835,2838,2834,2838,3281,274700,0
2026/04/21,1100,2837,2839,2834,2836,2437,274817,0
2026/04/21,1105,2836,2840,2836,2839,3409,274662,0
2026/04/21,1110,2838,2842,2838,2839,4071,274915,0
2026/04/21,1115,2840,2847,2838,2844,7566,275208,0
2026/04/21,1120,2845,2845,2836,2838,4411,274625,0
2026/04/21,1125,2837,2839,2836,2837,2393,274261,0
2026/04/21,1130,2836,2838,2834,2838,2845,273498,0
2026/04/21,1335,2837,2839,2834,2837,3422,272634,0
2026/04/21,1340,2838,2838,2832,2834,2848,271936,0
2026/04/21,1345,2834,2837,2833,2837,2047,271659,0
2026/04/21,1350,2836,2838,2828,2831,4725,271690,0
2026/04/21,1355,2830,2832,2829,2831,2469,271611,0
2026/04/21,1400,2832,2836,2831,2835,2497,271250,0
2026/04/21,1405,2835,2836,2832,2832,1367,271250,0
2026/04/21,1410,2832,2836,2830,2835,2342,271497,0
2026/04/21,1415,2834,2836,2833,2833,1793,271696,0
2026/04/21,1420,2833,2833,2826,2828,4235,271307,0
2026/04/21,1425,2829,2833,2828,2832,1584,271317,0
2026/04/21,1430,2831,2832,2829,2830,1059,271391,0
2026/04/21,1435,2829,2832,2828,2829,2246,271253,0
2026/04/21,1440,2829,2829,2826,2828,2753,271176,0
2026/04/21,1445,2828,2833,2825,2831,4843,271139,0
2026/04/21,1450,2831,2833,2827,2827,2145,271155,0
2026/04/21,1455,2828,2830,2825,2828,4452,270715,0
2026/04/21,1500,2827,2828,2823,2826,6849,270232,0
2026/04/22,2105,2826,2838,2826,2838,16218,273546,0
2026/04/22,2110,2837,2841,2834,2839,8114,275193,0
2026/04/22,2115,2840,2843,2835,2836,8306,277151,0
2026/04/22,2120,2837,2837,2825,2827,12105,279427,0
2026/04/22,2125,2827,2829,2815,2817,15087,279824,0
2026/04/22,2130,2817,2819,2813,2817,9484,280802,0
2026/04/22,2135,2816,2818,2811,2815,8355,281322,0
2026/04/22,2140,2815,2818,2814,2818,3805,281789,0
2026/04/22,2145,2818,2821,2816,2820,5249,281674,0
2026/04/22,2150,2820,2823,2820,2820,4487,281992,0
2026/04/22,2155,2821,2822,2819,2820,1891,281879,0
2026/04/22,2200,2820,2824,2820,2823,2365,282257,0
2026/04/22,2205,2823,2825,2822,2823,2949,282387,0
2026/04/22,2210,2823,2824,2821,2821,1776,282452,0
2026/04/22,2215,2822,2824,2821,2824,1469,282510,0
2026/04/22,2220,2824,2826,2823,2825,1884,282438,0
2026/04/22,2225,2825,2826,2822,2823,1215,282515,0
2026/04/22,2230,2824,2825,2822,2822,1836,283027,0
2026/04/22,2235,2822,2823,2821,2821,1101,282916,0
2026/04/22,2240,2821,2822,2821,2821,1047,282803,0
2026/04/22,2245,2822,2824,2821,2824,1504,282919,0
2026/04/22,2250,2824,2824,2821,2821,1471,282735,0
2026/04/22,2255,2821,2822,2818,2821,5258,283558,0
2026/04/22,2300,2820,2822,2820,2821,1692,283709,0
2026/04/22,2305,2821,2822,2819,2822,2171,284252,0
2026/04/22,2310,2822,2822,2819,2821,1539,284496,0
2026/04/22,2315,2820,2821,2820,2820,596,284496,0
2026/04/22,2320,2821,2821,2820,2820,418,284434,0
2026/04/22,2325,2821,2821,2819,2819,664,284498,0
2026/04/22,2330,2820,2821,2819,2819,554,284534,0
2026/04/22,2335,2820,2820,2819,2820,389,284520,0
2026/04/22,2340,2820,2821,2819,2820,1018,284620,0
2026/04/22,2345,2821,2821,2820,2820,263,284584,0
2026/04/22,2350,2820,2821,2820,2821,217,284559,0
2026/04/22,2355,2821,2821,2820,2821,228,284566,0
2026/04/22,0000,2821,2822,2820,2821,342,284535,0
2026/04/22,0005,2822,2822,2821,2821,370,284402,0
2026/04/22,0010,2822,2823,2821,2822,473,284325,0
2026/04/22,0015,2822,2823,2821,2822,209,284328,0
2026/04/22,0020,2822,2822,2821,2822,109,284286,0
2026/04/22,0025,2822,2823,2821,2821,301,284271,0
2026/04/22,0030,2821,2822,2821,2822,92,284243,0
2026/04/22,0035,2822,2822,2820,2821,309,284174,0
2026/04/22,0040,2820,2821,2820,2820,301,284158,0
2026/04/22,0045,2820,2820,2818,2820,972,284043,0
2026/04/22,0050,2820,2820,2818,2818,265,284086,0
2026/04/22,0055,2819,2820,2818,2819,395,283969,0
2026/04/22,0100,2818,2821,2816,2819,1960,283289,0
2026/04/22,0905,2820,2822,2813,2820,7521,283982,0
2026/04/22,0910,2820,2820,2815,2816,3821,284535,0
2026/04/22,0915,2817,2819,2815,2817,3020,285154,0
2026/04/22,0920,2816,2818,2815,2815,1870,285566,0
2026/04/22,0925,2816,2821,2814,2820,2902,285493,0
2026/04/22,0930,2820,2821,2818,2819,2558,285846,0
2026/04/22,0935,2819,2823,2819,2823,2019,285643,0
2026/04/22,0940,2823,2828,2821,2826,4421,285395,0
2026/04/22,0945,2827,2827,2823,2827,2582,285415,0
2026/04/22,0950,2826,2831,2826,2828,5842,285127,0
2026/04/22,0955,2829,2831,2827,2831,3035,284929,0
2026/04/22,1000,2830,2832,2829,2829,2384,284831,0
2026/04/22,1005,2829,2835,2829,2831,3842,284771,0
2026/04/22,1010,2831,2832,2829,2830,2431,284848,0
2026/04/22,1015,2829,2834,2829,2833,2294,284457,0
2026/04/22,1035,2833,2835,2829,2830,3046,284534,0
2026/04/22,1040,2829,2833,2827,2832,2690,284169,0
2026/04/22,1045,2831,2833,2830,2832,1381,284017,0
2026/04/22,1050,2832,2832,2829,2831,1342,284211,0
2026/04/22,1055,2831,2837,2831,2835,3112,284165,0
2026/04/22,1100,2835,2836,2834,2835,2059,284292,0
2026/04/22,1105,2836,2837,2833,2836,1900,284468,0
2026/04/22,1110,2835,2839,2835,2836,2585,284281,0
2026/04/22,1115,2836,2839,2836,2837,2213,284086,0
2026/04/22,1120,2837,2837,2832,2832,3526,284073,0
2026/04/22,1125,2832,2833,2830,2831,1816,283712,0
2026/04/22,1130,2830,2834,2830,2833,1861,283475,0
2026/04/22,1335,2832,2834,2829,2830,3558,283249,0
2026/04/22,1340,2831,2833,2830,2832,2077,282847,0
2026/04/22,1345,2832,2832,2827,2829,3266,282791,0
2026/04/22,1350,2829,2833,2826,2830,4737,282770,0
2026/04/22,1355,2830,2832,2828,2831,1836,283077,0
2026/04/22,1400,2831,2833,2830,2831,1842,283180,0
2026/04/22,1405,2831,2833,2830,2831,1640,283357,0
2026/04/22,1410,2831,2833,2830,2832,701,283474,0
2026/04/22,1415,2832,2833,2830,2831,682,283359,0
2026/04/22,1420,2831,2834,2830,2833,2008,283403,0
2026/04/22,1425,2832,2833,2830,2830,1191,283528,0
2026/04/22,1430,2831,2837,2831,2835,2707,283538,0
2026/04/22,1435,2835,2836,2832,2834,1856,283852,0
2026/04/22,1440,2834,2836,2833,2834,1745,284163,0
2026/04/22,1445,2835,2835,2832,2833,1691,284291,0
2026/04/22,1450,2832,2835,2831,2833,1752,284170,0
2026/04/22,1455,2834,2835,2833,2835,2223,283699,0
2026/04/22,1500,2834,2838,2834,2837,5955,283485,0
2026/04/23,2105,2847,2857,2840,2848,32444,284083,0
2026/04/23,2110,2849,2862,2848,2857,16781,285293,0
2026/04/23,2115,2858,2864,2856,2862,14416,285668,0
2026/04/23,2120,2861,2865,2856,2856,10221,285489,0
2026/04/23,2125,2856,2859,2855,2856,5232,285640,0
2026/04/23,2130,2857,2860,2854,2858,5613,286306,0
2026/04/23,2135,2858,2863,2858,2859,4590,287006,0
2026/04/23,2140,2859,2860,2857,2857,2443,286697,0
2026/04/23,2145,2857,2859,2854,2856,3809,286811,0
2026/04/23,2150,2857,2858,2856,2858,1471,286906,0
2026/04/23,2155,2858,2861,2857,2859,3004,287163,0
2026/04/23,2200,2859,2862,2858,2860,2474,287355,0
2026/04/23,2205,2860,2861,2848,2849,10741,286541,0
2026/04/23,2210,2848,2853,2848,2851,3617,286441,0
2026/04/23,2215,2850,2851,2846,2851,3572,286859,0
2026/04/23,2220,2850,2851,2849,2849,1677,287159,0
2026/04/23,2225,2849,2851,2848,2850,2361,287184,0
2026/04/23,2230,2851,2851,2845,2846,4080,286839,0
2026/04/23,2235,2847,2847,2842,2846,5290,286970,0
2026/04/23,2240,2846,2847,2844,2846,1704,287188,0
2026/04/23,2245,2845,2846,2843,2845,1976,287505,0
2026/04/23,2250,2845,2849,2845,2848,2236,287613,0
2026/04/23,2255,2847,2851,2847,2851,2539,287841,0
2026/04/23,2300,2851,2851,2845,2846,3581,288895,0
2026/04/23,2305,2846,2850,2844,2849,3273,290227,0
2026/04/23,2310,2848,2850,2847,2849,1825,291077,0
2026/04/23,2315,2848,2851,2847,2849,1582,291362,0
2026/04/23,2320,2849,2850,2849,2849,820,291508,0
2026/04/23,2325,2850,2851,2848,2850,1032,291508,0
2026/04/23,2330,2850,2850,2849,2849,438,291636,0
2026/04/23,2335,2850,2850,2848,2849,833,291679,0
2026/04/23,2340,2848,2849,2847,2848,604,291562,0
2026/04/23,2345,2847,2849,2847,2849,640,291521,0
2026/04/23,2350,2848,2849,2847,2848,452,291572,0
2026/04/23,2355,2847,2849,2847,2848,461,291491,0
2026/04/23,0000,2847,2849,2847,2849,359,291435,0
2026/04/23,0005,2849,2849,2847,2848,373,291403,0
2026/04/23,0010,2848,2849,2848,2849,235,291369,0
2026/04/23,0015,2849,2849,2848,2848,132,291304,0
2026/04/23,0020,2849,2849,2848,2848,118,291291,0
2026/04/23,0025,2848,2849,2847,2848,284,291301,0
2026/04/23,0030,2848,2848,2847,2848,165,291246,0
2026/04/23,0035,2848,2849,2847,2848,556,291115,0
2026/04/23,0040,2848,2849,2847,2849,297,291069,0
2026/04/23,0045,2848,2849,2847,2849,241,290995,0
2026/04/23,0050,2849,2849,2847,2848,263,290927,0
2026/04/23,0055,2849,2849,2848,2848,289,290815,0
2026/04/23,0100,2848,2851,2848,2849,1586,289915,0
2026/04/23,0905,2849,2855,2846,2848,8682,288485,0
2026/04/23,0910,2847,2848,2837,2841,10081,287469,0
2026/04/23,0915,2840,2841,2835,2837,6506,286936,0
2026/04/23,0920,2838,2841,2836,2840,2812,287065,0
2026/04/23,0925,2840,2845,2840,2843,3763,287041,0
2026/04/23,0930,2843,2844,2841,2842,1954,287113,0
2026/04/23,0935,2842,2844,2840,2840,1461,287020,0
2026/04/23,0940,2840,2841,2837,2839,3039,287025,0
2026/04/23,0945,2839,2839,2834,2835,3626,286383,0
2026/04/23,0950,2834,2838,2833,2833,2249,286479,0
2026/04/23,0955,2833,2835,2831,2831,3370,285733,0
2026/04/23,1000,2831,2833,2829,2832,5288,284510,0
2026/04/23,1005,2832,2834,2828,2829,3274,284725,0
2026/04/23,1010,2829,2834,2828,2834,2463,284487,0
2026/04/23,1015,2833,2836,2832,2836,1800,284456,0
2026/04/23,1035,2836,2837,2832,2832,1828,284665,0
2026/04/23,1040,2832,2836,2832,2835,2122,285296,0
2026/04/23,1045,2835,2836,2833,2836,1978,285264,0
2026/04/23,1050,2836,2836,2829,2832,2574,285539,0
2026/04/23,1055,2831,2833,2830,2831,1354,285702,0
2026/04/23,1100,2831,2834,2831,2832,1475,285589,0
2026/04/23,1105,2832,2834,2831,2834,1106,285503,0
2026/04/23,1110,2834,2835,2831,2833,1118,285380,0
2026/04/23,1115,2833,2833,2829,2831,1907,285395,0
2026/04/23,1120,2830,2832,2826,2828,3187,285204,0
2026/04/23,1125,2828,2831,2827,2829,1936,285077,0
2026/04/23,1130,2829,2831,2828,2831,1061,285029,0
2026/04/23,1335,2830,2836,2830,2836,2879,284814,0
2026/04/23,1340,2836,2837,2829,2831,4075,284679,0
2026/04/23,1345,2831,2836,2831,2835,1840,284918,0
2026/04/23,1350,2836,2837,2834,2836,1642,284911,0
2026/04/23,1355,2836,2836,2833,2835,704,284872,0
2026/04/23,1400,2835,2835,2833,2835,904,284818,0
2026/04/23,1405,2836,2838,2835,2838,2544,285026,0
2026/04/23,1410,2837,2838,2830,2832,3328,285179,0
2026/04/23,1415,2832,2832,2821,2825,8650,285257,0
2026/04/23,1420,2826,2828,2823,2823,2599,285139,0
2026/04/23,1425,2824,2829,2823,2826,2332,285432,0
2026/04/23,1430,2827,2830,2826,2829,1299,285315,0
2026/04/23,1435,2829,2830,2828,2828,1481,285150,0
2026/04/23,1440,2828,2830,2826,2828,1644,285294,0
2026/04/23,1445,2827,2828,2821,2822,4361,285778,0
2026/04/23,1450,2823,2824,2822,2823,2416,286125,0
2026/04/23,1455,2822,2824,2819,2821,5767,286513,0
2026/04/23,1500,2820,2825,2820,2822,4521,286166,0
2026/04/24,2105,2824,2834,2811,2830,17344,286396,0
2026/04/24,2110,2830,2836,2828,2835,6063,286412,0
2026/04/24,2115,2835,2837,2833,2837,5141,286331,0
2026/04/24,2120,2836,2837,2834,2835,3983,286727,0
2026/04/24,2125,2835,2842,2835,2841,7132,287953,0
2026/04/24,2130,2841,2846,2840,2840,8057,288034,0
2026/04/24,2135,2840,2842,2837,2839,4327,287998,0
2026/04/24,2140,2839,2841,2838,2840,1525,287883,0
2026/04/24,2145,2840,2840,2837,2838,1599,287894,0
2026/04/24,2150,2839,2840,2838,2838,1149,287890,0
2026/04/24,2155,2838,2839,2836,2836,2190,287652,0
2026/04/24,2200,2836,2838,2836,2836,1408,287577,0
2026/04/24,2205,2836,2837,2834,2836,2327,287063,0
2026/04/24,2210,2835,2836,2834,2834,1480,287113,0
2026/04/24,2215,2834,2835,2829,2834,4607,287218,0
2026/04/24,2220,2834,2834,2830,2834,2128,287801,0
2026/04/24,2225,2834,2834,2831,2832,1168,288188,0
2026/04/24,2230,2832,2834,2831,2833,1292,288179,0
2026/04/24,2235,2833,2836,2833,2836,1554,288367,0
2026/04/24,2240,2836,2838,2835,2836,1945,288520,0
2026/04/24,2245,2836,2837,2836,2837,964,288498,0
2026/04/24,2250,2836,2837,2835,2837,589,288530,0
2026/04/24,2255,2836,2837,2836,2837,457,288566,0
2026/04/24,2300,2836,2837,2835,2835,923,288694,0
2026/04/24,2305,2836,2844,2835,2842,8862,291399,0
2026/04/24,2310,2842,2842,2837,2839,2858,292199,0
2026/04/24,2315,2838,2840,2838,2839,606,292108,0
2026/04/24,2320,2840,2840,2836,2837,1898,291982,0
2026/04/24,2325,2837,2837,2836,2836,686,291794,0
2026/04/24,2330,2836,2838,2835,2838,1235,291779,0
2026/04/24,2335,2838,2839,2837,2838,787,291799,0
2026/04/24,2340,2837,2838,2837,2838,290,291796,0
2026/04/24,2345,2837,2838,2835,2835,603,291644,0
2026/04/24,2350,2835,2837,2835,2836,884,291530,0
2026/04/24,2355,2836,2838,2836,2837,429,291745,0
2026/04/24,0000,2837,2838,2836,2836,373,291641,0
2026/04/24,0005,2836,2837,2835,2836,477,291608,0
2026/04/24,0010,2835,2837,2835,2836,339,291509,0
2026/04/24,0015,2836,2836,2835,2835,364,291382,0
2026/04/24,0020,2836,2836,2835,2836,64,291380,0
2026/04/24,0025,2836,2836,2835,2835,142,291362,0
2026/04/24,0030,2835,2836,2835,2836,124,291296,0
2026/04/24,0035,2836,2836,2835,2835,73,291260,0
2026/04/24,0040,2835,2836,2835,2835,88,291216,0
2026/04/24,0045,2836,2836,2835,2835,98,291184,0
2026/04/24,0050,2835,2836,2835,2835,151,291142,0
2026/04/24,0055,2836,2837,2835,2836,675,290878,0
2026/04/24,0100,2835,2837,2835,2836,846,290339,0
2026/04/24,0905,2837,2838,2830,2831,7870,289743,0
2026/04/24,0910,2831,2833,2828,2832,4589,289231,0
2026/04/24,0915,2832,2834,2830,2832,1914,289320,0
2026/04/24,0920,2832,2832,2830,2832,1356,289074,0
2026/04/24,0925,2831,2832,2828,2829,2332,289047,0
2026/04/24,0930,2828,2831,2827,2830,1917,289428,0
2026/04/24,0935,2830,2830,2823,2823,4484,289222,0
2026/04/24,0940,2824,2826,2818,2819,6839,288783,0
2026/04/24,0945,2820,2822,2819,2820,3108,289044,0
2026/04/24,0950,2820,2820,2802,2807,17626,288425,0
2026/04/24,0955,2807,2812,2805,2811,7370,288955,0
2026/04/24,1000,2811,2815,2810,2812,4486,288924,0
2026/04/24,1005,2813,2814,2807,2810,4107,289651,0
2026/04/24,1010,2811,2815,2810,2815,2149,289566,0
2026/04/24,1015,2814,2817,2813,2816,2385,289047,0
2026/04/24,1035,2815,2816,2807,2810,4040,288756,0
2026/04/24,1040,2810,2816,2810,2816,2429,288480,0
2026/04/24,1045,2815,2816,2814,2815,1067,288544,0
2026/04/24,1050,2816,2819,2815,2816,2037,288293,0
2026/04/24,1055,2816,2820,2816,2819,1797,288091,0
2026/04/24,1100,2819,2823,2818,2823,3513,287786,0
2026/04/24,1105,2823,2824,2821,2823,1929,287598,0
2026/04/24,1110,2824,2824,2820,2822,1677,287145,0
2026/04/24,1115,2821,2822,2819,2820,1026,286963,0
2026/04/24,1120,2819,2820,2816,2820,2239,286725,0
2026/04/24,1125,2820,2824,2818,2823,2194,286593,0
2026/04/24,1130,2824,2824,2820,2822,1637,286109,0
2026/04/24,1335,2821,2822,2817,2820,3012,286643,0
2026/04/24,1340,2820,2821,2818,2819,1021,286797,0
2026/04/24,1345,2820,2821,2819,2820,1282,286820,0
2026/04/24,1350,2820,2820,2812,2817,3680,286876,0
2026/04/24,1355,2817,2817,2815,2815,1133,286901,0
2026/04/24,1400,2816,2818,2814,2817,1427,286694,0
2026/04/24,1405,2817,2820,2817,2817,992,286719,0
2026/04/24,1410,2817,2819,2817,2818,659,286893,0
2026/04/24,1415,2818,2819,2815,2816,1377,287038,0
2026/04/24,1420,2816,2818,2815,2817,2064,286842,0
2026/04/24,1425,2816,2817,2811,2812,2710,286690,0
2026/04/24,1430,2812,2817,2812,2815,2190,286569,0
2026/04/24,1435,2814,2815,2809,2810,3217,286913,0
2026/04/24,1440,2811,2811,2808,2811,2734,287107,0
2026/04/24,1445,2810,2811,2807,2808,2288,287499,0
2026/04/24,1450,2807,2810,2804,2807,4361,287463,0
2026/04/24,1455,2807,2807,2804,2804,4082,287418,0
2026/04/24,1500,2804,2807,2802,2807,7767,287256,0
2026/04/27,2105,2870,2870,2844,2850,68395,282315,0
2026/04/27,2110,2850,2861,2849,2858,20488,282513,0
2026/04/27,2115,2858,2881,2858,2877,36979,282923,0
2026/04/27,2120,2877,2888,2875,2878,30479,284363,0
2026/04/27,2125,2878,2882,2874,2879,13428,285282,0
2026/04/27,2130,2879,2884,2876,2882,14214,286142,0
2026/04/27,2135,2883,2896,2882,2892,25358,289594,0
2026/04/27,2140,2891,2899,2891,2898,22793,293287,0
2026/04/27,2145,2898,2899,2883,2887,23935,289369,0
2026/04/27,2150,2887,2895,2883,2885,14793,288344,0
2026/04/27,2155,2885,2886,2876,2878,16139,286392,0
2026/04/27,2200,2878,2885,2877,2884,8678,286061,0
2026/04/27,2205,2884,2887,2879,2885,8442,286371,0
2026/04/27,2210,2885,2889,2882,2884,6787,285423,0
2026/04/27,2215,2883,2886,2882,2883,5070,284955,0
2026/04/27,2220,2884,2887,2879,2879,5570,284740,0
2026/04/27,2225,2879,2883,2877,2882,8260,284562,0
2026/04/27,2230,2882,2886,2882,2884,3864,284417,0
2026/04/27,2235,2883,2887,2883,2885,3502,284576,0
2026/04/27,2240,2885,2885,2881,2883,2910,284055,0
2026/04/27,2245,2882,2883,2877,2878,4742,284577,0
2026/04/27,2250,2878,2881,2877,2881,2284,284391,0
2026/04/27,2255,2880,2884,2878,2880,4048,284099,0
2026/04/27,2300,2880,2884,2878,2884,3752,284008,0
2026/04/27,2305,2883,2884,2880,2881,3506,285231,0
2026/04/27,2310,2880,2881,2878,2881,2768,286081,0
2026/04/27,2315,2880,2884,2880,2881,2830,286330,0
2026/04/27,2320,2881,2883,2880,2882,1099,286262,0
2026/04/27,2325,2882,2885,2882,2883,3160,286536,0
2026/04/27,2330,2884,2888,2883,2886,3642,286993,0
2026/04/27,2335,2886,2891,2884,2885,6148,286745,0
2026/04/27,2340,2886,2887,2884,2886,2136,286920,0
2026/04/27,2345,2886,2891,2885,2891,3459,287685,0
2026/04/27,2350,2890,2892,2888,2888,3604,287229,0
2026/04/27,2355,2888,2889,2888,2888,899,287190,0
2026/04/27,0000,2889,2889,2887,2889,1126,287079,0
2026/04/27,0005,2889,2892,2887,2891,3166,286670,0
2026/04/27,0010,2891,2894,2891,2891,2859,286826,0
2026/04/27,0015,2892,2892,2889,2892,1639,286804,0
2026/04/27,0020,2891,2893,2891,2892,1349,286552,0
2026/04/27,0025,2893,2894,2891,2892,1335,286348,0
2026/04/27,0030,2891,2892,2890,2891,1054,286077,0
2026/04/27,0035,2891,2892,2887,2887,2767,285300,0
2026/04/27,0040,2888,2889,2887,2888,691,285284,0
2026/04/27,0045,2889,2892,2888,2889,1630,284751,0
2026/04/27,0050,2889,2892,2889,2891,882,284383,0
2026/04/27,0055,2892,2892,2888,2889,1177,283987,0
2026/04/27,0100,2890,2895,2889,2894,4579,282001,0
2026/04/27,0905,2885,2888,2872,2887,30920,279546,0
2026/04/27,0910,2887,2895,2884,2885,13734,281411,0
2026/04/27,0915,2885,2889,2883,2885,5963,281435,0
2026/04/27,0920,2885,2886,2881,2885,5109,281352,0
2026/04/27,0925,2885,2885,2874,2877,10015,280333,0
2026/04/27,0930,2876,2878,2870,2872,7520,279795,0
2026/04/27,0935,2871,2874,2866,2873,11031,278221,0
2026/04/27,0940,2873,2878,2869,2876,5630,278366,0
2026/04/27,0945,2875,2882,2875,2881,4985,277794,0
2026/04/27,0950,2882,2884,2880,2882,3492,277925,0
2026/04/27,0955,2881,2884,2878,2883,2781,277870,0
2026/04/27,1000,2883,2885,2881,2883,2386,278149,0
2026/04/27,1005,2882,2895,2880,2891,7862,278996,0
2026/04/27,1010,2892,2901,2892,2895,12062,280188,0
2026/04/27,1015,2895,2895,2890,2893,3205,280160,0
2026/04/27,1035,2893,2910,2892,2905,16273,282066,0
2026/04/27,1040,2905,2921,2905,2916,20041,284012,0
2026/04/27,1045,2916,2918,2913,2914,8402,285183,0
2026/04/27,1050,2914,2924,2914,2915,11813,286302,0
2026/04/27,1055,2916,2918,2908,2913,8717,285221,0
2026/04/27,1100,2913,2914,2907,2909,4532,284517,0
2026/04/27,1105,2908,2913,2907,2913,4204,284954,0
2026/04/27,1110,2912,2917,2910,2917,5672,285054,0
2026/04/27,1115,2916,2920,2914,2915,5172,286062,0
2026/04/27,1120,2915,2919,2915,2915,3044,286501,0
2026/04/27,1125,2915,2920,2915,2919,2971,286766,0
2026/04/27,1130,2919,2921,2914,2919,5304,286811,0
2026/04/27,1335,2919,2930,2917,2925,15166,288449,0
2026/04/27,1340,2925,2930,2922,2924,7028,289057,0
2026/04/27,1345,2924,2926,2920,2923,4593,288529,0
2026/04/27,1350,2922,2923,2913,2915,8511,287757,0
2026/04/27,1355,2914,2919,2914,2919,4822,288679,0
2026/04/27,1400,2919,2921,2914,2914,4389,288554,0
2026/04/27,1405,2915,2916,2910,2914,5113,288733,0
2026/04/27,1410,2915,2915,2910,2913,4143,288624,0
2026/04/27,1415,2913,2916,2908,2916,4301,288401,0
2026/04/27,1420,2916,2917,2914,2916,2738,288669,0
2026/04/27,1425,2916,2918,2913,2918,2556,288869,0
2026/04/27,1430,2917,2920,2914,2916,3145,289125,0
2026/04/27,1435,2916,2919,2912,2913,4140,288758,0
2026/04/27,1440,2913,2915,2912,2913,1705,288285,0
2026/04/27,1445,2914,2914,2911,2914,2393,287706,0
2026/04/27,1450,2914,2916,2913,2913,2818,287618,0
2026/04/27,1455,2914,2914,2907,2909,5960,286564,0
2026/04/27,1500,2910,2910,2896,2899,21392,282511,0
2026/04/28,2105,2907,2920,2900,2919,25163,281162,0
2026/04/28,2110,2919,2923,2901,2906,18903,280978,0
2026/04/28,2115,2906,2909,2901,2907,8910,281107,0
2026/04/28,2120,2907,2908,2902,2904,5432,280841,0
2026/04/28,2125,2905,2906,2902,2905,5082,281299,0
2026/04/28,2130,2905,2909,2903,2906,4081,281238,0
2026/04/28,2135,2906,2907,2903,2904,2972,281413,0
2026/04/28,2140,2904,2906,2898,2899,6098,280740,0
2026/04/28,2145,2899,2903,2894,2896,8141,280384,0
2026/04/28,2150,2896,2898,2889,2897,11501,280584,0
2026/04/28,2155,2898,2901,2896,2896,5847,280863,0
2026/04/28,2200,2897,2900,2896,2898,2445,280930,0
2026/04/28,2205,2899,2899,2894,2897,2921,281138,0
2026/04/28,2210,2897,2897,2893,2896,2306,281364,0
2026/04/28,2215,2896,2896,2889,2891,5942,281902,0
2026/04/28,2220,2890,2891,2881,2883,13663,282663,0
2026/04/28,2225,2883,2886,2881,2886,5920,283502,0
2026/04/28,2230,2887,2888,2882,2885,5478,283481,0
2026/04/28,2235,2885,2890,2883,2889,4077,284048,0
2026/04/28,2240,2889,2892,2888,2891,4463,284549,0
2026/04/28,2245,2890,2893,2885,2886,5006,284714,0
2026/04/28,2250,2885,2887,2883,2886,3370,284770,0
2026/04/28,2255,2886,2886,2877,2883,10579,284803,0
2026/04/28,2300,2883,2883,2876,2878,6672,285322,0
2026/04/28,2305,2878,2880,2876,2877,6069,286949,0
2026/04/28,2310,2876,2880,2875,2877,4619,287501,0
2026/04/28,2315,2877,2880,2877,2878,2376,288278,0
2026/04/28,2320,2879,2880,2877,2879,2882,288797,0
2026/04/28,2325,2879,2879,2878,2879,691,288762,0
2026/04/28,2330,2878,2879,2877,2878,1256,288627,0
2026/04/28,2335,2878,2880,2877,2879,1840,288792,0
2026/04/28,2340,2879,2880,2877,2879,1247,288713,0
2026/04/28,2345,2878,2879,2877,2878,740,288541,0
2026/04/28,2350,2877,2878,2873,2875,3889,287745,0
2026/04/28,2355,2876,2878,2875,2877,814,287718,0
2026/04/28,0000,2877,2877,2876,2876,521,287681,0
2026/04/28,0005,2876,2879,2876,2878,1250,287550,0
2026/04/28,0010,2878,2878,2876,2877,413,287651,0
2026/04/28,0015,2877,2878,2876,2877,293,287597,0
2026/04/28,0020,2877,2878,2876,2877,439,287545,0
2026/04/28,0025,2878,2878,2877,2878,408,287528,0
2026/04/28,0030,2878,2878,2876,2876,541,287459,0
2026/04/28,0035,2877,2878,2876,2877,367,287323,0
2026/04/28,0040,2877,2877,2876,2877,177,287248,0
2026/04/28,0045,2876,2877,2876,2877,221,287113,0
2026/04/28,0050,2877,2879,2875,2877,1018,286727,0
2026/04/28,0055,2878,2880,2877,2879,1025,286525,0
2026/04/28,0100,2878,2879,2876,2877,1492,285894,0
2026/04/28,0905,2878,2884,2868,2870,14700,285582,0
2026/04/28,0910,2870,2872,2858,2859,13834,285042,0
2026/04/28,0915,2859,2872,2859,2869,9870,285011,0
2026/04/28,0920,2870,2876,2868,2874,6646,283872,0
2026/04/28,0925,2874,2876,2870,2875,3930,284620,0
2026/04/28,0930,2875,2875,2867,2867,3922,284272,0
2026/04/28,0935,2867,2872,2867,2871,1905,284055,0
2026/04/28,0940,2871,2872,2864,2867,3480,283829,0
2026/04/28,0945,2867,2870,2864,2868,2760,283172,0
2026/04/28,0950,2868,2870,2863,2864,3480,283568,0
2026/04/28,0955,2863,2866,2862,2864,2757,283342,0
2026/04/28,1000,2865,2867,2860,2863,4046,282905,0
2026/04/28,1005,2863,2867,2860,2862,3945,282992,0
2026/04/28,1010,2862,2864,2856,2863,6039,282547,0
2026/04/28,1015,2863,2864,2861,2862,1932,282257,0
2026/04/28,1035,2862,2865,2861,2863,2377,282159,0
2026/04/28,1040,2863,2864,2860,2860,2190,282293,0
2026/04/28,1045,2861,2867,2860,2865,3592,282707,0
2026/04/28,1050,2865,2868,2860,2861,2954,283058,0
2026/04/28,1055,2861,2862,2858,2860,2372,283024,0
2026/04/28,1100,2860,2864,2858,2861,1930,283047,0
2026/04/28,1105,2861,2863,2860,2862,1609,283241,0
2026/04/28,1110,2861,2862,2855,2861,2991,283350,0
2026/04/28,1115,2861,2863,2859,2862,1632,283540,0
2026/04/28,1120,2863,2871,2862,2869,4110,283205,0
2026/04/28,1125,2870,2872,2868,2871,3159,283200,0
2026/04/28,1130,2870,2872,2867,2868,2351,282510,0
2026/04/28,1335,2869,2871,2865,2868,3476,282707,0
2026/04/28,1340,2867,2871,2863,2863,4415,283307,0
2026/04/28,1345,2864,2869,2863,2868,4283,283439,0
2026/04/28,1350,2869,2876,2869,2876,5458,283845,0
2026/04/28,1355,2875,2876,2868,2871,3058,283444,0
2026/04/28,1400,2871,2877,2870,2871,4190,283152,0
2026/04/28,1405,2872,2873,2866,2870,3206,283263,0
2026/04/28,1410,2869,2872,2869,2871,2044,283458,0
2026/04/28,1415,2871,2875,2871,2875,1566,283720,0
2026/04/28,1420,2875,2877,2873,2876,2544,283930,0
2026/04/28,1425,2875,2876,2870,2873,2894,284247,0
2026/04/28,1430,2872,2875,2869,2870,2405,283855,0
2026/04/28,1435,2870,2872,2867,2870,2892,283492,0
2026/04/28,1440,2870,2873,2869,2872,1709,283654,0
2026/04/28,1445,2871,2874,2871,2873,1125,283715,0
2026/04/28,1450,2873,2875,2873,2874,1999,283801,0
2026/04/28,1455,2874,2874,2870,2872,2883,284059,0
2026/04/28,1500,2871,2875,2871,2875,4947,283315,0
2026/04/29,2105,2868,2875,2863,2872,14515,284650,0
2026/04/29,2110,2872,2879,2866,2867,9311,285901,0
2026/04/29,2115,2867,2868,2858,2861,12108,286644,0
2026/04/29,2120,2861,2861,2851,2857,12637,286749,0
2026/04/29,2125,2857,2859,2855,2859,4980,286819,0
2026/04/29,2130,2859,2859,2855,2857,2844,287503,0
2026/04/29,2135,2857,2857,2848,2852,9168,286675,0
2026/04/29,2140,2853,2855,2851,2854,4420,287092,0
2026/04/29,2145,2854,2855,2853,2853,1874,287165,0
2026/04/29,2150,2854,2854,2849,2853,3737,287782,0
2026/04/29,2155,2853,2853,2842,2844,9573,287404,0
2026/04/29,2200,2844,2849,2843,2848,5340,287167,0
2026/04/29,2205,2848,2848,2843,2845,4177,287201,0
2026/04/29,2210,2844,2847,2843,2847,3154,287913,0
2026/04/29,2215,2847,2850,2845,2849,3915,287757,0
2026/04/29,2220,2850,2851,2848,2851,2187,287685,0
2026/04/29,2225,2850,2853,2850,2853,3052,287597,0
2026/04/29,2230,2853,2853,2850,2850,1721,287382,0
2026/04/29,2235,2850,2851,2845,2847,3847,288065,0
2026/04/29,2240,2847,2847,2844,2844,2902,288848,0
2026/04/29,2245,2844,2848,2843,2845,3326,289187,0
2026/04/29,2250,2845,2849,2845,2847,2000,289420,0
2026/04/29,2255,2847,2849,2844,2844,3413,289532,0
2026/04/29,2300,2844,2853,2844,2852,3883,289602,0
2026/04/29,2305,2852,2852,2849,2850,3949,291649,0
2026/04/29,2310,2849,2851,2848,2850,1790,292287,0
2026/04/29,2315,2850,2850,2848,2849,808,292200,0
2026/04/29,2320,2849,2850,2849,2849,772,292262,0
2026/04/29,2325,2850,2852,2850,2850,1090,292190,0
2026/04/29,2330,2851,2851,2850,2851,495,292066,0
2026/04/29,2335,2851,2852,2850,2850,522,292096,0
2026/04/29,2340,2851,2851,2850,2851,316,291929,0
2026/04/29,2345,2850,2851,2849,2850,422,291847,0
2026/04/29,2350,2850,2850,2849,2849,351,291676,0
2026/04/29,2355,2850,2850,2847,2847,859,291517,0
2026/04/29,0000,2847,2849,2847,2849,345,291351,0
2026/04/29,0005,2848,2849,2848,2848,218,291232,0
2026/04/29,0010,2849,2849,2847,2847,378,291269,0
2026/04/29,0015,2847,2849,2847,2848,616,291065,0
2026/04/29,0020,2848,2849,2847,2848,163,291053,0
2026/04/29,0025,2848,2848,2847,2847,145,291029,0
2026/04/29,0030,2847,2848,2847,2848,135,290974,0
2026/04/29,0035,2848,2848,2847,2847,169,290888,0
2026/04/29,0040,2848,2848,2847,2848,122,290885,0
2026/04/29,0045,2847,2849,2847,2848,203,290850,0
2026/04/29,0050,2848,2849,2848,2848,191,290764,0
2026/04/29,0055,2849,2853,2848,2852,1281,290232,0
2026/04/29,0100,2851,2852,2849,2851,1240,289582,0
2026/04/29,0905,2853,2859,2848,2849,11521,288805,0
2026/04/29,0910,2850,2857,2849,2855,3432,288961,0
2026/04/29,0915,2856,2859,2853,2857,3900,289043,0
2026/04/29,0920,2857,2858,2855,2856,2459,289304,0
2026/04/29,0925,2856,2857,2855,2856,1779,289261,0
2026/04/29,0930,2856,2859,2853,2857,2456,288790,0
2026/04/29,0935,2857,2859,2856,2859,1552,288838,0
2026/04/29,0940,2859,2860,2856,2857,1801,288623,0
2026/04/29,0945,2856,2857,2853,2855,1869,288514,0
2026/04/29,0950,2854,2859,2854,2856,1571,288173,0
2026/04/29,0955,2856,2860,2856,2860,1389,288067,0
2026/04/29,1000,2859,2862,2857,2859,1958,287854,0
2026/04/29,1005,2858,2862,2857,2861,2341,287761,0
2026/04/29,1010,2860,2862,2859,2859,1447,287648,0
2026/04/29,1015,2860,2864,2859,2864,2989,287342,0
2026/04/29,1035,2863,2864,2860,2863,2771,287059,0
2026/04/29,1040,2863,2865,2862,2862,2413,286865,0
2026/04/29,1045,2862,2865,2862,2864,1064,286608,0
2026/04/29,1050,2864,2865,2861,2862,1758,286235,0
2026/04/29,1055,2861,2864,2860,2863,1286,285805,0
2026/04/29,1100,2862,2864,2861,2863,1170,285748,0
2026/04/29,1105,2863,2865,2863,2864,1052,285710,0
2026/04/29,1110,2865,2868,2863,2866,2810,285198,0
2026/04/29,1115,2866,2870,2866,2868,4018,284986,0
2026/04/29,1120,2868,2874,2868,2871,3926,284508,0
2026/04/29,1125,2870,2871,2867,2869,3120,283913,0
2026/04/29,1130,2870,2873,2867,2869,2474,283595,0
2026/04/29,1335,2869,2871,2867,2868,2649,283118,0
2026/04/29,1340,2869,2871,2865,2865,3278,283163,0
2026/04/29,1345,2865,2870,2865,2868,1984,283462,0
2026/04/29,1350,2868,2870,2867,2869,2322,283921,0
2026/04/29,1355,2868,2869,2863,2863,2373,283623,0
2026/04/29,1400,2863,2867,2862,2867,2770,283352,0
2026/04/29,1405,2867,2867,2864,2864,1227,283226,0
2026/04/29,1410,2865,2867,2864,2865,1178,283150,0
2026/04/29,1415,2866,2866,2862,2863,2100,282857,0
2026/04/29,1420,2863,2866,2862,2866,1608,282750,0
2026/04/29,1425,2866,2866,2861,2861,1492,282321,0
2026/04/29,1430,2861,2867,2861,2866,2323,282623,0
2026/04/29,1435,2866,2869,2865,2868,2198,282777,0
2026/04/29,1440,2867,2868,2864,2866,2267,283068,0
2026/04/29,1445,2866,2866,2863,2864,943,283087,0
2026/04/29,1450,2864,2867,2861,2863,3414,282821,0
2026/04/29,1455,2863,2863,2854,2856,7216,281862,0
2026/04/29,1500,2855,2863,2854,2862,5439,281047,0
2026/04/30,2105,2867,2873,2860,2861,13960,282981,0
2026/04/30,2110,2861,2861,2855,2858,5887,284272,0
2026/04/30,2115,2859,2859,2855,2856,3129,285258,0
2026/04/30,2120,2857,2861,2856,2860,3131,285692,0
2026/04/30,2125,2859,2867,2858,2867,5395,285983,0
2026/04/30,2130,2867,2867,2863,2863,3124,286459,0
2026/04/30,2135,2863,2873,2863,2872,5205,286805,0
2026/04/30,2140,2873,2882,2870,2875,13860,286924,0
2026/04/30,2145,2875,2881,2873,2876,6768,287915,0
2026/04/30,2150,2876,2878,2871,2872,5050,287930,0
2026/04/30,2155,2872,2877,2869,2875,4973,288085,0
2026/04/30,2200,2875,2880,2873,2880,3997,288553,0
2026/04/30,2205,2879,2882,2875,2875,5924,289069,0
2026/04/30,2210,2874,2876,2872,2872,2674,288697,0
2026/04/30,2215,2872,2874,2870,2871,2640,288795,0
2026/04/30,2220,2871,2873,2868,2870,3508,288788,0
2026/04/30,2225,2870,2873,2869,2872,1771,288984,0
2026/04/30,2230,2873,2873,2867,2870,3165,288545,0
2026/04/30,2235,2871,2872,2868,2869,1444,288505,0
2026/04/30,2240,2869,2871,2868,2868,1192,288579,0
2026/04/30,2245,2869,2869,2865,2869,3369,288163,0
2026/04/30,2250,2869,2874,2868,2874,2153,288405,0
2026/04/30,2255,2873,2878,2873,2877,5591,288861,0
2026/04/30,2300,2878,2881,2875,2877,6299,289538,0
2026/04/30,2305,2878,2886,2875,2883,12529,292351,0
2026/04/30,2310,2882,2883,2879,2881,3867,293241,0
2026/04/30,2315,2880,2881,2876,2878,3694,292574,0
2026/04/30,2320,2877,2878,2875,2876,3050,292397,0
2026/04/30,2325,2876,2878,2876,2877,1759,292545,0
2026/04/30,2330,2876,2879,2876,2878,1192,292519,0
2026/04/30,2335,2878,2879,2877,2877,897,292292,0
2026/04/30,2340,2877,2878,2875,2877,1833,291865,0
2026/04/30,2345,2876,2877,2875,2876,533,291813,0
2026/04/30,2350,2875,2876,2875,2876,384,291749,0
2026/04/30,2355,2875,2876,2874,2875,1349,291160,0
2026/04/30,0000,2875,2877,2875,2876,650,291087,0
2026/04/30,0005,2875,2876,2874,2875,580,291017,0
2026/04/30,0010,2875,2877,2874,2876,611,290842,0
2026/04/30,0015,2876,2877,2875,2876,338,290884,0
2026/04/30,0020,2876,2876,2875,2875,250,290808,0
2026/04/30,0025,2875,2876,2875,2876,192,290701,0
2026/04/30,0030,2876,2876,2874,2874,509,290456,0
2026/04/30,0035,2874,2876,2874,2875,328,290320,0
2026/04/30,0040,2875,2876,2875,2876,200,290286,0
2026/04/30,0045,2875,2876,2872,2873,1310,289955,0
2026/04/30,0050,2872,2873,2870,2873,1718,289281,0
2026/04/30,0055,2873,2875,2872,2873,860,289164,0
2026/04/30,0100,2873,2875,2871,2871,1543,288284,0
2026/04/30,0905,2872,2875,2863,2868,9108,286120,0
2026/04/30,0910,2867,2869,2862,2867,5571,286078,0
2026/04/30,0915,2867,2871,2866,2867,2386,286317,0
2026/04/30,0920,2868,2869,2866,2868,1714,286340,0
2026/04/30,0925,2868,2870,2866,2867,2258,286243,0
2026/04/30,0930,2867,2867,2863,2865,3286,286561,0
2026/04/30,0935,2864,2866,2864,2866,1341,286616,0
2026/04/30,0940,2865,2866,2859,2863,4490,286354,0
2026/04/30,0945,2862,2864,2859,2862,3377,286353,0
2026/04/30,0950,2861,2864,2860,2864,1537,286409,0
2026/04/30,0955,2864,2866,2862,2863,1929,286274,0
2026/04/30,1000,2863,2865,2860,2861,2005,285912,0
2026/04/30,1005,2860,2862,2860,2862,1738,286144,0
2026/04/30,1010,2862,2862,2856,2859,3114,286079,0
2026/04/30,1015,2858,2863,2858,2863,2123,285933,0
2026/04/30,1035,2862,2865,2861,2864,2111,286053,0
2026/04/30,1040,2864,2865,2862,2863,1023,285821,0
2026/04/30,1045,2863,2864,2852,2852,4458,285730,0
2026/04/30,1050,2852,2858,2849,2856,7523,285729,0
2026/04/30,1055,2857,2860,2856,2859,1877,285569,0
2026/04/30,1100,2859,2861,2852,2858,4002,285738,0
2026/04/30,1105,2858,2862,2856,2861,1892,285828,0
2026/04/30,1110,2861,2862,2859,2859,1203,285732,0
2026/04/30,1115,2859,2861,2859,2860,969,285669,0
2026/04/30,1120,2860,2861,2856,2857,1749,285508,0
2026/04/30,1125,2856,2859,2855,2859,1168,285565,0
2026/04/30,1130,2858,2860,2850,2854,4694,284694,0
2026/04/30,1335,2855,2856,2846,2849,8175,285184,0
2026/04/30,1340,2849,2854,2848,2854,2985,284863,0
2026/04/30,1345,2853,2855,2851,2852,2159,285012,0
2026/04/30,1350,2852,2852,2848,2850,2941,285841,0
2026/04/30,1355,2850,2851,2846,2847,3235,286378,0
2026/04/30,1400,2848,2850,2847,2849,1967,286690,0
2026/04/30,1405,2849,2851,2848,2848,1574,286702,0
2026/04/30,1410,2848,2851,2848,2849,2037,286739,0
2026/04/30,1415,2849,2850,2837,2839,7642,286049,0
2026/04/30,1420,2839,2844,2837,2842,5590,286015,0
2026/04/30,1425,2842,2846,2842,2844,2519,286289,0
2026/04/30,1430,2844,2848,2842,2843,2886,286333,0
2026/04/30,1435,2843,2844,2841,2842,1900,286386,0
2026/04/30,1440,2843,2845,2842,2844,2441,286393,0
2026/04/30,1445,2843,2848,2842,2847,3202,285790,0
2026/04/30,1450,2848,2851,2847,2851,5051,284609,0
2026/04/30,1455,2850,2852,2846,2847,4013,283798,0
2026/04/30,1500,2847,2848,2844,2845,6965,281561,0
2026/05/06,0905,2840,2850,2830,2840,23455,284314,0
2026/05/06,0910,2840,2842,2832,2835,8375,286220,0
2026/05/06,0915,2834,2838,2831,2834,6012,287167,0
2026/05/06,0920,2835,2835,2826,2830,8446,288956,0
2026/05/06,0925,2830,2832,2826,2829,4206,289392,0
2026/05/06,0930,2829,2834,2827,2829,4408,290016,0
2026/05/06,0935,2829,2829,2824,2826,5622,290706,0
2026/05/06,0940,2826,2827,2815,2818,9997,291937,0
2026/05/06,0945,2819,2819,2812,2819,9425,293405,0
2026/05/06,0950,2819,2825,2818,2824,4729,293612,0
2026/05/06,0955,2823,2825,2820,2823,3477,293833,0
2026/05/06,1000,2823,2825,2821,2824,2906,294402,0
2026/05/06,1005,2824,2827,2822,2825,3934,294270,0
2026/05/06,1010,2825,2831,2825,2830,4352,294096,0
2026/05/06,1015,2830,2834,2828,2833,3652,293709,0
2026/05/06,1035,2834,2834,2830,2832,4878,293655,0
2026/05/06,1040,2833,2833,2830,2831,1979,293625,0
2026/05/06,1045,2831,2837,2831,2836,3653,293721,0
2026/05/06,1050,2836,2838,2833,2835,3351,293877,0
2026/05/06,1055,2834,2844,2834,2843,5231,293700,0
2026/05/06,1100,2843,2849,2841,2845,7412,293425,0
2026/05/06,1105,2846,2847,2842,2844,2888,293497,0
2026/05/06,1110,2843,2845,2842,2842,1978,293253,0
2026/05/06,1115,2843,2847,2842,2843,3409,293945,0
2026/05/06,1120,2843,2844,2840,2844,2380,293727,0
2026/05/06,1125,2844,2845,2843,2844,1214,293826,0
2026/05/06,1130,2845,2847,2843,2847,1980,293700,0
2026/05/06,1335,2847,2856,2846,2856,11252,295037,0
2026/05/06,1340,2855,2862,2854,2860,9415,294757,0
2026/05/06,1345,2859,2861,2856,2858,4923,293829,0
2026/05/06,1350,2857,2860,2855,2856,3614,294064,0
2026/05/06,1355,2856,2858,2854,2855,2415,293893,0
2026/05/06,1400,2854,2859,2854,2858,2463,293802,0
2026/05/06,1405,2859,2865,2856,2865,6841,292694,0
2026/05/06,1410,2865,2865,2861,2862,4068,292988,0
2026/05/06,1415,2861,2865,2858,2859,4096,292609,0
2026/05/06,1420,2860,2868,2859,2867,5622,292659,0
2026/05/06,1425,2866,2874,2866,2874,6522,292177,0
2026/05/06,1430,2874,2874,2865,2867,4448,291960,0
2026/05/06,1435,2866,2868,2864,2864,2618,292092,0
2026/05/06,1440,2864,2870,2864,2869,3383,292173,0
2026/05/06,1445,2870,2872,2867,2872,3764,291947,0
2026/05/06,1450,2871,2874,2870,2872,3733,291627,0
2026/05/06,1455,2873,2874,2871,2872,3813,291410,0
2026/05/06,1500,2872,2877,2871,2875,8278,290942,0
2026/05/07,2105,2870,2874,2861,2865,14536,292320,0
2026/05/07,2110,2865,2866,2861,2864,5663,293221,0
2026/05/07,2115,2863,2868,2858,2866,8209,294281,0
2026/05/07,2120,2866,2874,2866,2872,7321,294563,0
2026/05/07,2125,2872,2882,2871,2878,13959,296113,0
2026/05/07,2130,2878,2883,2874,2883,7576,295668,0
2026/05/07,2135,2883,2888,2877,2878,14211,297101,0
2026/05/07,2140,2878,2878,2874,2876,5247,297344,0
2026/05/07,2145,2876,2877,2871,2877,5665,297212,0
2026/05/07,2150,2876,2877,2874,2874,2442,297786,0
2026/05/07,2155,2874,2879,2874,2879,2085,297823,0
2026/05/07,2200,2879,2879,2873,2873,2470,298196,0
2026/05/07,2205,2873,2876,2873,2875,1593,298121,0
2026/05/07,2210,2874,2877,2874,2877,1080,298027,0
2026/05/07,2215,2876,2877,2873,2876,1964,298208,0
2026/05/07,2220,2876,2879,2875,2877,2033,298542,0
2026/05/07,2225,2877,2878,2875,2877,1474,298650,0
2026/05/07,2230,2876,2880,2876,2877,1739,298413,0
2026/05/07,2235,2878,2879,2877,2878,969,298382,0
2026/05/07,2240,2878,2879,2877,2878,995,298404,0
2026/05/07,2245,2878,2882,2878,2880,3077,299192,0
2026/05/07,2250,2880,2880,2876,2878,2409,299285,0
2026/05/07,2255,2878,2881,2877,2878,2001,299570,0
2026/05/07,2300,2878,2879,2876,2878,2717,300279,0
2026/05/07,2305,2877,2880,2877,2878,2116,301412,0
2026/05/07,2310,2878,2878,2876,2877,1079,301514,0
2026/05/07,2315,2877,2878,2875,2877,1585,301424,0
2026/05/07,2320,2877,2879,2877,2879,549,301387,0
2026/05/07,2325,2879,2879,2877,2877,354,301455,0
2026/05/07,2330,2878,2878,2877,2877,365,301375,0
2026/05/07,2335,2878,2879,2877,2878,478,301234,0
2026/05/07,2340,2878,2879,2877,2878,441,301166,0
2026/05/07,2345,2879,2879,2878,2878,234,301190,0
2026/05/07,2350,2878,2879,2877,2878,411,301039,0
2026/05/07,2355,2878,2878,2876,2876,730,300790,0
2026/05/07,0000,2876,2877,2875,2876,420,300673,0
2026/05/07,0005,2876,2877,2875,2876,733,300786,0
2026/05/07,0010,2876,2876,2871,2873,2447,300291,0
2026/05/07,0015,2873,2873,2872,2872,325,300222,0
2026/05/07,0020,2873,2876,2873,2875,887,300309,0
2026/05/07,0025,2875,2876,2874,2876,160,300310,0
2026/05/07,0030,2876,2876,2874,2874,244,300204,0
2026/05/07,0035,2874,2875,2874,2875,169,300146,0
2026/05/07,0040,2875,2875,2874,2875,192,300064,0
2026/05/07,0045,2874,2876,2874,2876,289,300080,0
2026/05/07,0050,2876,2876,2875,2876,245,299947,0
2026/05/07,0055,2876,2876,2875,2875,510,299696,0
2026/05/07,0100,2875,2876,2874,2876,882,299188,0
2026/05/07,0905,2875,2884,2873,2876,9371,299535,0
2026/05/07,0910,2877,2880,2876,2878,2721,299500,0
2026/05/07,0915,2879,2879,2875,2877,3128,299675,0
2026/05/07,0920,2878,2884,2876,2882,4748,300193,0
2026/05/07,0925,2882,2886,2880,2881,3692,300511,0
2026/05/07,0930,2882,2887,2878,2885,6545,301328,0
2026/05/07,0935,2885,2887,2876,2878,5961,300559,0
2026/05/07,0940,2879,2879,2872,2873,5165,299612,0
2026/05/07,0945,2873,2875,2866,2869,8251,299312,0
2026/05/07,0950,2869,2869,2864,2866,6829,298170,0
2026/05/07,0955,2866,2868,2859,2861,9406,297403,0
2026/05/07,1000,2862,2864,2853,2855,9944,297219,0
2026/05/07,1005,2855,2856,2850,2855,7914,297576,0
2026/05/07,1010,2855,2861,2853,2859,5207,297545,0
2026/05/07,1015,2859,2861,2857,2860,3609,297720,0
2026/05/07,1035,2861,2863,2855,2856,4966,298149,0
2026/05/07,1040,2856,2857,2853,2855,2919,298982,0
2026/05/07,1045,2855,2855,2848,2849,6803,299667,0
2026/05/07,1050,2849,2851,2848,2851,4092,300803,0
2026/05/07,1055,2850,2851,2845,2848,6160,300744,0
2026/05/07,1100,2849,2849,2842,2845,6930,301690,0
2026/05/07,1105,2845,2846,2843,2846,3374,302389,0
2026/05/07,1110,2846,2850,2843,2849,4307,302853,0
2026/05/07,1115,2849,2854,2849,2852,3619,303153,0
2026/05/07,1120,2853,2861,2851,2859,5564,302266,0
2026/05/07,1125,2860,2861,2857,2860,3265,301864,0
2026/05/07,1130,2861,2861,2858,2858,2615,301252,0
2026/05/07,1335,2858,2862,2857,2861,3295,301350,0
2026/05/07,1340,2861,2862,2859,2861,1839,301413,0
2026/05/07,1345,2861,2869,2861,2869,6358,300895,0
2026/05/07,1350,2870,2875,2868,2869,8895,299904,0
2026/05/07,1355,2870,2871,2865,2866,4072,299780,0
2026/05/07,1400,2867,2868,2864,2868,2697,299971,0
2026/05/07,1405,2868,2872,2867,2870,3719,300409,0
2026/05/07,1410,2870,2871,2867,2869,2274,300034,0
2026/05/07,1415,2869,2869,2866,2866,1952,299856,0
2026/05/07,1420,2866,2869,2866,2869,1371,299939,0
2026/05/07,1425,2868,2870,2867,2868,1787,300108,0
2026/05/07,1430,2867,2870,2867,2870,1553,300042,0
2026/05/07,1435,2869,2872,2868,2868,2567,300237,0
2026/05/07,1440,2868,2869,2866,2868,2025,299761,0
2026/05/07,1445,2868,2869,2866,2868,1745,299588,0
2026/05/07,1450,2868,2869,2865,2869,2019,299911,0
2026/05/07,1455,2868,2872,2867,2869,4551,300267,0
2026/05/07,1500,2869,2869,2868,2869,3368,299359,0
2026/05/08,2105,2865,2867,2850,2860,19711,301721,0
2026/05/08,2110,2860,2862,2856,2858,6075,302771,0
2026/05/08,2115,2858,2866,2857,2866,6636,304126,0
2026/05/08,2120,2866,2878,2866,2874,15197,307318,0
2026/05/08,2125,2874,2874,2867,2867,7156,307581,0
2026/05/08,2130,2867,2868,2864,2866,5396,308447,0
2026/05/08,2135,2866,2867,2862,2864,5104,309546,0
2026/05/08,2140,2864,2864,2860,2861,3721,309908,0
2026/05/08,2145,2861,2865,2861,2863,2175,310425,0
2026/05/08,2150,2864,2866,2862,2865,3193,311737,0
2026/05/08,2155,2865,2865,2861,2862,1598,312045,0
2026/05/08,2200,2862,2863,2860,2862,1912,312383,0
2026/05/08,2205,2862,2864,2860,2861,2333,312856,0
2026/05/08,2210,2860,2862,2856,2860,4335,313033,0
2026/05/08,2215,2860,2861,2858,2860,1777,313356,0
2026/05/08,2220,2860,2865,2860,2865,2582,313327,0
2026/05/08,2225,2864,2865,2862,2863,1713,313617,0
2026/05/08,2230,2863,2864,2862,2864,724,313600,0
2026/05/08,2235,2864,2868,2863,2865,2506,313390,0
2026/05/08,2240,2866,2867,2865,2866,1756,313211,0
2026/05/08,2245,2865,2867,2865,2865,1395,313089,0
2026/05/08,2250,2866,2867,2865,2866,1275,313435,0
2026/05/08,2255,2866,2867,2864,2867,1576,313232,0
2026/05/08,2300,2867,2870,2864,2870,4122,313493,0
2026/05/08,2305,2869,2871,2868,2869,4807,315100,0
2026/05/08,2310,2869,2872,2868,2869,2642,315254,0
2026/05/08,2315,2869,2870,2869,2869,629,315097,0
2026/05/08,2320,2869,2870,2865,2865,2648,314765,0
2026/05/08,2325,2865,2868,2865,2868,862,314508,0
2026/05/08,2330,2867,2868,2866,2867,1127,314134,0
2026/05/08,2335,2866,2869,2866,2868,558,314169,0
2026/05/08,2340,2868,2868,2867,2868,255,314177,0
2026/05/08,2345,2868,2870,2867,2869,684,313863,0
2026/05/08,2350,2870,2870,2868,2869,552,313701,0
2026/05/08,2355,2869,2870,2868,2869,478,313612,0
2026/05/08,0000,2868,2869,2867,2867,939,313247,0
2026/05/08,0005,2866,2868,2865,2866,1041,312808,0
2026/05/08,0010,2866,2867,2866,2866,470,312628,0
2026/05/08,0015,2867,2867,2865,2865,512,312529,0
2026/05/08,0020,2866,2866,2863,2865,1367,312297,0
2026/05/08,0025,2865,2865,2863,2864,588,312209,0
2026/05/08,0030,2865,2866,2864,2865,332,312210,0
2026/05/08,0035,2865,2867,2864,2866,398,312163,0
2026/05/08,0040,2867,2867,2866,2866,397,312074,0
2026/05/08,0045,2867,2868,2866,2868,307,312034,0
2026/05/08,0050,2868,2869,2867,2869,523,311901,0
2026/05/08,0055,2869,2869,2868,2868,362,311690,0
2026/05/08,0100,2869,2869,2867,2867,1038,311037,0
2026/05/08,0905,2869,2869,2856,2858,9188,309976,0
2026/05/08,0910,2859,2863,2858,2861,3573,309957,0
2026/05/08,0915,2861,2862,2856,2859,3816,309932,0
2026/05/08,0920,2860,2860,2855,2856,4699,310440,0
2026/05/08,0925,2855,2859,2855,2858,3884,311264,0
2026/05/08,0930,2858,2858,2854,2856,2123,311571,0
2026/05/08,0935,2856,2859,2855,2857,1822,311669,0
2026/05/08,0940,2856,2859,2855,2858,2517,311840,0
2026/05/08,0945,2858,2859,2853,2854,2915,312035,0
2026/05/08,0950,2854,2856,2853,2854,2038,311788,0
2026/05/08,0955,2854,2856,2851,2856,3440,311866,0
2026/05/08,1000,2856,2857,2854,2855,1537,312060,0
2026/05/08,1005,2856,2856,2846,2848,8548,313855,0
2026/05/08,1010,2849,2850,2846,2849,3132,313982,0
2026/05/08,1015,2849,2852,2845,2845,3428,314322,0
2026/05/08,1035,2845,2845,2835,2838,15273,315839,0
2026/05/08,1040,2838,2841,2835,2841,7571,317335,0
2026/05/08,1045,2841,2843,2838,2842,4129,318261,0
2026/05/08,1050,2842,2843,2838,2840,3164,318626,0
2026/05/08,1055,2839,2840,2832,2833,4508,318876,0
2026/05/08,1100,2832,2833,2826,2829,11668,321285,0
2026/05/08,1105,2829,2831,2827,2831,3748,321890,0
2026/05/08,1110,2831,2831,2828,2830,2858,322516,0
2026/05/08,1115,2831,2835,2830,2833,4851,322064,0
2026/05/08,1120,2833,2833,2830,2830,1778,322281,0
2026/05/08,1125,2830,2832,2827,2831,2462,322504,0
2026/05/08,1130,2831,2832,2829,2831,1799,322917,0
2026/05/08,1335,2832,2834,2826,2829,5945,324601,0
2026/05/08,1340,2829,2833,2825,2825,4233,325902,0
2026/05/08,1345,2826,2827,2823,2825,4933,327056,0
2026/05/08,1350,2825,2828,2824,2827,2518,327420,0
2026/05/08,1355,2827,2831,2825,2829,2211,327595,0
2026/05/08,1400,2830,2830,2820,2824,6619,328857,0
2026/05/08,1405,2824,2827,2823,2826,2337,329139,0
2026/05/08,1410,2827,2827,2824,2826,1621,329586,0
2026/05/08,1415,2826,2827,2820,2824,4497,330728,0
2026/05/08,1420,2823,2827,2822,2827,2955,330449,0
2026/05/08,1425,2827,2828,2825,2827,2161,330094,0
2026/05/08,1430,2828,2828,2824,2826,2088,330298,0
2026/05/08,1435,2825,2828,2825,2826,2003,330043,0
2026/05/08,1440,2826,2828,2824,2828,2450,329996,0
2026/05/08,1445,2827,2830,2827,2828,3922,329500,0
2026/05/08,1450,2828,2832,2827,2832,3843,328289,0
2026/05/08,1455,2831,2833,2830,2830,5960,327750,0
2026/05/08,1500,2830,2833,2827,2827,5740,325984,0
2026/05/11,2105,2825,2828,2809,2812,26268,329839,0
2026/05/11,2110,2811,2815,2809,2813,10184,333437,0
2026/05/11,2115,2812,2818,2810,2814,7148,334316,0
2026/05/11,2120,2814,2817,2813,2813,4749,335706,0
2026/05/11,2125,2813,2816,2811,2815,4808,336945,0
2026/05/11,2130,2814,2814,2812,2813,1349,337246,0
2026/05/11,2135,2812,2817,2812,2816,3439,338168,0
2026/05/11,2140,2816,2820,2813,2819,4274,339237,0
2026/05/11,2145,2819,2820,2816,2817,2503,339509,0
2026/05/11,2150,2817,2818,2814,2815,2150,339730,0
2026/05/11,2155,2816,2816,2814,2815,1305,340036,0
2026/05/11,2200,2815,2819,2814,2817,2432,340922,0
2026/05/11,2205,2816,2820,2815,2819,2215,341192,0
2026/05/11,2210,2820,2822,2818,2820,3425,341361,0
2026/05/11,2215,2820,2824,2819,2821,3039,341099,0
2026/05/11,2220,2820,2821,2817,2818,2470,341131,0
2026/05/11,2225,2818,2819,2817,2818,1327,341613,0
2026/05/11,2230,2819,2821,2817,2820,1757,342015,0
2026/05/11,2235,2820,2821,2819,2820,1294,341935,0
2026/05/11,2240,2819,2820,2816,2818,1799,342034,0
2026/05/11,2245,2817,2819,2817,2817,915,341913,0
2026/05/11,2250,2817,2818,2813,2814,2795,341637,0
2026/05/11,2255,2814,2817,2810,2811,4503,341678,0
2026/05/11,2300,2811,2814,2808,2810,7809,342130,0
2026/05/11,2305,2811,2819,2809,2817,8674,345424,0
2026/05/11,2310,2817,2820,2816,2819,3024,345963,0
2026/05/11,2315,2818,2820,2817,2817,1730,346030,0
2026/05/11,2320,2817,2818,2816,2817,1383,345891,0
2026/05/11,2325,2817,2818,2817,2817,437,345792,0
2026/05/11,2330,2817,2818,2816,2816,749,345459,0
2026/05/11,2335,2816,2817,2816,2817,400,345365,0
2026/05/11,2340,2816,2817,2815,2816,1489,344892,0
2026/05/11,2345,2816,2818,2816,2817,651,344762,0
2026/05/11,2350,2816,2817,2816,2816,316,344735,0
2026/05/11,2355,2817,2817,2816,2816,277,344703,0
2026/05/11,0000,2816,2817,2816,2817,232,344559,0
2026/05/11,0005,2817,2817,2815,2816,777,344394,0
2026/05/11,0010,2816,2817,2814,2814,962,344424,0
2026/05/11,0015,2814,2815,2814,2814,721,344148,0
2026/05/11,0020,2815,2815,2813,2815,464,344020,0
2026/05/11,0025,2815,2816,2813,2816,486,343836,0
2026/05/11,0030,2815,2816,2814,2815,272,343793,0
2026/05/11,0035,2815,2815,2814,2815,243,343694,0
2026/05/11,0040,2814,2815,2814,2814,288,343597,0
2026/05/11,0045,2815,2815,2812,2812,837,343385,0
2026/05/11,0050,2813,2813,2811,2813,939,343267,0
2026/05/11,0055,2813,2813,2811,2811,705,343159,0
2026/05/11,0100,2811,2812,2809,2809,2447,342220,0
2026/05/11,0905,2809,2820,2793,2820,34622,339942,0
2026/05/11,0910,2820,2827,2819,2825,11524,338372,0
2026/05/11,0915,2825,2825,2815,2819,7649,338961,0
2026/05/11,0920,2819,2820,2816,2816,2999,338940,0
2026/05/11,0925,2817,2820,2815,2817,2347,339403,0
2026/05/11,0930,2816,2821,2816,2820,2318,339462,0
2026/05/11,0935,2820,2821,2817,2818,1846,339387,0
2026/05/11,0940,2817,2823,2817,2822,2102,339481,0
2026/05/11,0945,2822,2827,2821,2825,2716,339222,0
2026/05/11,0950,2825,2827,2823,2823,2631,338845,0
2026/05/11,0955,2823,2825,2820,2823,2113,339180,0
2026/05/11,1000,2823,2826,2821,2825,1258,339130,0
2026/05/11,1005,2826,2826,2823,2824,1372,339009,0
2026/05/11,1010,2824,2830,2822,2828,4232,338335,0
2026/05/11,1015,2828,2830,2825,2827,2900,337922,0
2026/05/11,1035,2829,2829,2823,2828,2084,337780,0
2026/05/11,1040,2828,2831,2826,2827,2308,337267,0
2026/05/11,1045,2827,2830,2826,2829,1347,337224,0
2026/05/11,1050,2830,2831,2828,2830,2298,337033,0
2026/05/11,1055,2831,2831,2827,2828,1592,336752,0
2026/05/11,1100,2828,2833,2828,2831,3097,335814,0
2026/05/11,1105,2831,2832,2829,2830,2151,335800,0
2026/05/11,1110,2830,2830,2827,2828,1875,335682,0
2026/05/11,1115,2829,2829,2824,2825,2085,335460,0
2026/05/11,1120,2825,2827,2822,2823,2536,334766,0
2026/05/11,1125,2823,2826,2823,2825,1440,334329,0
2026/05/11,1130,2825,2826,2823,2825,966,334141,0
2026/05/11,1335,2825,2826,2820,2821,4618,334783,0
2026/05/11,1340,2822,2823,2819,2823,2352,334393,0
2026/05/11,1345,2822,2826,2822,2824,1791,334602,0
2026/05/11,1350,2823,2826,2822,2826,1228,334718,0
2026/05/11,1355,2826,2830,2825,2828,3758,334989,0
2026/05/11,1400,2828,2831,2828,2828,2431,334848,0
2026/05/11,1405,2828,2828,2823,2823,2012,334645,0
2026/05/11,1410,2823,2828,2822,2825,2953,334497,0
2026/05/11,1415,2827,2827,2825,2826,500,334391,0
2026/05/11,1420,2825,2826,2824,2826,665,334349,0
2026/05/11,1425,2826,2827,2825,2826,1117,334029,0
2026/05/11,1430,2827,2829,2824,2828,2117,334103,0
2026/05/11,1435,2828,2830,2826,2826,1708,333569,0
2026/05/11,1440,2827,2827,2824,2825,1279,333521,0
2026/05/11,1445,2825,2827,2822,2823,2735,333369,0
2026/05/11,1450,2823,2827,2822,2826,2077,333467,0
2026/05/11,1455,2825,2827,2824,2827,2154,333373,0
2026/05/11,1500,2826,2828,2821,2826,6288,334087,0
2026/05/12,2105,2831,2832,2817,2819,12397,335385,0
2026/05/12,2110,2819,2825,2818,2824,5351,336857,0
2026/05/12,2115,2823,2827,2822,2825,3772,337292,0
2026/05/12,2120,2826,2827,2824,2825,2643,338089,0
2026/05/12,2125,2826,2850,2825,2844,30600,341596,0
2026/05/12,2130,2844,2845,2838,2842,7807,342996,0
2026/05/12,2135,2841,2844,2839,2839,4865,342696,0
2026/05/12,2140,2840,2842,2834,2839,6017,344436,0
2026/05/12,2145,2839,2839,2837,2838,2097,344525,0
2026/05/12,2150,2837,2841,2837,2841,2943,344699,0
2026/05/12,2155,2840,2841,2837,2840,2348,344492,0
2026/05/12,2200,2839,2841,2835,2836,3999,345035,0
2026/05/12,2205,2835,2839,2835,2839,1620,344977,0
2026/05/12,2210,2839,2841,2838,2840,1765,344833,0
2026/05/12,2215,2840,2841,2839,2841,1088,344546,0
2026/05/12,2220,2840,2841,2838,2839,1348,344590,0
2026/05/12,2225,2838,2839,2837,2838,651,344523,0
2026/05/12,2230,2838,2839,2837,2837,962,344614,0
2026/05/12,2235,2838,2839,2831,2832,4607,344036,0
2026/05/12,2240,2832,2835,2832,2833,1684,343837,0
2026/05/12,2245,2833,2836,2833,2836,1131,343690,0
2026/05/12,2250,2836,2837,2834,2835,1220,343634,0
2026/05/12,2255,2836,2837,2835,2837,831,343601,0
2026/05/12,2300,2837,2840,2837,2839,2529,343785,0
2026/05/12,2305,2839,2843,2838,2840,5083,345276,0
2026/05/12,2310,2841,2841,2839,2840,1410,345320,0
2026/05/12,2315,2839,2840,2839,2840,765,345201,0
2026/05/12,2320,2839,2840,2838,2838,826,345306,0
2026/05/12,2325,2839,2840,2838,2840,705,345306,0
2026/05/12,2330,2840,2841,2838,2838,953,345219,0
2026/05/12,2335,2839,2839,2837,2838,763,345098,0
2026/05/12,2340,2838,2838,2837,2838,479,344930,0
2026/05/12,2345,2837,2839,2837,2838,569,345018,0
2026/05/12,2350,2838,2839,2837,2837,376,344873,0
2026/05/12,2355,2838,2838,2837,2837,168,344865,0
2026/05/12,0000,2838,2838,2829,2830,5954,343596,0
2026/05/12,0005,2830,2832,2825,2827,4684,342612,0
2026/05/12,0010,2828,2829,2821,2826,5056,342699,0
2026/05/12,0015,2825,2831,2825,2828,3169,342593,0
2026/05/12,0020,2828,2831,2828,2831,882,342884,0
2026/05/12,0025,2830,2834,2830,2833,1077,342703,0
2026/05/12,0030,2833,2834,2831,2832,708,342457,0
2026/05/12,0035,2832,2834,2832,2834,727,342310,0
2026/05/12,0040,2834,2834,2833,2833,212,342301,0
2026/05/12,0045,2833,2834,2832,2833,465,342109,0
2026/05/12,0050,2833,2834,2832,2834,377,342011,0
2026/05/12,0055,2834,2835,2832,2834,733,341715,0
2026/05/12,0100,2834,2835,2832,2833,1251,341066,0
2026/05/12,0905,2832,2839,2832,2836,6484,340977,0
2026/05/12,0910,2836,2838,2833,2834,2752,341185,0
2026/05/12,0915,2834,2835,2824,2827,6705,340656,0
2026/05/12,0920,2826,2830,2825,2830,2575,340612,0
2026/05/12,0925,2830,2833,2829,2832,1857,340671,0
2026/05/12,0930,2832,2843,2831,2841,7341,339853,0
2026/05/12,0935,2842,2842,2837,2838,3449,339927,0
2026/05/12,0940,2838,2839,2834,2836,2569,339286,0
2026/05/12,0945,2836,2843,2835,2838,3091,338665,0
2026/05/12,0950,2839,2840,2835,2836,1729,338400,0
2026/05/12,0955,2836,2838,2835,2838,983,338405,0
2026/05/12,1000,2838,2838,2823,2824,7845,336791,0
2026/05/12,1005,2824,2827,2808,2812,18085,337906,0
2026/05/12,1010,2813,2813,2806,2810,9452,338357,0
2026/05/12,1015,2810,2814,2801,2802,9682,340327,0
2026/05/12,1035,2802,2802,2793,2800,16657,342510,0
2026/05/12,1040,2799,2805,2797,2804,7519,343343,0
2026/05/12,1045,2804,2809,2802,2808,4625,343386,0
2026/05/12,1050,2808,2808,2804,2806,2365,343583,0
2026/05/12,1055,2805,2806,2802,2804,1940,343817,0
2026/05/12,1100,2803,2806,2801,2803,1775,343833,0
2026/05/12,1105,2803,2803,2780,2784,19393,345523,0
2026/05/12,1110,2784,2791,2783,2790,9618,347103,0
2026/05/12,1115,2789,2789,2784,2784,4107,347917,0
2026/05/12,1120,2785,2785,2781,2784,5510,348914,0
2026/05/12,1125,2785,2786,2780,2780,4028,349075,0
2026/05/12,1130,2781,2783,2776,2783,8577,349201,0
2026/05/12,1335,2783,2785,2779,2781,5968,349723,0
2026/05/12,1340,2781,2787,2780,2785,3546,350304,0
2026/05/12,1345,2786,2788,2780,2782,6051,350654,0
2026/05/12,1350,2782,2783,2780,2783,1654,350789,0
2026/05/12,1355,2783,2788,2782,2786,4090,351959,0
2026/05/12,1400,2786,2787,2784,2785,1222,351927,0
2026/05/12,1405,2786,2786,2781,2784,2993,352439,0
2026/05/12,1410,2785,2786,2783,2784,1485,352466,0
2026/05/12,1415,2784,2787,2783,2785,1844,352082,0
2026/05/12,1420,2785,2790,2784,2790,2357,352106,0
2026/05/12,1425,2789,2791,2787,2789,3383,351459,0
2026/05/12,1430,2788,2788,2785,2786,2165,351422,0
2026/05/12,1435,2785,2787,2783,2786,2555,351050,0
2026/05/12,1440,2785,2786,2783,2784,2912,350878,0
2026/05/12,1445,2785,2787,2784,2784,1862,350818,0
2026/05/12,1450,2785,2786,2780,2781,4791,349517,0
2026/05/12,1455,2781,2788,2781,2785,4674,349255,0
2026/05/12,1500,2786,2787,2784,2785,4712,347660,0
2026/05/13,2105,2783,2783,2771,2782,18205,352136,0
2026/05/13,2110,2782,2782,2777,2780,3662,353206,0
2026/05/13,2115,2780,2781,2777,2779,3544,354798,0
2026/05/13,2120,2779,2779,2775,2777,3118,355578,0
2026/05/13,2125,2777,2781,2777,2780,2471,356021,0
2026/05/13,2130,2780,2780,2777,2780,2029,356785,0
2026/05/13,2135,2780,2781,2779,2779,1881,357499,0
2026/05/13,2140,2779,2780,2778,2778,876,357493,0
2026/05/13,2145,2779,2779,2777,2778,1089,357580,0
2026/05/13,2150,2778,2783,2778,2782,1808,357629,0
2026/05/13,2155,2783,2787,2782,2786,5535,358318,0
2026/05/13,2200,2786,2786,2784,2785,1229,358573,0
2026/05/13,2205,2785,2788,2785,2786,2033,358435,0
2026/05/13,2210,2785,2788,2785,2787,1371,358570,0
2026/05/13,2215,2787,2789,2785,2785,2211,358632,0
2026/05/13,2220,2785,2787,2779,2780,5658,357435,0
2026/05/13,2225,2780,2783,2778,2782,3030,358370,0
2026/05/13,2230,2782,2784,2782,2784,1533,358686,0
2026/05/13,2235,2784,2784,2782,2783,640,358743,0
2026/05/13,2240,2783,2783,2781,2782,768,358632,0
2026/05/13,2245,2782,2783,2781,2783,755,358750,0
2026/05/13,2250,2783,2784,2780,2780,831,358889,0
2026/05/13,2255,2780,2784,2780,2784,902,358957,0
2026/05/13,2300,2784,2785,2782,2785,1558,359236,0
2026/05/13,2305,2784,2785,2781,2783,1458,359727,0
2026/05/13,2310,2783,2784,2782,2782,561,359909,0
2026/05/13,2315,2783,2783,2780,2780,961,359845,0
2026/05/13,2320,2780,2782,2780,2782,671,359980,0
2026/05/13,2325,2782,2784,2781,2781,1230,359659,0
2026/05/13,2330,2782,2783,2781,2783,340,359666,0
2026/05/13,2335,2782,2783,2781,2783,408,359700,0
2026/05/13,2340,2782,2783,2782,2782,257,359739,0
2026/05/13,2345,2782,2784,2782,2784,541,359881,0
2026/05/13,2350,2784,2784,2782,2782,293,359895,0
2026/05/13,2355,2782,2783,2782,2783,172,359883,0
2026/05/13,0000,2782,2783,2781,2782,270,359832,0
2026/05/13,0005,2781,2782,2779,2779,1226,359552,0
2026/05/13,0010,2780,2780,2777,2777,1523,359503,0
2026/05/13,0015,2778,2779,2777,2778,1026,359803,0
2026/05/13,0020,2778,2779,2777,2778,332,359812,0
2026/05/13,0025,2779,2779,2778,2779,115,359816,0
2026/05/13,0030,2778,2779,2777,2778,271,359774,0
2026/05/13,0035,2777,2778,2777,2777,273,359743,0
2026/05/13,0040,2777,2785,2777,2784,2228,359303,0
2026/05/13,0045,2784,2784,2782,2784,975,359605,0
2026/05/13,0050,2784,2784,2781,2782,312,359549,0
2026/05/13,0055,2781,2782,2778,2780,823,359435,0
2026/05/13,0100,2779,2780,2775,2776,1799,359108,0
2026/05/13,0905,2777,2783,2777,2779,4697,358413,0
2026/05/13,0910,2778,2782,2776,2777,3184,358729,0
2026/05/13,0915,2777,2781,2777,2781,1925,358554,0
2026/05/13,0920,2781,2781,2777,2778,2499,358459,0
2026/05/13,0925,2779,2779,2775,2777,3044,358866,0
2026/05/13,0930,2777,2782,2777,2778,2487,359112,0
2026/05/13,0935,2778,2781,2778,2780,932,359235,0
2026/05/13,0940,2780,2782,2779,2781,1240,359162,0
2026/05/13,0945,2781,2781,2778,2780,953,359176,0
2026/05/13,0950,2780,2784,2779,2784,1767,359219,0
2026/05/13,0955,2783,2789,2782,2787,5424,359677,0
2026/05/13,1000,2787,2795,2786,2790,6937,357591,0
2026/05/13,1005,2790,2791,2787,2791,2504,357241,0
2026/05/13,1010,2790,2795,2790,2793,3482,357280,0
2026/05/13,1015,2792,2796,2790,2795,3200,356809,0
2026/05/13,1035,2795,2796,2793,2795,2519,356148,0
2026/05/13,1040,2795,2796,2794,2795,1878,355617,0
2026/05/13,1045,2795,2795,2793,2793,1463,355235,0
2026/05/13,1050,2793,2794,2791,2794,1898,354773,0
2026/05/13,1055,2794,2798,2793,2795,2584,354234,0
2026/05/13,1100,2794,2798,2793,2796,1755,354061,0
2026/05/13,1105,2797,2798,2795,2797,1182,353817,0
2026/05/13,1110,2797,2798,2795,2796,1210,353682,0
2026/05/13,1115,2796,2799,2794,2796,1970,353457,0
2026/05/13,1120,2796,2796,2793,2795,1219,353456,0
2026/05/13,1125,2796,2796,2793,2793,953,353243,0
2026/05/13,1130,2794,2796,2792,2794,1533,352798,0
2026/05/13,1335,2794,2798,2792,2795,3050,352841,0
2026/05/13,1340,2794,2798,2794,2796,1737,352858,0
2026/05/13,1345,2797,2797,2792,2793,1719,352874,0
2026/05/13,1350,2793,2796,2793,2794,1366,352848,0
2026/05/13,1355,2794,2796,2793,2795,905,352536,0
2026/05/13,1400,2795,2803,2795,2800,4606,352462,0
2026/05/13,1405,2800,2802,2798,2798,2090,352570,0
2026/05/13,1410,2798,2800,2797,2797,1216,352390,0
2026/05/13,1415,2798,2798,2796,2797,1135,352182,0
2026/05/13,1420,2798,2799,2795,2796,1086,352070,0
2026/05/13,1425,2796,2799,2796,2796,732,351816,0
2026/05/13,1430,2796,2799,2796,2796,948,351490,0
2026/05/13,1435,2796,2801,2796,2800,1642,351556,0
2026/05/13,1440,2799,2801,2798,2801,838,351483,0
2026/05/13,1445,2801,2804,2800,2804,2905,350715,0
2026/05/13,1450,2804,2806,2799,2802,3802,350232,0
2026/05/13,1455,2801,2803,2799,2800,2110,349811,0
2026/05/13,1500,2800,2802,2798,2799,3736,349389,0
2026/05/14,2105,2800,2804,2793,2802,10824,351391,0
2026/05/14,2110,2802,2805,2801,2802,4422,352197,0
2026/05/14,2115,2802,2804,2801,2802,2508,352419,0
2026/05/14,2120,2802,2803,2798,2800,3162,352542,0
2026/05/14,2125,2800,2810,2800,2807,6917,353274,0
2026/05/14,2130,2807,2807,2804,2804,2328,353509,0
2026/05/14,2135,2805,2806,2802,2803,1726,353656,0
2026/05/14,2140,2802,2805,2800,2804,2564,353621,0
2026/05/14,2145,2804,2807,2803,2807,1327,353376,0
2026/05/14,2150,2806,2807,2803,2804,1590,353490,0
2026/05/14,2155,2805,2805,2803,2803,828,353389,0
2026/05/14,2200,2803,2805,2802,2802,821,353502,0
2026/05/14,2205,2802,2803,2800,2800,1756,353184,0
2026/05/14,2210,2800,2801,2792,2793,8250,352341,0
2026/05/14,2215,2792,2799,2789,2799,6131,352680,0
2026/05/14,2220,2799,2800,2795,2795,2340,353170,0
2026/05/14,2225,2795,2797,2794,2796,1320,353341,0
2026/05/14,2230,2796,2798,2796,2798,783,353567,0
2026/05/14,2235,2797,2798,2794,2795,1300,353468,0
2026/05/14,2240,2795,2796,2794,2795,894,353513,0
2026/05/14,2245,2795,2796,2790,2792,1891,353429,0
2026/05/14,2250,2791,2794,2791,2794,1794,353672,0
2026/05/14,2255,2793,2797,2793,2796,1951,354166,0
2026/05/14,2300,2796,2797,2795,2796,1375,354486,0
2026/05/14,2305,2796,2796,2793,2793,1800,355025,0
2026/05/14,2310,2794,2795,2792,2794,1185,355384,0
2026/05/14,2315,2794,2796,2794,2796,569,355472,0
2026/05/14,2320,2796,2796,2794,2795,660,355591,0
2026/05/14,2325,2794,2796,2790,2791,1883,355038,0
2026/05/14,2330,2790,2792,2787,2789,4239,354240,0
2026/05/14,2335,2790,2792,2789,2792,1112,354385,0
2026/05/14,2340,2791,2791,2790,2790,453,354473,0
2026/05/14,2345,2790,2791,2789,2791,1009,354338,0
2026/05/14,2350,2791,2791,2790,2791,322,354383,0
2026/05/14,2355,2790,2791,2789,2791,403,354365,0
2026/05/14,0000,2790,2791,2789,2790,390,354311,0
2026/05/14,0005,2790,2795,2789,2794,1778,353913,0
2026/05/14,0010,2794,2794,2792,2794,443,353931,0
2026/05/14,0015,2794,2797,2794,2795,2265,354697,0
2026/05/14,0020,2795,2797,2794,2796,528,354626,0
2026/05/14,0025,2797,2797,2795,2796,310,354586,0
2026/05/14,0030,2796,2797,2795,2796,401,354561,0
2026/05/14,0035,2797,2798,2796,2796,499,354473,0
2026/05/14,0040,2796,2796,2795,2795,183,354524,0
2026/05/14,0045,2796,2796,2795,2795,91,354540,0
2026/05/14,0050,2796,2798,2795,2798,616,354322,0
2026/05/14,0055,2797,2798,2796,2796,361,354265,0
2026/05/14,0100,2797,2800,2796,2798,2122,353276,0
2026/05/14,0905,2798,2803,2789,2790,7414,352504,0
2026/05/14,0910,2790,2793,2788,2788,3226,353153,0
2026/05/14,0915,2788,2791,2787,2788,2751,352976,0
2026/05/14,0920,2787,2792,2787,2790,1229,353080,0
2026/05/14,0925,2791,2793,2789,2790,2088,353084,0
2026/05/14,0930,2790,2791,2784,2785,4649,352867,0
2026/05/14,0935,2785,2788,2782,2783,3264,353443,0
2026/05/14,0940,2783,2788,2783,2788,2491,354477,0
2026/05/14,0945,2788,2797,2787,2795,4921,353586,0
2026/05/14,0950,2795,2822,2794,2822,21799,351380,0
2026/05/14,0955,2821,2828,2817,2823,24093,347670,0
2026/05/14,1000,2823,2825,2814,2816,10307,345351,0
2026/05/14,1005,2815,2820,2813,2818,6648,344308,0
2026/05/14,1010,2819,2825,2809,2810,10939,343405,0
2026/05/14,1015,2810,2816,2809,2811,3705,342539,0
2026/05/14,1035,2812,2817,2812,2814,2876,342417,0
2026/05/14,1040,2815,2815,2805,2807,4809,342482,0
2026/05/14,1045,2807,2810,2805,2810,2488,342511,0
2026/05/14,1050,2810,2810,2805,2806,2544,342680,0
2026/05/14,1055,2807,2807,2797,2800,6928,343762,0
2026/05/14,1100,2799,2801,2795,2801,5309,343908,0
2026/05/14,1105,2800,2801,2797,2797,1781,344146,0
2026/05/14,1110,2797,2798,2792,2793,3598,344267,0
2026/05/14,1115,2794,2794,2789,2792,4544,344905,0
2026/05/14,1120,2792,2796,2791,2791,2440,345041,0
2026/05/14,1125,2791,2794,2790,2793,1849,345383,0
2026/05/14,1130,2794,2795,2791,2794,1608,345504,0
2026/05/14,1335,2794,2800,2793,2798,4436,345399,0
2026/05/14,1340,2797,2799,2796,2796,2386,346071,0
2026/05/14,1345,2795,2801,2795,2798,2193,346301,0
2026/05/14,1350,2800,2800,2793,2793,2427,346936,0
2026/05/14,1355,2793,2796,2792,2793,1670,347163,0
2026/05/14,1400,2793,2796,2793,2794,1282,347262,0
2026/05/14,1405,2793,2795,2791,2792,1416,347425,0
2026/05/14,1410,2792,2793,2791,2792,1240,347581,0
2026/05/14,1415,2792,2795,2792,2794,1008,347713,0
2026/05/14,1420,2793,2794,2791,2792,1422,347677,0
2026/05/14,1425,2792,2798,2791,2797,1634,347856,0
2026/05/14,1430,2798,2798,2795,2796,1188,347734,0
2026/05/14,1435,2795,2797,2793,2793,1170,347765,0
2026/05/14,1440,2793,2794,2790,2792,2227,347916,0
2026/05/14,1445,2792,2793,2790,2790,1454,347917,0
2026/05/14,1450,2790,2791,2785,2789,5656,347795,0
2026/05/14,1455,2790,2793,2788,2793,3296,348210,0
2026/05/14,1500,2793,2795,2790,2790,4197,346803,0
2026/05/15,2105,2793,2798,2788,2795,9373,347546,0
2026/05/15,2110,2794,2794,2788,2791,4028,348392,0
2026/05/15,2115,2790,2793,2788,2789,2940,349136,0
2026/05/15,2120,2790,2790,2785,2788,4770,350132,0
2026/05/15,2125,2789,2793,2788,2791,3055,350397,0
2026/05/15,2130,2791,2792,2789,2792,1388,350306,0
2026/05/15,2135,2792,2793,2790,2792,1645,350238,0
2026/05/15,2140,2791,2793,2790,2793,1029,350342,0
2026/05/15,2145,2792,2795,2791,2791,1590,350503,0
2026/05/15,2150,2791,2792,2788,2789,1358,350811,0
2026/05/15,2155,2789,2790,2786,2789,2961,351790,0
2026/05/15,2200,2788,2790,2788,2790,818,352040,0
2026/05/15,2205,2789,2799,2788,2795,5796,350625,0
2026/05/15,2210,2794,2795,2791,2795,1795,350664,0
2026/05/15,2215,2794,2795,2793,2794,1101,350967,0
2026/05/15,2220,2794,2795,2793,2794,1058,351175,0
2026/05/15,2225,2795,2795,2793,2794,862,351130,0
2026/05/15,2230,2794,2795,2793,2794,623,351056,0
2026/05/15,2235,2795,2798,2793,2797,1356,350744,0
2026/05/15,2240,2797,2803,2797,2800,6095,351394,0
2026/05/15,2245,2800,2801,2796,2799,2012,351221,0
2026/05/15,2250,2798,2799,2796,2797,1390,351174,0
2026/05/15,2255,2798,2798,2795,2797,1695,351257,0
2026/05/15,2300,2797,2798,2796,2798,1275,351432,0
2026/05/15,2305,2798,2802,2795,2801,4145,351823,0
2026/05/15,2310,2801,2804,2800,2800,3137,352634,0
2026/05/15,2315,2800,2801,2799,2801,1178,352653,0
2026/05/15,2320,2800,2801,2798,2800,1149,352673,0
2026/05/15,2325,2800,2800,2798,2798,425,352656,0
2026/05/15,2330,2798,2799,2797,2798,827,352489,0
2026/05/15,2335,2798,2799,2797,2798,434,352506,0
2026/05/15,2340,2798,2800,2797,2799,811,352546,0
2026/05/15,2345,2799,2800,2798,2799,380,352586,0
2026/05/15,2350,2799,2799,2798,2799,361,352545,0
2026/05/15,2355,2798,2799,2798,2799,252,352474,0
2026/05/15,0000,2798,2799,2798,2799,290,352438,0
2026/05/15,0005,2799,2799,2797,2798,465,352364,0
2026/05/15,0010,2798,2799,2797,2798,297,352408,0
2026/05/15,0015,2798,2799,2797,2798,228,352332,0
2026/05/15,0020,2797,2798,2797,2798,118,352335,0
2026/05/15,0025,2797,2798,2795,2795,982,352066,0
2026/05/15,0030,2795,2796,2794,2794,781,351997,0
2026/05/15,0035,2795,2797,2794,2796,657,351952,0
2026/05/15,0040,2796,2797,2796,2796,119,351928,0
2026/05/15,0045,2796,2797,2795,2796,218,351913,0
2026/05/15,0050,2796,2798,2795,2796,354,351811,0
2026/05/15,0055,2797,2798,2796,2796,767,351323,0
2026/05/15,0100,2797,2797,2792,2792,1075,350863,0
2026/05/15,0905,2791,2797,2790,2790,5676,350372,0
2026/05/15,0910,2791,2795,2789,2790,3099,350306,0
2026/05/15,0915,2791,2792,2786,2788,5539,350458,0
2026/05/15,0920,2787,2788,2780,2788,7627,350864,0
2026/05/15,0925,2788,2788,2781,2785,4720,352839,0
2026/05/15,0930,2785,2785,2782,2782,1559,353277,0
2026/05/15,0935,2783,2786,2782,2786,1877,353381,0
2026/05/15,0940,2786,2788,2785,2786,1524,353432,0
2026/05/15,0945,2787,2788,2783,2784,1566,353617,0
2026/05/15,0950,2785,2787,2784,2785,1219,353384,0
2026/05/15,0955,2784,2785,2778,2781,5063,353403,0
2026/05/15,1000,2781,2783,2778,2778,2554,354116,0
2026/05/15,1005,2778,2782,2776,2782,3067,354485,0
2026/05/15,1010,2781,2783,2779,2783,1563,354480,0
2026/05/15,1015,2782,2784,2780,2782,1216,354565,0
2026/05/15,1035,2781,2784,2781,2782,1518,354582,0
2026/05/15,1040,2782,2783,2780,2782,767,354668,0
2026/05/15,1045,2782,2783,2781,2782,772,354813,0
2026/05/15,1050,2781,2784,2781,2783,743,355002,0
2026/05/15,1055,2784,2784,2781,2782,952,355137,0
2026/05/15,1100,2782,2786,2781,2783,1491,355272,0
2026/05/15,1105,2783,2784,2781,2783,922,355540,0
2026/05/15,1110,2782,2785,2782,2784,875,355501,0
2026/05/15,1115,2784,2784,2782,2784,669,355532,0
2026/05/15,1120,2783,2784,2782,2782,629,355577,0
2026/05/15,1125,2782,2785,2781,2781,1191,355480,0
2026/05/15,1130,2782,2784,2781,2783,822,355501,0
2026/05/15,1335,2783,2783,2766,2769,16714,358963,0
2026/05/15,1340,2768,2770,2766,2768,4956,359501,0
2026/05/15,1345,2769,2769,2765,2766,5297,360064,0
2026/05/15,1350,2767,2767,2761,2763,7331,360867,0
2026/05/15,1355,2764,2764,2750,2756,18679,360429,0
2026/05/15,1400,2756,2762,2753,2754,7028,362065,0
2026/05/15,1405,2754,2756,2751,2754,5104,363196,0
2026/05/15,1410,2754,2756,2748,2753,7857,365253,0
2026/05/15,1415,2753,2755,2749,2753,4681,366237,0
2026/05/15,1420,2752,2756,2746,2747,6147,367545,0
2026/05/15,1425,2749,2751,2745,2750,5550,368859,0
2026/05/15,1430,2749,2752,2745,2746,4450,369877,0
2026/05/15,1435,2745,2747,2743,2747,5740,370804,0
2026/05/15,1440,2747,2749,2745,2748,3046,371650,0
2026/05/15,1445,2748,2750,2745,2746,2630,371829,0
2026/05/15,1450,2746,2747,2725,2728,19366,374500,0
2026/05/15,1455,2726,2728,2722,2727,15986,377570,0
2026/05/15,1500,2726,2733,2725,2727,11750,377273,0
2026/05/18,2105,2725,2732,2722,2726,22268,380725,0
2026/05/18,2110,2725,2731,2721,2729,9985,382743,0
2026/05/18,2115,2730,2730,2726,2728,4238,383254,0
2026/05/18,2120,2728,2730,2725,2727,4156,383561,0
2026/05/18,2125,2728,2733,2726,2731,6934,383154,0
2026/05/18,2130,2731,2732,2728,2729,2797,383345,0
2026/05/18,2135,2729,2735,2729,2735,4258,384077,0
2026/05/18,2140,2735,2735,2731,2732,1880,384240,0
2026/05/18,2145,2731,2732,2729,2732,2367,384083,0
2026/05/18,2150,2732,2733,2729,2731,1299,384124,0
2026/05/18,2155,2731,2734,2731,2733,1328,384106,0
2026/05/18,2200,2733,2737,2732,2736,4601,384806,0
2026/05/18,2205,2735,2740,2735,2739,3845,385355,0
2026/05/18,2210,2739,2746,2739,2742,7459,385469,0
2026/05/18,2215,2742,2745,2739,2740,3249,385048,0
2026/05/18,2220,2740,2742,2738,2742,2228,384711,0
2026/05/18,2225,2742,2744,2741,2742,2047,384629,0
2026/05/18,2230,2743,2743,2740,2742,1132,384349,0
2026/05/18,2235,2742,2743,2739,2739,1811,384119,0
2026/05/18,2240,2739,2740,2737,2737,2212,383811,0
2026/05/18,2245,2737,2741,2737,2740,1472,383992,0
2026/05/18,2250,2741,2741,2738,2740,911,383880,0
2026/05/18,2255,2740,2741,2739,2741,1051,384025,0
2026/05/18,2300,2740,2742,2740,2741,1578,384182,0
2026/05/18,2305,2741,2741,2737,2738,3580,385387,0
2026/05/18,2310,2739,2740,2738,2740,517,385427,0
2026/05/18,2315,2740,2741,2738,2738,835,385437,0
2026/05/18,2320,2739,2739,2736,2738,1821,385032,0
2026/05/18,2325,2738,2738,2737,2738,421,384999,0
2026/05/18,2330,2738,2738,2736,2738,517,384925,0
2026/05/18,2335,2738,2738,2734,2734,2005,384155,0
2026/05/18,2340,2735,2736,2734,2735,979,383968,0
2026/05/18,2345,2734,2736,2734,2736,645,383752,0
2026/05/18,2350,2735,2736,2735,2735,280,383656,0
2026/05/18,2355,2736,2736,2734,2735,367,383706,0
2026/05/18,0000,2735,2735,2733,2735,580,383567,0
2026/05/18,0005,2734,2736,2734,2736,335,383624,0
2026/05/18,0010,2736,2737,2735,2735,670,383432,0
2026/05/18,0015,2736,2736,2735,2736,107,383411,0
2026/05/18,0020,2736,2736,2735,2736,148,383344,0
2026/05/18,0025,2735,2736,2735,2736,90,383292,0
2026/05/18,0030,2735,2736,2735,2736,155,383215,0
2026/05/18,0035,2736,2738,2735,2737,539,383157,0
2026/05/18,0040,2738,2738,2736,2737,187,383125,0
2026/05/18,0045,2737,2737,2735,2736,507,382823,0
2026/05/18,0050,2736,2737,2735,2736,484,382607,0
2026/05/18,0055,2736,2737,2735,2736,373,382379,0
2026/05/18,0100,2736,2738,2734,2735,1466,381663,0
2026/05/18,0905,2736,2743,2734,2738,10521,380215,0
2026/05/18,0910,2739,2745,2737,2742,6042,380621,0
2026/05/18,0915,2742,2744,2739,2740,3299,380447,0
2026/05/18,0920,2741,2741,2733,2735,4876,380512,0
2026/05/18,0925,2735,2737,2727,2727,6518,380935,0
2026/05/18,0930,2728,2734,2727,2730,2823,381281,0
2026/05/18,0935,2730,2733,2729,2732,1639,381661,0
2026/05/18,0940,2732,2736,2731,2735,2378,381725,0
2026/05/18,0945,2735,2740,2733,2739,2809,381731,0
2026/05/18,0950,2739,2741,2736,2739,2631,381787,0
2026/05/18,0955,2739,2740,2737,2739,1344,381765,0
2026/05/18,1000,2739,2742,2738,2739,1559,381859,0
2026/05/18,1005,2738,2745,2738,2745,2153,381773,0
2026/05/18,1010,2745,2748,2743,2744,4155,381222,0
2026/05/18,1015,2743,2751,2742,2748,3705,380404,0
2026/05/18,1035,2749,2750,2745,2750,2568,380320,0
2026/05/18,1040,2749,2753,2747,2750,3611,379646,0
2026/05/18,1045,2751,2751,2747,2748,2214,379473,0
2026/05/18,1050,2748,2754,2747,2751,3486,379030,0
2026/05/18,1055,2751,2754,2749,2754,2528,378573,0
2026/05/18,1100,2754,2757,2752,2754,4048,378249,0
2026/05/18,1105,2753,2757,2752,2754,2396,377856,0
2026/05/18,1110,2754,2757,2751,2755,3014,377353,0
2026/05/18,1115,2755,2755,2751,2754,2185,376734,0
2026/05/18,1120,2754,2755,2751,2753,1663,376764,0
2026/05/18,1125,2754,2754,2752,2752,1072,376568,0
2026/05/18,1130,2752,2754,2751,2753,1464,376227,0
2026/05/18,1335,2753,2755,2750,2752,2255,376349,0
2026/05/18,1340,2751,2753,2750,2750,1313,376435,0
2026/05/18,1345,2750,2753,2749,2753,1824,376564,0
2026/05/18,1350,2753,2754,2749,2750,1414,376389,0
2026/05/18,1355,2750,2751,2746,2750,2249,376036,0
2026/05/18,1400,2751,2751,2747,2748,1207,375900,0
2026/05/18,1405,2749,2749,2745,2747,2102,375717,0
2026/05/18,1410,2747,2749,2747,2748,843,375811,0
2026/05/18,1415,2749,2750,2748,2750,758,375813,0
2026/05/18,1420,2749,2752,2749,2750,1765,375606,0
2026/05/18,1425,2750,2751,2749,2749,983,375696,0
2026/05/18,1430,2750,2753,2749,2750,1551,375815,0
2026/05/18,1435,2750,2751,2749,2750,1060,375553,0
2026/05/18,1440,2750,2751,2747,2748,1183,375554,0
2026/05/18,1445,2748,2749,2743,2746,3070,375005,0
2026/05/18,1450,2747,2749,2742,2745,3931,375564,0
2026/05/18,1455,2745,2747,2741,2742,2930,375200,0
2026/05/18,1500,2742,2746,2742,2746,4174,374590,0
2026/05/19,2105,2743,2751,2738,2745,13353,374616,0
2026/05/19,2110,2745,2746,2736,2737,7204,374394,0
2026/05/19,2115,2737,2740,2736,2738,3834,375547,0
2026/05/19,2120,2737,2738,2732,2732,4360,376465,0
2026/05/19,2125,2733,2737,2732,2737,2384,377327,0
2026/05/19,2130,2737,2740,2736,2739,2897,377557,0
2026/05/19,2135,2738,2740,2738,2740,1822,377777,0
2026/05/19,2140,2740,2742,2739,2739,1651,377854,0
2026/05/19,2145,2739,2741,2738,2740,1260,378211,0
2026/05/19,2150,2741,2741,2738,2740,1048,378253,0
2026/05/19,2155,2740,2740,2739,2740,456,378344,0
2026/05/19,2200,2739,2741,2739,2740,1005,378453,0
2026/05/19,2205,2741,2741,2736,2736,1918,378676,0
2026/05/19,2210,2736,2737,2734,2736,1566,379036,0
2026/05/19,2215,2736,2737,2734,2736,1222,379223,0
2026/05/19,2220,2735,2736,2731,2731,2098,379527,0
2026/05/19,2225,2730,2735,2730,2735,2033,379768,0
2026/05/19,2230,2735,2735,2732,2733,1040,380208,0
2026/05/19,2235,2733,2735,2732,2735,1445,380608,0
2026/05/19,2240,2734,2735,2733,2734,778,380756,0
2026/05/19,2245,2735,2735,2733,2733,645,380966,0
2026/05/19,2250,2733,2736,2732,2734,1872,381675,0
2026/05/19,2255,2734,2735,2732,2734,1122,381764,0
2026/05/19,2300,2734,2737,2734,2737,1502,382195,0
2026/05/19,2305,2736,2736,2732,2734,2414,383438,0
2026/05/19,2310,2734,2735,2730,2731,2442,384608,0
2026/05/19,2315,2731,2732,2727,2728,3289,385570,0
2026/05/19,2320,2727,2730,2727,2727,2030,386180,0
2026/05/19,2325,2728,2730,2727,2729,1135,386447,0
2026/05/19,2330,2729,2730,2729,2730,581,386509,0
2026/05/19,2335,2729,2730,2728,2728,544,386574,0
2026/05/19,2340,2728,2730,2728,2729,596,386532,0
2026/05/19,2345,2729,2730,2729,2729,206,386542,0
2026/05/19,2350,2730,2730,2729,2730,202,386591,0
2026/05/19,2355,2730,2730,2729,2730,144,386569,0
2026/05/19,0000,2729,2730,2729,2729,239,386557,0
2026/05/19,0005,2729,2730,2728,2729,345,386509,0
2026/05/19,0010,2729,2731,2728,2729,761,386671,0
2026/05/19,0015,2730,2731,2729,2731,235,386676,0
2026/05/19,0020,2731,2731,2725,2728,2742,387069,0
2026/05/19,0025,2727,2728,2726,2726,459,387157,0
2026/05/19,0030,2726,2727,2723,2725,1558,387097,0
2026/05/19,0035,2725,2726,2723,2724,1204,387146,0
2026/05/19,0040,2723,2725,2712,2715,8974,388888,0
2026/05/19,0045,2715,2716,2712,2712,2406,389564,0
2026/05/19,0050,2712,2715,2708,2711,4082,389830,0
2026/05/19,0055,2710,2713,2710,2712,1080,389781,0
2026/05/19,0100,2711,2713,2710,2710,2109,389449,0
2026/05/19,0905,2716,2723,2715,2719,12162,390650,0
2026/05/19,0910,2719,2728,2719,2726,7100,389395,0
2026/05/19,0915,2727,2733,2726,2727,6264,388415,0
2026/05/19,0920,2727,2728,2719,2722,4653,389022,0
2026/05/19,0925,2722,2724,2721,2722,1736,389138,0
2026/05/19,0930,2723,2723,2715,2717,3720,390166,0
2026/05/19,0935,2718,2719,2717,2719,1654,390834,0
2026/05/19,0940,2719,2719,2716,2719,1340,391034,0
2026/05/19,0945,2718,2719,2715,2717,1842,391597,0
2026/05/19,0950,2718,2718,2716,2717,1301,391937,0
2026/05/19,0955,2717,2717,2711,2712,3525,392442,0
2026/05/19,1000,2712,2712,2706,2710,8727,393897,0
2026/05/19,1005,2710,2713,2709,2712,2799,394370,0
2026/05/19,1010,2712,2717,2710,2716,2905,393806,0
2026/05/19,1015,2715,2719,2715,2717,2279,393625,0
2026/05/19,1035,2717,2718,2714,2716,2210,393573,0
2026/05/19,1040,2717,2722,2715,2718,3059,392793,0
2026/05/19,1045,2718,2719,2716,2718,984,392875,0
2026/05/19,1050,2718,2722,2717,2719,1981,392620,0
2026/05/19,1055,2719,2721,2718,2719,948,392503,0
2026/05/19,1100,2719,2720,2715,2717,1245,392646,0
2026/05/19,1105,2716,2719,2716,2717,1419,392821,0
2026/05/19,1110,2717,2718,2714,2714,1256,392539,0
2026/05/19,1115,2714,2716,2713,2715,1614,392362,0
2026/05/19,1120,2715,2719,2714,2718,832,392416,0
2026/05/19,1125,2718,2720,2716,2719,1505,392328,0
2026/05/19,1130,2719,2722,2718,2719,1625,392084,0
2026/05/19,1335,2718,2724,2718,2723,3357,392659,0
2026/05/19,1340,2723,2723,2719,2722,1577,393039,0
2026/05/19,1345,2722,2723,2719,2720,1466,393325,0
2026/05/19,1350,2720,2724,2720,2723,1780,393751,0
2026/05/19,1355,2723,2723,2720,2722,1479,393792,0
2026/05/19,1400,2723,2726,2722,2724,2804,394429,0
2026/05/19,1405,2724,2727,2723,2727,2904,394525,0
2026/05/19,1410,2727,2729,2724,2724,2700,394017,0
2026/05/19,1415,2724,2725,2722,2723,1754,394063,0
2026/05/19,1420,2724,2724,2720,2722,1886,394024,0
2026/05/19,1425,2722,2722,2720,2720,1085,393978,0
2026/05/19,1430,2721,2722,2719,2722,1130,394000,0
2026/05/19,1435,2722,2723,2720,2722,944,394001,0
2026/05/19,1440,2723,2723,2717,2718,2987,393845,0
2026/05/19,1445,2718,2719,2716,2716,2317,394186,0
2026/05/19,1450,2717,2719,2716,2716,2287,394234,0
2026/05/19,1455,2716,2723,2716,2719,2927,394144,0
2026/05/19,1500,2720,2724,2719,2724,4295,393435,0
2026/05/20,2105,2725,2727,2710,2712,12700,397285,0
2026/05/20,2110,2712,2714,2710,2712,5356,398910,0
2026/05/20,2115,2712,2713,2706,2708,6333,400836,0
2026/05/20,2120,2707,2711,2707,2709,4011,401600,0
2026/05/20,2125,2710,2713,2709,2709,3341,402593,0
2026/05/20,2130,2709,2711,2707,2709,3138,403214,0
2026/05/20,2135,2709,2715,2709,2713,3532,403076,0
2026/05/20,2140,2714,2714,2712,2713,1125,403108,0
2026/05/20,2145,2714,2714,2711,2713,1051,403010,0
2026/05/20,2150,2712,2714,2711,2712,1234,403184,0
2026/05/20,2155,2711,2712,2707,2709,2602,403348,0
2026/05/20,2200,2710,2712,2709,2711,1001,403593,0
2026/05/20,2205,2711,2711,2709,2709,1450,404138,0
2026/05/20,2210,2710,2712,2709,2711,1161,404219,0
2026/05/20,2215,2711,2711,2708,2709,1389,404610,0
2026/05/20,2220,2709,2711,2709,2710,922,404574,0
2026/05/20,2225,2711,2712,2709,2712,953,404329,0
2026/05/20,2230,2711,2712,2710,2711,673,404373,0
2026/05/20,2235,2711,2711,2709,2710,1179,404522,0
2026/05/20,2240,2710,2711,2709,2709,1209,404696,0
2026/05/20,2245,2710,2713,2709,2713,1517,404652,0
2026/05/20,2250,2712,2717,2712,2717,3527,404651,0
2026/05/20,2255,2716,2718,2714,2716,3245,404733,0
2026/05/20,2300,2717,2717,2715,2715,1457,404987,0
2026/05/20,2305,2715,2721,2715,2718,4569,405416,0
2026/05/20,2310,2718,2718,2715,2716,1805,405312,0
2026/05/20,2315,2717,2717,2715,2715,557,405324,0
2026/05/20,2320,2715,2717,2715,2716,900,405351,0
2026/05/20,2325,2716,2717,2716,2717,544,405477,0
2026/05/20,2330,2717,2717,2715,2716,407,405382,0
2026/05/20,2335,2716,2717,2715,2716,539,405419,0
2026/05/20,2340,2716,2717,2715,2715,199,405423,0
2026/05/20,2345,2715,2717,2715,2716,322,405409,0
2026/05/20,2350,2717,2717,2715,2715,221,405355,0
2026/05/20,2355,2715,2717,2715,2716,214,405349,0
2026/05/20,0000,2717,2717,2716,2717,102,405340,0
2026/05/20,0005,2716,2718,2716,2718,762,405233,0
2026/05/20,0010,2718,2720,2717,2718,969,404991,0
2026/05/20,0015,2719,2720,2718,2719,379,404874,0
2026/05/20,0020,2719,2720,2718,2718,280,404801,0
2026/05/20,0025,2719,2719,2718,2719,158,404774,0
2026/05/20,0030,2719,2720,2718,2719,298,404580,0
2026/05/20,0035,2720,2722,2719,2720,1081,404122,0
2026/05/20,0040,2720,2721,2720,2721,181,404094,0
2026/05/20,0045,2720,2722,2720,2722,440,403973,0
2026/05/20,0050,2722,2723,2720,2722,761,403582,0
2026/05/20,0055,2722,2723,2720,2722,864,403130,0
2026/05/20,0100,2723,2723,2720,2722,1233,402557,0
2026/05/20,0905,2722,2722,2716,2717,5492,401447,0
2026/05/20,0910,2718,2721,2717,2720,2809,401248,0
2026/05/20,0915,2719,2722,2717,2721,1815,401236,0
2026/05/20,0920,2720,2723,2718,2722,2410,400847,0
2026/05/20,0925,2722,2726,2720,2722,4220,401244,0
2026/05/20,0930,2722,2725,2721,2723,1651,401343,0
2026/05/20,0935,2722,2726,2721,2722,2077,401402,0
2026/05/20,0940,2722,2723,2720,2722,1697,401404,0
2026/05/20,0945,2722,2723,2715,2716,3787,401484,0
2026/05/20,0950,2716,2720,2715,2720,2300,401889,0
2026/05/20,0955,2720,2727,2718,2727,3182,401221,0
2026/05/20,1000,2726,2731,2726,2727,8063,401059,0
2026/05/20,1005,2727,2727,2720,2724,3809,400712,0
2026/05/20,1010,2724,2724,2718,2718,3072,401201,0
2026/05/20,1015,2719,2721,2716,2718,2330,401636,0
2026/05/20,1035,2718,2722,2718,2721,1781,401565,0
2026/05/20,1040,2721,2722,2715,2716,2287,401887,0
2026/05/20,1045,2717,2718,2715,2718,1490,401832,0
2026/05/20,1050,2717,2724,2717,2723,2344,401887,0
2026/05/20,1055,2724,2724,2719,2722,1667,401629,0
2026/05/20,1100,2722,2722,2719,2719,874,401680,0
2026/05/20,1105,2719,2723,2716,2719,2361,401886,0
2026/05/20,1110,2718,2719,2712,2712,3237,401849,0
2026/05/20,1115,2713,2715,2712,2713,2606,402021,0
2026/05/20,1120,2713,2716,2711,2716,2392,402159,0
2026/05/20,1125,2715,2717,2714,2717,1600,401803,0
2026/05/20,1130,2717,2722,2715,2721,2379,400831,0
2026/05/20,1335,2721,2722,2714,2715,3457,401638,0
2026/05/20,1340,2715,2716,2711,2713,2694,401813,0
2026/05/20,1345,2713,2715,2711,2712,1750,401718,0
2026/05/20,1350,2712,2714,2711,2714,1725,402369,0
2026/05/20,1355,2714,2717,2712,2716,1737,402813,0
2026/05/20,1400,2716,2718,2715,2716,1640,402807,0
2026/05/20,1405,2715,2719,2713,2718,2017,403147,0
2026/05/20,1410,2719,2720,2716,2717,2013,403349,0
2026/05/20,1415,2716,2719,2716,2718,900,403319,0
2026/05/20,1420,2718,2718,2712,2713,2412,403911,0
2026/05/20,1425,2713,2715,2712,2714,1657,404022,0
2026/05/20,1430,2714,2714,2712,2713,1145,404536,0
2026/05/20,1435,2713,2714,2712,2713,1183,404568,0
2026/05/20,1440,2712,2715,2712,2715,1254,404935,0
2026/05/20,1445,2714,2715,2711,2712,1944,405231,0
2026/05/20,1450,2712,2714,2712,2713,1832,405333,0
2026/05/20,1455,2713,2714,2712,2713,1766,405263,0
2026/05/20,1500,2713,2716,2713,2713,2767,404520,0
2026/05/21,2105,2710,2718,2704,2713,15654,407026,0
2026/05/21,2110,2713,2723,2712,2719,8448,407121,0
2026/05/21,2115,2720,2724,2717,2723,4934,407197,0
2026/05/21,2120,2723,2723,2719,2722,3297,407718,0
2026/05/21,2125,2722,2722,2719,2722,2291,407681,0
2026/05/21,2130,2722,2726,2721,2725,4060,407527,0
2026/05/21,2135,2725,2725,2720,2720,2703,407763,0
2026/05/21,2140,2720,2721,2718,2720,2439,408255,0
2026/05/21,2145,2719,2720,2717,2719,2074,408175,0
2026/05/21,2150,2719,2720,2715,2715,2095,408293,0
2026/05/21,2155,2715,2719,2715,2716,1400,408262,0
2026/05/21,2200,2716,2718,2716,2717,790,408329,0
2026/05/21,2205,2718,2719,2717,2717,733,408370,0
2026/05/21,2210,2718,2718,2713,2715,2611,408470,0
2026/05/21,2215,2715,2715,2712,2713,2200,408418,0
2026/05/21,2220,2713,2716,2713,2714,1500,408297,0
2026/05/21,2225,2715,2717,2713,2716,1438,408383,0
2026/05/21,2230,2717,2718,2716,2716,1098,408727,0
2026/05/21,2235,2716,2717,2713,2714,1733,408679,0
2026/05/21,2240,2714,2719,2714,2716,1920,409076,0
2026/05/21,2245,2716,2718,2716,2717,940,409374,0
2026/05/21,2250,2718,2719,2717,2719,994,409620,0
2026/05/21,2255,2719,2719,2716,2717,1585,409802,0
2026/05/21,2300,2718,2721,2718,2720,1869,409967,0
2026/05/21,2305,2720,2721,2718,2718,2553,410922,0
2026/05/21,2310,2718,2720,2717,2720,1787,410842,0
2026/05/21,2315,2719,2720,2718,2718,622,410847,0
2026/05/21,2320,2718,2719,2717,2719,681,410872,0
2026/05/21,2325,2719,2719,2717,2718,522,410922,0
2026/05/21,2330,2718,2718,2717,2717,481,410950,0
2026/05/21,2335,2718,2719,2717,2717,508,410982,0
2026/05/21,2340,2717,2718,2717,2718,213,411002,0
2026/05/21,2345,2717,2718,2717,2717,218,410964,0
2026/05/21,2350,2718,2719,2717,2718,214,410935,0
2026/05/21,2355,2718,2719,2717,2717,236,410891,0
2026/05/21,0000,2718,2718,2717,2718,342,410828,0
2026/05/21,0005,2718,2718,2714,2717,1577,410776,0
2026/05/21,0010,2717,2717,2715,2716,401,410857,0
2026/05/21,0015,2717,2718,2715,2718,420,410719,0
2026/05/21,0020,2717,2718,2716,2717,105,410704,0
2026/05/21,0025,2717,2717,2716,2716,200,410667,0
2026/05/21,0030,2717,2718,2716,2717,140,410589,0
2026/05/21,0035,2717,2718,2716,2716,314,410589,0
2026/05/21,0040,2716,2718,2716,2717,306,410527,0
2026/05/21,0045,2717,2718,2716,2717,255,410425,0
2026/05/21,0050,2717,2718,2717,2717,274,410231,0
2026/05/21,0055,2717,2718,2716,2717,208,410217,0
2026/05/21,0100,2716,2718,2716,2718,952,409675,0
2026/05/21,0905,2718,2727,2718,2724,9149,408109,0
2026/05/21,0910,2724,2727,2722,2724,4234,408316,0
2026/05/21,0915,2724,2730,2724,2728,5746,407694,0
2026/05/21,0920,2729,2737,2728,2730,11117,405905,0
2026/05/21,0925,2731,2732,2728,2732,3105,405444,0
2026/05/21,0930,2732,2732,2727,2731,3243,405177,0
2026/05/21,0935,2732,2736,2729,2734,4115,404739,0
2026/05/21,0940,2733,2737,2732,2732,3094,404593,0
2026/05/21,0945,2733,2735,2731,2731,1805,404432,0
2026/05/21,0950,2731,2732,2728,2731,2473,403997,0
2026/05/21,0955,2731,2731,2726,2729,2503,403811,0
2026/05/21,1000,2729,2730,2727,2728,1124,403808,0
2026/05/21,1005,2729,2734,2727,2733,2482,403734,0
2026/05/21,1010,2733,2736,2732,2733,2852,403193,0
2026/05/21,1015,2732,2734,2731,2731,1110,402984,0
2026/05/21,1035,2732,2733,2728,2729,1829,403218,0
2026/05/21,1040,2730,2730,2722,2724,5290,404114,0
2026/05/21,1045,2724,2727,2724,2726,1729,404381,0
2026/05/21,1050,2725,2726,2723,2725,1839,404507,0
2026/05/21,1055,2725,2727,2723,2724,1533,405034,0
2026/05/21,1100,2724,2726,2724,2726,578,405134,0
2026/05/21,1105,2725,2726,2722,2723,1758,405396,0
2026/05/21,1110,2723,2723,2720,2723,3222,405929,0
2026/05/21,1115,2722,2723,2719,2720,2883,406337,0
2026/05/21,1120,2720,2724,2720,2722,1554,406134,0
2026/05/21,1125,2722,2725,2722,2724,1177,406351,0
2026/05/21,1130,2725,2726,2724,2726,1492,406090,0
2026/05/21,1335,2725,2725,2716,2718,4726,406533,0
2026/05/21,1340,2718,2720,2718,2720,1700,406666,0
2026/05/21,1345,2719,2719,2713,2716,3926,407340,0
2026/05/21,1350,2717,2719,2715,2715,2056,407665,0
2026/05/21,1355,2715,2717,2714,2715,1845,407738,0
2026/05/21,1400,2715,2716,2712,2712,2909,408232,0
2026/05/21,1405,2713,2713,2710,2712,4782,409742,0
2026/05/21,1410,2712,2712,2708,2709,5519,411047,0
2026/05/21,1415,2709,2713,2708,2711,2848,411438,0
2026/05/21,1420,2711,2712,2709,2711,2289,412049,0
2026/05/21,1425,2712,2712,2707,2709,2565,412722,0
2026/05/21,1430,2710,2710,2707,2708,3040,413203,0
2026/05/21,1435,2708,2711,2706,2706,3119,413374,0
2026/05/21,1440,2706,2710,2706,2708,2326,413684,0
2026/05/21,1445,2709,2709,2704,2705,3681,414505,0
2026/05/21,1450,2705,2710,2704,2708,3546,414822,0
2026/05/21,1455,2707,2710,2706,2709,2405,414712,0
2026/05/21,1500,2708,2710,2707,2709,4558,413992,0
2026/05/22,2105,2708,2712,2703,2706,12600,417195,0
2026/05/22,2110,2706,2712,2704,2711,4769,418335,0
2026/05/22,2115,2712,2712,2709,2711,2956,418963,0
2026/05/22,2120,2711,2712,2705,2705,2507,419827,0
2026/05/22,2125,2705,2710,2702,2709,5497,420949,0
2026/05/22,2130,2709,2715,2708,2712,4799,420775,0
2026/05/22,2135,2711,2712,2709,2710,1781,420951,0
2026/05/22,2140,2711,2711,2708,2709,1308,420993,0
2026/05/22,2145,2709,2710,2708,2709,817,421097,0
2026/05/22,2150,2710,2710,2707,2709,1474,421351,0
2026/05/22,2155,2709,2712,2708,2710,1858,421537,0
2026/05/22,2200,2710,2710,2706,2707,1973,421363,0
2026/05/22,2205,2707,2710,2707,2709,912,421491,0
2026/05/22,2210,2710,2711,2709,2710,1002,421716,0
2026/05/22,2215,2710,2711,2709,2709,694,421868,0
2026/05/22,2220,2709,2710,2707,2708,871,422084,0
2026/05/22,2225,2707,2708,2706,2707,921,422225,0
2026/05/22,2230,2707,2708,2705,2706,1909,422167,0
2026/05/22,2235,2707,2708,2705,2707,822,422271,0
2026/05/22,2240,2707,2709,2707,2708,705,422293,0
2026/05/22,2245,2709,2710,2708,2709,789,422515,0
2026/05/22,2250,2708,2709,2708,2709,376,422619,0
2026/05/22,2255,2708,2711,2708,2709,1235,422591,0
2026/05/22,2300,2710,2711,2709,2710,1200,422754,0
2026/05/22,2305,2711,2711,2708,2709,1776,423470,0
2026/05/22,2310,2708,2709,2707,2708,800,423779,0
2026/05/22,2315,2708,2710,2707,2709,755,423702,0
2026/05/22,2320,2709,2710,2708,2710,271,423724,0
2026/05/22,2325,2709,2710,2708,2709,326,423678,0
2026/05/22,2330,2708,2710,2708,2710,323,423611,0
2026/05/22,2335,2710,2710,2708,2708,335,423509,0
2026/05/22,2340,2709,2709,2708,2708,191,423494,0
2026/05/22,2345,2709,2709,2708,2708,49,423467,0
2026/05/22,2350,2709,2709,2708,2709,123,423420,0
2026/05/22,2355,2709,2709,2708,2708,91,423405,0
2026/05/22,0000,2708,2709,2706,2706,794,423556,0
2026/05/22,0005,2706,2710,2706,2710,904,423459,0
2026/05/22,0010,2710,2712,2709,2710,1183,423383,0
2026/05/22,0015,2710,2710,2709,2710,217,423307,0
2026/05/22,0020,2710,2710,2709,2710,202,423223,0
2026/05/22,0025,2710,2710,2709,2710,102,423210,0
2026/05/22,0030,2710,2710,2709,2710,137,423147,0
2026/05/22,0035,2709,2710,2709,2709,98,423116,0
2026/05/22,0040,2709,2710,2708,2709,130,423088,0
2026/05/22,0045,2708,2709,2708,2709,186,423149,0
2026/05/22,0050,2708,2709,2708,2708,214,423055,0
2026/05/22,0055,2708,2709,2708,2709,160,422990,0
2026/05/22,0100,2709,2710,2707,2709,1177,422609,0
2026/05/22,0905,2708,2711,2704,2704,6001,422846,0
2026/05/22,0910,2704,2713,2703,2711,4526,421744,0
2026/05/22,0915,2711,2714,2708,2708,2577,422043,0
2026/05/22,0920,2709,2709,2705,2706,2908,422672,0
2026/05/22,0925,2706,2708,2704,2706,1948,422927,0
2026/05/22,0930,2706,2714,2706,2713,3076,422394,0
2026/05/22,0935,2713,2713,2708,2710,2019,422467,0
2026/05/22,0940,2711,2712,2708,2709,1848,422146,0
2026/05/22,0945,2709,2709,2706,2706,1364,422293,0
2026/05/22,0950,2707,2710,2706,2708,1259,422580,0
2026/05/22,0955,2707,2709,2705,2707,1374,422761,0
2026/05/22,1000,2707,2708,2692,2694,17535,424913,0
2026/05/22,1005,2694,2695,2689,2692,12316,426160,0
2026/05/22,1010,2692,2699,2689,2698,7154,425769,0
2026/05/22,1015,2698,2702,2693,2696,5914,425407,0
2026/05/22,1035,2697,2698,2693,2696,2508,425361,0
2026/05/22,1040,2696,2699,2696,2696,1473,425007,0
2026/05/22,1045,2696,2699,2694,2695,2215,424701,0
2026/05/22,1050,2696,2713,2695,2712,12783,421799,0
2026/05/22,1055,2713,2729,2712,2723,25518,417913,0
2026/05/22,1100,2722,2726,2720,2724,9221,416911,0
2026/05/22,1105,2724,2725,2713,2719,10860,416003,0
2026/05/22,1110,2720,2724,2719,2719,3922,415657,0
2026/05/22,1115,2719,2721,2718,2720,3142,415338,0
2026/05/22,1120,2720,2721,2715,2716,2282,415326,0
2026/05/22,1125,2716,2718,2713,2715,3924,415049,0
2026/05/22,1130,2716,2717,2711,2716,3659,414925,0
2026/05/22,1335,2715,2722,2715,2719,4034,414762,0
2026/05/22,1340,2719,2722,2716,2716,3143,414782,0
2026/05/22,1345,2717,2723,2716,2723,2356,414534,0
2026/05/22,1350,2722,2723,2719,2722,2641,414714,0
2026/05/22,1355,2722,2722,2719,2721,1505,414321,0
2026/05/22,1400,2721,2721,2717,2718,2138,413985,0
2026/05/22,1405,2719,2725,2718,2722,3443,413672,0
2026/05/22,1410,2721,2722,2719,2720,1620,413529,0
2026/05/22,1415,2720,2721,2718,2719,1564,413265,0
2026/05/22,1420,2719,2720,2716,2716,1740,412981,0
2026/05/22,1425,2717,2718,2714,2718,1877,412584,0
2026/05/22,1430,2717,2718,2714,2715,2001,412633,0
2026/05/22,1435,2715,2718,2714,2718,1547,412543,0
2026/05/22,1440,2718,2720,2717,2719,1274,412590,0
2026/05/22,1445,2718,2721,2717,2721,1425,412526,0
2026/05/22,1450,2721,2721,2715,2716,2709,412540,0
2026/05/22,1455,2716,2718,2715,2717,1881,412187,0
2026/05/22,1500,2716,2718,2716,2717,2637,411515,0
2026/05/25,2105,2713,2714,2706,2711,10710,413036,0
2026/05/25,2110,2712,2716,2710,2715,3737,414268,0
2026/05/25,2115,2715,2718,2714,2715,4584,416079,0
2026/05/25,2120,2714,2718,2714,2717,2097,416322,0
2026/05/25,2125,2717,2718,2714,2716,2655,416999,0
2026/05/25,2130,2716,2716,2711,2714,2549,417383,0
2026/05/25,2135,2714,2715,2713,2714,1415,417848,0
2026/05/25,2140,2713,2714,2702,2702,9401,421408,0
2026/05/25,2145,2701,2704,2696,2697,12668,424396,0
2026/05/25,2150,2697,2701,2696,2700,5837,426220,0
2026/05/25,2155,2700,2702,2699,2701,3613,426469,0
2026/05/25,2200,2701,2702,2698,2699,2188,426793,0
2026/05/25,2205,2698,2701,2698,2700,2139,427298,0
2026/05/25,2210,2699,2700,2696,2700,3072,428204,0
2026/05/25,2215,2699,2700,2695,2696,4308,428672,0
2026/05/25,2220,2696,2697,2695,2696,2764,429658,0
2026/05/25,2225,2695,2699,2694,2698,3416,430280,0
2026/05/25,2230,2698,2698,2695,2696,2054,430414,0
2026/05/25,2235,2696,2698,2695,2696,1721,430909,0
2026/05/25,2240,2696,2699,2695,2696,3174,430933,0
2026/05/25,2245,2696,2696,2690,2695,7355,432535,0
2026/05/25,2250,2696,2697,2694,2697,1809,432646,0
2026/05/25,2255,2696,2698,2694,2698,2388,432590,0
2026/05/25,2300,2698,2698,2696,2698,1556,433105,0
2026/05/25,2305,2697,2701,2697,2698,5455,433835,0
2026/05/25,2310,2698,2700,2698,2699,1308,434138,0
2026/05/25,2315,2699,2700,2698,2699,495,434109,0
2026/05/25,2320,2699,2700,2698,2700,1064,434251,0
2026/05/25,2325,2700,2700,2697,2697,1575,434157,0
2026/05/25,2330,2697,2699,2697,2698,580,434059,0
2026/05/25,2335,2697,2699,2697,2699,775,433737,0
2026/05/25,2340,2698,2699,2697,2698,447,433728,0
2026/05/25,2345,2698,2699,2697,2698,195,433680,0
2026/05/25,2350,2698,2699,2697,2697,298,433646,0
2026/05/25,2355,2697,2699,2697,2698,370,433647,0
2026/05/25,0000,2698,2698,2697,2697,312,433618,0
2026/05/25,0005,2697,2698,2696,2696,571,433686,0
2026/05/25,0010,2696,2697,2695,2695,876,433604,0
2026/05/25,0015,2695,2696,2695,2696,512,433550,0
2026/05/25,0020,2696,2696,2694,2695,629,433442,0
2026/05/25,0025,2695,2696,2694,2695,196,433448,0
2026/05/25,0030,2695,2696,2692,2694,1740,434147,0
2026/05/25,0035,2693,2695,2693,2693,668,434262,0
2026/05/25,0040,2693,2694,2693,2693,395,434215,0
2026/05/25,0045,2693,2694,2693,2694,197,434218,0
2026/05/25,0050,2694,2694,2690,2693,2224,434361,0
2026/05/25,0055,2693,2693,2690,2691,1005,434239,0
2026/05/25,0100,2692,2692,2685,2689,7389,433844,0
2026/05/25,0905,2709,2725,2709,2720,45917,423836,0
2026/05/25,0910,2720,2736,2719,2731,20520,420580,0
2026/05/25,0915,2731,2736,2727,2735,11831,418623,0
2026/05/25,0920,2735,2741,2734,2741,14988,417199,0
2026/05/25,0925,2740,2741,2726,2727,10420,416475,0
2026/05/25,0930,2727,2734,2727,2729,5915,416208,0
2026/05/25,0935,2730,2731,2727,2729,4303,415814,0
2026/05/25,0940,2729,2732,2728,2730,2867,415323,0
2026/05/25,0945,2729,2733,2725,2725,3527,415070,0
2026/05/25,0950,2725,2727,2719,2723,7488,414808,0
2026/05/25,0955,2723,2724,2718,2721,3932,414738,0
2026/05/25,1000,2720,2721,2716,2717,3974,414851,0
2026/05/25,1005,2717,2727,2717,2726,4225,414639,0
2026/05/25,1010,2727,2730,2725,2726,3112,414202,0
2026/05/25,1015,2725,2727,2725,2725,1036,414164,0
2026/05/25,1035,2725,2726,2721,2721,2514,414139,0
2026/05/25,1040,2721,2725,2721,2724,1789,413767,0
2026/05/25,1045,2723,2725,2722,2725,1022,413707,0
2026/05/25,1050,2725,2725,2721,2723,1460,413607,0
2026/05/25,1055,2723,2723,2721,2722,1207,413652,0
2026/05/25,1100,2721,2722,2718,2720,2350,414089,0
2026/05/25,1105,2720,2721,2717,2719,1706,414117,0
2026/05/25,1110,2718,2720,2717,2720,1535,414180,0
2026/05/25,1115,2720,2720,2717,2719,2029,414554,0
2026/05/25,1120,2719,2721,2717,2718,1564,414590,0
2026/05/25,1125,2719,2719,2717,2718,1088,414437,0
2026/05/25,1130,2718,2720,2717,2720,1254,414457,0
2026/05/25,1335,2720,2726,2720,2723,3735,414105,0
2026/05/25,1340,2724,2727,2722,2726,2503,414317,0
2026/05/25,1345,2726,2726,2720,2721,1601,414222,0
2026/05/25,1350,2722,2725,2720,2724,1882,414006,0
2026/05/25,1355,2725,2725,2722,2723,1337,414223,0
2026/05/25,1400,2723,2725,2722,2723,1340,414210,0
2026/05/25,1405,2723,2725,2722,2724,1334,414320,0
2026/05/25,1410,2724,2724,2721,2722,1156,414217,0
2026/05/25,1415,2722,2725,2721,2725,1420,414306,0
2026/05/25,1420,2725,2728,2723,2723,2304,414343,0
2026/05/25,1425,2724,2725,2722,2725,765,414361,0
2026/05/25,1430,2724,2727,2724,2726,805,414218,0
2026/05/25,1435,2726,2729,2725,2728,1852,414236,0
2026/05/25,1440,2728,2729,2727,2728,1481,414180,0
2026/05/25,1445,2728,2738,2728,2738,9372,412212,0
2026/05/25,1450,2737,2743,2735,2741,9412,410824,0
2026/05/25,1455,2741,2745,2739,2740,9806,408338,0
2026/05/25,1500,2739,2747,2739,2746,8471,407351,0
2026/05/26,2105,2748,2760,2738,2745,27402,403715,0
2026/05/26,2110,2744,2746,2734,2736,11757,402706,0
2026/05/26,2115,2735,2739,2731,2739,8297,402589,0
2026/05/26,2120,2738,2739,2734,2736,4408,402381,0
2026/05/26,2125,2736,2740,2734,2736,5571,402103,0
2026/05/26,2130,2735,2738,2734,2736,3292,401964,0
2026/05/26,2135,2736,2739,2735,2736,2570,401763,0
2026/05/26,2140,2736,2742,2736,2740,2361,401910,0
2026/05/26,2145,2741,2741,2738,2740,2419,402173,0
2026/05/26,2150,2739,2740,2734,2735,2783,402320,0
2026/05/26,2155,2734,2740,2734,2739,1611,402187,0
2026/05/26,2200,2739,2744,2738,2741,3607,402473,0
2026/05/26,2205,2741,2742,2738,2738,2120,402829,0
2026/05/26,2210,2738,2741,2738,2740,1543,402679,0
2026/05/26,2215,2740,2743,2739,2742,1731,402538,0
2026/05/26,2220,2742,2742,2739,2740,1021,402450,0
2026/05/26,2225,2740,2741,2738,2739,1154,402372,0
2026/05/26,2230,2740,2743,2739,2742,1978,402013,0
2026/05/26,2235,2742,2743,2740,2741,888,401952,0
2026/05/26,2240,2742,2744,2741,2742,1250,402032,0
2026/05/26,2245,2743,2774,2741,2774,23093,402750,0
2026/05/26,2250,2775,2825,2774,2820,96541,402774,0
2026/05/26,2255,2820,2843,2820,2836,65440,398129,0
2026/05/26,2300,2835,2846,2821,2821,50720,391771,0
2026/05/26,2305,2822,2832,2822,2826,28875,393288,0
2026/05/26,2310,2827,2832,2819,2827,23055,393534,0
2026/05/26,2315,2827,2829,2823,2825,8679,393033,0
2026/05/26,2320,2824,2831,2822,2830,10072,392948,0
2026/05/26,2325,2830,2832,2827,2829,6895,392996,0
2026/05/26,2330,2829,2834,2828,2832,9839,391072,0
2026/05/26,2335,2832,2837,2832,2834,11089,390205,0
2026/05/26,2340,2834,2834,2830,2833,4602,389714,0
2026/05/26,2345,2832,2835,2832,2833,4168,388930,0
2026/05/26,2350,2834,2836,2828,2830,8047,387660,0
2026/05/26,2355,2830,2831,2826,2829,3983,386789,0
2026/05/26,0000,2829,2830,2828,2829,2871,386492,0
2026/05/26,0005,2829,2834,2827,2833,4816,385251,0
2026/05/26,0010,2833,2836,2831,2836,3786,385109,0
2026/05/26,0015,2836,2836,2834,2834,3157,385020,0
2026/05/26,0020,2835,2836,2834,2835,1373,384815,0
2026/05/26,0025,2835,2841,2835,2838,7116,384700,0
2026/05/26,0030,2838,2844,2838,2844,5625,385348,0
2026/05/26,0035,2844,2845,2841,2844,3590,385090,0
2026/05/26,0040,2844,2848,2843,2847,8065,385377,0
2026/05/26,0045,2847,2854,2847,2848,10920,384106,0
2026/05/26,0050,2848,2853,2846,2852,7478,383359,0
2026/05/26,0055,2852,2856,2852,2852,6666,382562,0
2026/05/26,0100,2852,2854,2846,2848,8396,379431,0
2026/05/26,0905,2849,2856,2832,2853,43693,375428,0
2026/05/26,0910,2853,2858,2848,2850,19322,375111,0
2026/05/26,0915,2850,2855,2846,2852,13394,373299,0
2026/05/26,0920,2853,2853,2847,2849,8946,372195,0
2026/05/26,0925,2849,2854,2843,2851,10570,370203,0
2026/05/26,0930,2850,2864,2850,2857,17820,370000,0
2026/05/26,0935,2857,2863,2856,2863,8778,370577,0
2026/05/26,0940,2862,2864,2850,2852,10663,370299,0
2026/05/26,0945,2851,2856,2849,2855,6118,369657,0
2026/05/26,0950,2855,2861,2854,2857,6766,369420,0
2026/05/26,0955,2858,2862,2856,2856,5919,370002,0
2026/05/26,1000,2856,2858,2842,2849,14659,366449,0
2026/05/26,1005,2849,2852,2847,2848,5046,366113,0
2026/05/26,1010,2847,2849,2832,2835,17122,363503,0
2026/05/26,1015,2835,2840,2830,2838,16092,362721,0
2026/05/26,1035,2837,2842,2834,2839,7861,362152,0
2026/05/26,1040,2839,2848,2839,2846,6599,362114,0
2026/05/26,1045,2846,2850,2843,2846,6340,362632,0
2026/05/26,1050,2846,2849,2841,2842,4271,363117,0
2026/05/26,1055,2843,2846,2841,2845,3492,363266,0
2026/05/26,1100,2844,2847,2843,2844,2588,362961,0
2026/05/26,1105,2844,2852,2843,2845,6862,364039,0
2026/05/26,1110,2845,2853,2844,2850,5551,363698,0
2026/05/26,1115,2850,2852,2847,2850,2832,363671,0
2026/05/26,1120,2851,2858,2850,2855,6229,364023,0
2026/05/26,1125,2856,2857,2849,2855,6215,362832,0
2026/05/26,1130,2856,2860,2853,2855,5877,362464,0
2026/05/26,1335,2857,2864,2855,2859,14643,364955,0
2026/05/26,1340,2859,2861,2854,2854,6946,365087,0
2026/05/26,1345,2854,2858,2852,2857,6823,364382,0
2026/05/26,1350,2857,2858,2852,2852,3838,364457,0
2026/05/26,1355,2852,2856,2850,2856,5424,364106,0
2026/05/26,1400,2856,2858,2854,2854,3472,364470,0
2026/05/26,1405,2854,2854,2842,2843,11726,363742,0
2026/05/26,1410,2842,2850,2837,2838,11664,362563,0
2026/05/26,1415,2838,2846,2838,2845,4490,362762,0
2026/05/26,1420,2846,2846,2841,2845,3885,362427,0
2026/05/26,1425,2846,2850,2844,2848,3763,361984,0
2026/05/26,1430,2847,2852,2847,2851,3017,361890,0
2026/05/26,1435,2851,2853,2847,2849,3840,361739,0
2026/05/26,1440,2850,2851,2845,2845,4347,361237,0
2026/05/26,1445,2845,2848,2843,2847,5065,360907,0
2026/05/26,1450,2847,2849,2846,2847,3541,360046,0
2026/05/26,1455,2846,2850,2845,2848,4903,358885,0
2026/05/26,1500,2848,2855,2848,2853,10818,357170,0
2026/05/27,2105,2855,2884,2848,2879,67207,359268,0
2026/05/27,2110,2880,2892,2877,2888,32781,362370,0
2026/05/27,2115,2888,2898,2885,2887,34487,364754,0
2026/05/27,2120,2887,2887,2879,2882,21816,366315,0
2026/05/27,2125,2882,2883,2876,2879,16897,366991,0
2026/05/27,2130,2878,2879,2873,2876,12027,366837,0
2026/05/27,2135,2875,2883,2874,2876,13623,367264,0
2026/05/27,2140,2876,2879,2875,2876,4571,367315,0
2026/05/27,2145,2877,2877,2864,2865,24043,367641,0
2026/05/27,2150,2864,2869,2862,2868,13718,368366,0
2026/05/27,2155,2868,2872,2866,2871,7451,368549,0
2026/05/27,2200,2870,2873,2860,2863,12871,367506,0
2026/05/27,2205,2863,2865,2860,2861,8902,368000,0
2026/05/27,2210,2862,2866,2861,2861,5187,367790,0
2026/05/27,2215,2861,2868,2861,2864,6416,367649,0
2026/05/27,2220,2864,2867,2862,2867,4634,367091,0
2026/05/27,2225,2866,2867,2864,2864,2972,367742,0
2026/05/27,2230,2865,2866,2860,2861,4363,367580,0
2026/05/27,2235,2861,2865,2857,2863,7582,366346,0
2026/05/27,2240,2864,2866,2861,2864,3115,366282,0
2026/05/27,2245,2864,2865,2862,2864,2962,366627,0
2026/05/27,2250,2864,2864,2857,2862,7079,366160,0
2026/05/27,2255,2861,2862,2860,2861,2770,366235,0
2026/05/27,2300,2861,2864,2857,2859,6951,365184,0
2026/05/27,2305,2860,2861,2852,2855,15853,365530,0
2026/05/27,2310,2855,2858,2852,2855,6151,365681,0
2026/05/27,2315,2856,2859,2854,2859,3677,365773,0
2026/05/27,2320,2858,2859,2855,2856,2701,365709,0
2026/05/27,2325,2856,2859,2855,2859,1766,365567,0
2026/05/27,2330,2858,2860,2857,2860,1522,365634,0
2026/05/27,2335,2860,2861,2856,2856,3244,365596,0
2026/05/27,2340,2856,2857,2853,2854,3129,365359,0
2026/05/27,2345,2854,2858,2853,2857,2822,365141,0
2026/05/27,2350,2857,2858,2855,2856,1167,365056,0
2026/05/27,2355,2856,2858,2856,2857,645,364899,0
2026/05/27,0000,2857,2859,2856,2859,876,364810,0
2026/05/27,0005,2858,2861,2857,2861,3145,364746,0
2026/05/27,0010,2860,2860,2857,2859,1406,364862,0
2026/05/27,0015,2859,2859,2858,2858,394,364703,0
2026/05/27,0020,2859,2860,2858,2859,711,364498,0
2026/05/27,0025,2860,2860,2858,2859,686,364293,0
2026/05/27,0030,2860,2860,2859,2859,476,364047,0
2026/05/27,0035,2859,2861,2859,2861,876,363862,0
2026/05/27,0040,2860,2861,2857,2858,1197,363709,0
2026/05/27,0045,2857,2858,2856,2857,1431,363393,0
2026/05/27,0050,2857,2858,2856,2856,689,363258,0
2026/05/27,0055,2856,2860,2856,2858,1536,362815,0
2026/05/27,0100,2858,2864,2858,2863,4451,361029,0
2026/05/27,0905,2864,2865,2849,2860,19337,358606,0
2026/05/27,0910,2860,2860,2852,2853,7210,358375,0
2026/05/27,0915,2852,2857,2847,2849,11403,358518,0
2026/05/27,0920,2849,2854,2847,2851,7080,358674,0
2026/05/27,0925,2851,2854,2848,2851,4405,358787,0
2026/05/27,0930,2850,2855,2849,2852,4455,358728,0
2026/05/27,0935,2851,2856,2849,2854,4171,358463,0
2026/05/27,0940,2852,2857,2851,2856,3110,358051,0
2026/05/27,0945,2857,2860,2856,2858,5117,357455,0
2026/05/27,0950,2857,2859,2855,2858,2275,356785,0
2026/05/27,0955,2857,2860,2853,2859,3201,356856,0
2026/05/27,1000,2859,2859,2846,2849,7442,356196,0
2026/05/27,1005,2848,2852,2847,2851,5027,356393,0
2026/05/27,1010,2851,2855,2844,2845,5633,355667,0
2026/05/27,1015,2845,2845,2835,2842,16798,355269,0
2026/05/27,1035,2843,2850,2843,2849,6041,354597,0
2026/05/27,1040,2849,2850,2846,2849,3182,354757,0
2026/05/27,1045,2848,2852,2848,2851,2738,354514,0
2026/05/27,1050,2852,2853,2848,2853,2545,354188,0
2026/05/27,1055,2852,2857,2852,2857,4968,353893,0
2026/05/27,1100,2857,2858,2854,2857,3493,353931,0
2026/05/27,1105,2858,2863,2856,2857,10080,354899,0
2026/05/27,1110,2858,2864,2856,2862,5167,354424,0
2026/05/27,1115,2862,2862,2857,2858,2427,354254,0
2026/05/27,1120,2858,2858,2853,2853,3132,353719,0
2026/05/27,1125,2852,2856,2852,2853,2548,353707,0
2026/05/27,1130,2854,2856,2849,2853,4635,352508,0
2026/05/27,1335,2852,2853,2849,2850,4915,351569,0
2026/05/27,1340,2850,2852,2849,2850,4010,350959,0
2026/05/27,1345,2850,2852,2842,2845,8545,349964,0
2026/05/27,1350,2844,2848,2844,2846,3767,349975,0
2026/05/27,1355,2846,2848,2842,2844,4133,349599,0
2026/05/27,1400,2843,2846,2841,2845,4330,349013,0
2026/05/27,1405,2845,2846,2840,2842,4701,348579,0
2026/05/27,1410,2841,2843,2837,2840,6705,348434,0
2026/05/27,1415,2840,2846,2839,2844,5453,347092,0
2026/05/27,1420,2843,2844,2841,2843,2632,347022,0
2026/05/27,1425,2844,2851,2841,2851,5555,345400,0
2026/05/27,1430,2852,2855,2848,2848,8257,344933,0
2026/05/27,1435,2848,2850,2847,2848,2513,344332,0
2026/05/27,1440,2848,2848,2842,2845,4327,344232,0
2026/05/27,1445,2846,2847,2843,2845,2400,344196,0
2026/05/27,1450,2846,2848,2844,2846,2787,344108,0
2026/05/27,1455,2846,2851,2846,2850,4394,343459,0
2026/05/27,1500,2851,2855,2847,2854,8346,342127,0
2026/05/28,2105,2850,2861,2839,2859,27169,340962,0
2026/05/28,2110,2859,2864,2855,2855,13062,341430,0
2026/05/28,2115,2856,2860,2851,2852,7871,341734,0
2026/05/28,2120,2852,2859,2852,2858,5929,341775,0
2026/05/28,2125,2858,2876,2858,2871,27852,341456,0
2026/05/28,2130,2870,2872,2865,2866,9005,341568,0
2026/05/28,2135,2866,2875,2866,2874,8206,342060,0
2026/05/28,2140,2875,2875,2870,2870,4765,341605,0
2026/05/28,2145,2871,2872,2864,2868,7104,340532,0
2026/05/28,2150,2868,2872,2867,2871,4248,340820,0
2026/05/28,2155,2870,2871,2867,2869,3378,340429,0
2026/05/28,2200,2869,2870,2865,2865,2641,340323,0
2026/05/28,2205,2866,2868,2864,2866,3850,340414,0
2026/05/28,2210,2866,2868,2866,2866,1314,340570,0
2026/05/28,2215,2866,2871,2866,2868,2454,340661,0
2026/05/28,2220,2869,2870,2866,2869,2061,339960,0
2026/05/28,2225,2870,2870,2865,2865,1924,339840,0
2026/05/28,2230,2865,2867,2864,2865,2227,339777,0
2026/05/28,2235,2866,2869,2865,2867,2498,339315,0
2026/05/28,2240,2867,2870,2867,2867,2103,339257,0
2026/05/28,2245,2868,2875,2867,2874,5697,339282,0
2026/05/28,2250,2873,2875,2870,2871,3718,339375,0
2026/05/28,2255,2871,2872,2869,2870,2459,339769,0
2026/05/28,2300,2869,2871,2868,2870,3120,340205,0
2026/05/28,2305,2871,2881,2870,2875,16066,342737,0
2026/05/28,2310,2874,2878,2872,2876,4658,343353,0
2026/05/28,2315,2876,2877,2874,2875,1995,343594,0
2026/05/28,2320,2875,2875,2873,2874,1427,343491,0
2026/05/28,2325,2873,2875,2872,2872,2480,343374,0
2026/05/28,2330,2873,2875,2872,2872,1822,343452,0
2026/05/28,2335,2873,2874,2869,2869,3371,342336,0
2026/05/28,2340,2870,2872,2869,2870,1612,342045,0
2026/05/28,2345,2870,2872,2870,2871,848,342017,0
2026/05/28,2350,2871,2873,2871,2873,741,341949,0
2026/05/28,2355,2873,2873,2871,2872,557,341982,0
2026/05/28,0000,2872,2873,2868,2869,1946,341585,0
2026/05/28,0005,2869,2871,2868,2870,1294,341238,0
2026/05/28,0010,2869,2870,2868,2869,847,341068,0
2026/05/28,0015,2869,2870,2868,2870,632,341085,0
2026/05/28,0020,2870,2870,2869,2869,509,340984,0
2026/05/28,0025,2870,2871,2869,2871,430,340894,0
2026/05/28,0030,2871,2872,2870,2872,869,340555,0
2026/05/28,0035,2872,2872,2870,2871,305,340617,0
2026/05/28,0040,2870,2871,2869,2869,714,340467,0
2026/05/28,0045,2870,2870,2869,2869,206,340438,0
2026/05/28,0050,2869,2870,2868,2869,1103,340048,0
2026/05/28,0055,2870,2870,2867,2867,1341,339466,0
2026/05/28,0100,2867,2869,2865,2867,2150,338586,0
2026/05/28,0905,2868,2871,2855,2857,15994,335746,0
2026/05/28,0910,2858,2861,2857,2858,4312,335676,0
2026/05/28,0915,2858,2858,2852,2855,8034,336028,0
2026/05/28,0920,2856,2860,2854,2859,3471,336162,0
2026/05/28,0925,2859,2860,2856,2857,1823,335897,0
2026/05/28,0930,2857,2859,2855,2858,1870,335720,0
2026/05/28,0935,2857,2858,2856,2857,1929,335733,0
2026/05/28,0940,2857,2857,2853,2856,2408,335655,0
2026/05/28,0945,2856,2858,2854,2857,1270,335713,0
2026/05/28,0950,2857,2857,2848,2851,5881,335663,0
2026/05/28,0955,2852,2855,2848,2850,3676,335142,0
2026/05/28,1000,2850,2856,2847,2855,4703,334093,0
2026/05/28,1005,2856,2857,2849,2852,3271,334081,0
2026/05/28,1010,2851,2854,2848,2848,2358,334031,0
2026/05/28,1015,2849,2852,2847,2850,3272,334628,0
2026/05/28,1035,2851,2852,2849,2852,1955,334541,0
2026/05/28,1040,2851,2855,2851,2855,2406,334361,0
2026/05/28,1045,2855,2859,2854,2857,3474,333998,0
2026/05/28,1050,2858,2862,2855,2856,3958,333093,0
2026/05/28,1055,2856,2857,2852,2853,1636,333236,0
2026/05/28,1100,2852,2860,2852,2858,2255,332894,0
2026/05/28,1105,2858,2865,2858,2864,4743,332729,0
2026/05/28,1110,2864,2864,2861,2863,2355,332143,0
2026/05/28,1115,2863,2865,2860,2863,2423,332067,0
2026/05/28,1120,2864,2864,2860,2861,2168,331887,0
2026/05/28,1125,2861,2862,2856,2862,3545,331588,0
2026/05/28,1130,2861,2870,2861,2866,7601,332001,0
2026/05/28,1335,2867,2870,2865,2868,4387,332193,0
2026/05/28,1340,2867,2868,2864,2865,2238,331813,0
2026/05/28,1345,2866,2866,2863,2866,2683,331179,0
2026/05/28,1350,2865,2869,2862,2868,3114,331021,0
2026/05/28,1355,2869,2870,2864,2869,3990,330365,0
2026/05/28,1400,2869,2869,2865,2867,1518,330610,0
2026/05/28,1405,2867,2872,2866,2870,2826,330865,0
2026/05/28,1410,2870,2872,2868,2869,2595,330924,0
2026/05/28,1415,2870,2870,2867,2869,2019,330839,0
2026/05/28,1420,2868,2873,2868,2869,2695,330575,0
2026/05/28,1425,2869,2871,2866,2867,2828,330406,0
2026/05/28,1430,2867,2869,2867,2868,1283,330528,0
2026/05/28,1435,2867,2873,2867,2873,2276,330571,0
2026/05/28,1440,2872,2873,2866,2867,2755,330566,0
2026/05/28,1445,2867,2868,2864,2865,4173,329656,0
2026/05/28,1450,2866,2870,2865,2869,2538,329510,0
2026/05/28,1455,2869,2870,2865,2865,3306,330219,0
2026/05/28,1500,2865,2868,2865,2868,5784,329632,0
2026/05/29,2105,2876,2898,2868,2898,39771,335495,0
2026/05/29,2110,2900,2900,2885,2885,23238,337863,0
2026/05/29,2115,2885,2889,2875,2876,17291,338547,0
2026/05/29,2120,2877,2880,2873,2875,10528,338963,0
2026/05/29,2125,2875,2880,2872,2873,8706,340610,0
2026/05/29,2130,2874,2877,2870,2873,8359,341941,0
2026/05/29,2135,2873,2875,2870,2873,5437,343249,0
2026/05/29,2140,2873,2875,2872,2874,3036,343257,0
2026/05/29,2145,2874,2877,2871,2875,4772,344058,0
2026/05/29,2150,2875,2877,2871,2871,3280,343998,0
2026/05/29,2155,2872,2875,2871,2873,2697,343754,0
2026/05/29,2200,2874,2877,2874,2876,2683,343854,0
2026/05/29,2205,2876,2878,2874,2874,3063,343789,0
2026/05/29,2210,2875,2875,2867,2874,6969,343027,0
2026/05/29,2215,2874,2876,2871,2874,3026,342966,0
2026/05/29,2220,2873,2877,2872,2875,2400,342742,0
2026/05/29,2225,2875,2877,2874,2875,1558,342978,0
2026/05/29,2230,2875,2877,2872,2872,2073,342601,0
2026/05/29,2235,2873,2874,2870,2873,3062,343020,0
2026/05/29,2240,2872,2875,2872,2875,1274,342953,0
2026/05/29,2245,2875,2888,2873,2887,14907,342334,0
2026/05/29,2250,2888,2888,2881,2881,7390,343014,0
2026/05/29,2255,2882,2884,2880,2882,3705,343312,0
2026/05/29,2300,2882,2886,2882,2883,4650,344346,0
2026/05/29,2305,2883,2885,2881,2881,3654,345198,0
2026/05/29,2310,2881,2883,2880,2883,2170,345335,0
2026/05/29,2315,2882,2883,2881,2882,1123,345022,0
2026/05/29,2320,2883,2884,2881,2884,1921,344536,0
2026/05/29,2325,2884,2886,2882,2885,2152,344686,0
2026/05/29,2330,2885,2885,2883,2885,1417,344984,0
2026/05/29,2335,2884,2885,2882,2882,1128,344908,0
2026/05/29,2340,2882,2884,2882,2883,878,344893,0
2026/05/29,2345,2883,2883,2882,2883,526,344752,0
2026/05/29,2350,2883,2883,2881,2881,983,344492,0
2026/05/29,2355,2882,2882,2879,2879,2602,343508,0
2026/05/29,0000,2880,2882,2879,2881,1114,343164,0
2026/05/29,0005,2881,2883,2881,2883,1294,343061,0
2026/05/29,0010,2882,2883,2882,2883,446,342919,0
2026/05/29,0015,2883,2883,2881,2882,731,342953,0
2026/05/29,0020,2881,2882,2880,2881,818,342844,0
2026/05/29,0025,2882,2883,2881,2882,380,342703,0
2026/05/29,0030,2882,2883,2881,2882,332,342569,0
2026/05/29,0035,2881,2883,2881,2883,320,342474,0
2026/05/29,0040,2883,2883,2881,2882,581,342287,0
2026/05/29,0045,2882,2882,2881,2882,280,342173,0
2026/05/29,0050,2882,2883,2880,2882,1014,341936,0
2026/05/29,0055,2881,2882,2880,2881,702,341544,0
2026/05/29,0100,2881,2883,2881,2881,1698,340593,0
2026/05/29,0905,2879,2882,2871,2880,11274,338152,0
2026/05/29,0910,2880,2882,2874,2875,4237,337686,0
2026/05/29,0915,2875,2885,2875,2883,4831,337767,0
2026/05/29,0920,2882,2882,2878,2880,3316,338504,0
2026/05/29,0925,2879,2883,2878,2882,2894,338293,0
2026/05/29,0930,2882,2886,2881,2885,5211,338730,0
2026/05/29,0935,2885,2891,2883,2886,9440,337794,0
2026/05/29,0940,2886,2893,2886,2891,6315,337888,0
2026/05/29,0945,2890,2895,2888,2894,5026,337975,0
2026/05/29,0950,2895,2896,2889,2889,5767,338010,0
2026/05/29,0955,2889,2890,2886,2888,3663,336851,0
2026/05/29,1000,2888,2890,2887,2890,1976,336889,0
2026/05/29,1005,2889,2892,2888,2891,2462,336963,0
2026/05/29,1010,2891,2894,2888,2894,3970,336296,0
2026/05/29,1015,2894,2894,2890,2891,1283,336084,0
2026/05/29,1035,2891,2907,2890,2905,24028,338174,0
2026/05/29,1040,2905,2909,2900,2903,11634,338976,0
2026/05/29,1045,2902,2906,2898,2899,7232,339034,0
2026/05/29,1050,2899,2900,2891,2893,7891,337110,0
2026/05/29,1055,2894,2896,2893,2896,3778,336588,0
2026/05/29,1100,2896,2898,2894,2896,2406,336561,0
2026/05/29,1105,2896,2897,2893,2896,2085,336410,0
2026/05/29,1110,2895,2896,2892,2893,2420,335576,0
2026/05/29,1115,2892,2895,2886,2890,6578,333373,0
2026/05/29,1120,2890,2895,2889,2895,2259,333442,0
2026/05/29,1125,2895,2897,2894,2894,2709,334299,0
2026/05/29,1130,2895,2896,2893,2894,2004,333669,0
2026/05/29,1335,2895,2901,2895,2900,4737,334165,0
2026/05/29,1340,2899,2905,2899,2903,6041,334260,0
2026/05/29,1345,2902,2903,2900,2902,3987,334190,0
2026/05/29,1350,2902,2906,2901,2903,6140,334220,0
2026/05/29,1355,2903,2904,2900,2900,2055,333918,0
2026/05/29,1400,2900,2902,2898,2899,3518,333642,0
2026/05/29,1405,2899,2900,2894,2895,4663,333051,0
2026/05/29,1410,2895,2896,2890,2893,6035,332387,0
2026/05/29,1415,2894,2903,2893,2898,6051,332556,0
2026/05/29,1420,2898,2902,2896,2900,3101,333084,0
2026/05/29,1425,2900,2901,2897,2897,1655,333056,0
2026/05/29,1430,2898,2898,2894,2895,2544,332584,0
2026/05/29,1435,2895,2900,2895,2898,2239,332398,0
2026/05/29,1440,2899,2900,2897,2900,1515,332502,0
2026/05/29,1445,2899,2910,2898,2908,8891,333043,0
2026/05/29,1450,2908,2913,2905,2906,12714,332874,0
2026/05/29,1455,2907,2908,2898,2898,11401,331999,0
2026/05/29,1500,2899,2900,2894,2897,11668,329429,0
2026/06/01,2105,2898,2909,2892,2906,18836,328558,0
2026/06/01,2110,2907,2910,2893,2894,11503,329558,0
2026/06/01,2115,2895,2896,2893,2895,5982,329721,0
2026/06/01,2120,2895,2897,2890,2894,7962,329106,0
2026/06/01,2125,2894,2896,2891,2893,3265,329258,0
2026/06/01,2130,2894,2896,2891,2896,3079,329340,0
2026/06/01,2135,2896,2896,2892,2896,2647,329105,0
2026/06/01,2140,2895,2896,2893,2893,1806,329050,0
2026/06/01,2145,2894,2895,2891,2895,1681,328805,0
2026/06/01,2150,2895,2895,2886,2889,9054,327500,0
2026/06/01,2155,2889,2892,2888,2890,2087,327365,0
2026/06/01,2200,2890,2894,2890,2893,2538,326998,0
2026/06/01,2205,2893,2894,2891,2892,1166,326802,0
2026/06/01,2210,2892,2892,2888,2888,2596,327065,0
2026/06/01,2215,2888,2890,2888,2890,1895,326998,0
2026/06/01,2220,2889,2891,2883,2885,5702,326467,0
2026/06/01,2225,2884,2887,2883,2886,3382,326471,0
2026/06/01,2230,2887,2888,2881,2884,5840,326903,0
2026/06/01,2235,2884,2886,2883,2885,2492,327041,0
2026/06/01,2240,2884,2886,2884,2884,1881,327200,0
2026/06/01,2245,2885,2885,2881,2884,2841,327332,0
2026/06/01,2250,2884,2887,2883,2886,2124,327557,0
2026/06/01,2255,2886,2890,2884,2890,4416,327261,0
2026/06/01,2300,2890,2892,2888,2891,3925,327726,0
2026/06/01,2305,2891,2892,2888,2889,5517,329010,0
2026/06/01,2310,2889,2889,2887,2887,1795,328956,0
2026/06/01,2315,2887,2890,2887,2889,1857,328936,0
2026/06/01,2320,2889,2889,2886,2886,1520,329126,0
2026/06/01,2325,2886,2887,2885,2887,2109,328800,0
2026/06/01,2330,2887,2887,2885,2887,785,328747,0
2026/06/01,2335,2887,2888,2886,2886,1260,328862,0
2026/06/01,2340,2886,2887,2885,2887,918,328787,0
2026/06/01,2345,2886,2887,2885,2886,566,328651,0
2026/06/01,2350,2886,2887,2885,2885,613,328514,0
2026/06/01,2355,2885,2887,2885,2887,489,328441,0
2026/06/01,0000,2887,2887,2886,2887,282,328353,0
2026/06/01,0005,2886,2887,2885,2886,722,328041,0
2026/06/01,0010,2885,2886,2883,2884,1897,327494,0
2026/06/01,0015,2883,2884,2883,2884,430,327437,0
2026/06/01,0020,2884,2886,2883,2886,763,327487,0
2026/06/01,0025,2885,2886,2883,2884,655,327241,0
2026/06/01,0030,2883,2886,2883,2885,436,327086,0
2026/06/01,0035,2884,2886,2884,2885,504,326952,0
2026/06/01,0040,2886,2887,2885,2887,612,326723,0
2026/06/01,0045,2887,2887,2886,2887,271,326621,0
2026/06/01,0050,2887,2888,2886,2887,416,326425,0
2026/06/01,0055,2887,2888,2885,2886,920,325919,0
2026/06/01,0100,2886,2888,2886,2888,1454,324860,0
2026/06/01,0905,2888,2896,2883,2883,16741,322270,0
2026/06/01,0910,2883,2885,2871,2871,21186,320403,0
2026/06/01,0915,2871,2875,2868,2875,12929,319701,0
2026/06/01,0920,2875,2877,2870,2874,7486,318711,0
2026/06/01,0925,2875,2881,2872,2880,6556,318117,0
2026/06/01,0930,2879,2883,2877,2881,5447,317373,0
2026/06/01,0935,2880,2885,2877,2885,4438,316613,0
2026/06/01,0940,2885,2890,2884,2887,5896,315978,0
2026/06/01,0945,2887,2895,2886,2893,6380,315011,0
2026/06/01,0950,2893,2902,2893,2900,9653,314229,0
2026/06/01,0955,2900,2903,2896,2901,7562,313705,0
2026/06/01,1000,2901,2903,2898,2900,5136,313406,0
2026/06/01,1005,2899,2900,2892,2893,6356,313315,0
2026/06/01,1010,2893,2900,2893,2899,3720,312891,0
2026/06/01,1015,2900,2902,2895,2902,3985,313100,0
2026/06/01,1035,2902,2905,2898,2901,4937,313105,0
2026/06/01,1040,2902,2907,2900,2905,4850,313299,0
2026/06/01,1045,2905,2908,2901,2907,5004,313397,0
2026/06/01,1050,2907,2907,2897,2898,4918,312770,0
2026/06/01,1055,2898,2900,2894,2897,5745,312418,0
2026/06/01,1100,2897,2899,2894,2899,2441,312487,0
2026/06/01,1105,2899,2901,2896,2899,2876,312341,0
2026/06/01,1110,2899,2900,2896,2897,1466,312055,0
2026/06/01,1115,2897,2898,2894,2894,1853,311932,0
2026/06/01,1120,2895,2895,2874,2876,17663,311615,0
2026/06/01,1125,2876,2876,2868,2874,15703,312581,0
2026/06/01,1130,2874,2879,2872,2878,5324,312357,0
2026/06/01,1335,2877,2880,2872,2878,7408,313312,0
2026/06/01,1340,2878,2884,2877,2881,5168,313737,0
2026/06/01,1345,2882,2887,2881,2886,3423,313824,0
2026/06/01,1350,2886,2891,2884,2890,5750,314150,0
2026/06/01,1355,2890,2900,2886,2892,9532,314981,0
2026/06/01,1400,2892,2894,2886,2887,4264,314424,0
2026/06/01,1405,2886,2889,2884,2887,3720,314181,0
2026/06/01,1410,2887,2891,2886,2890,2496,314171,0
2026/06/01,1415,2889,2890,2883,2885,3221,313818,0
2026/06/01,1420,2885,2886,2881,2881,2785,313911,0
2026/06/01,1425,2881,2884,2879,2884,4980,313400,0
2026/06/01,1430,2883,2886,2882,2885,1615,313304,0
2026/06/01,1435,2884,2885,2883,2884,1209,313240,0
2026/06/01,1440,2884,2886,2884,2886,2135,313063,0
2026/06/01,1445,2885,2890,2885,2888,3491,312953,0
2026/06/01,1450,2888,2892,2887,2890,4523,312585,0
2026/06/01,1455,2890,2892,2887,2889,3498,312172,0
2026/06/01,1500,2890,2892,2888,2892,4007,311559,0
2026/06/02,2105,2890,2890,2855,2858,43901,316261,0
2026/06/02,2110,2858,2864,2845,2852,29779,320988,0
2026/06/02,2115,2851,2855,2847,2855,13019,323212,0
2026/06/02,2120,2855,2858,2853,2856,8059,323731,0
2026/06/02,2125,2856,2863,2855,2861,8078,323613,0
2026/06/02,2130,2862,2864,2855,2857,6676,323627,0
2026/06/02,2135,2858,2860,2853,2859,5207,323636,0
2026/06/02,2140,2859,2861,2858,2859,1907,323995,0
2026/06/02,2145,2859,2863,2859,2863,2977,323886,0
2026/06/02,2150,2863,2867,2860,2866,5822,323136,0
2026/06/02,2155,2865,2866,2863,2866,2347,322762,0
2026/06/02,2200,2865,2866,2861,2862,2475,322420,0
2026/06/02,2205,2862,2863,2858,2860,4474,322344,0
2026/06/02,2210,2859,2866,2859,2864,3920,322326,0
2026/06/02,2215,2864,2865,2862,2863,1008,322371,0
2026/06/02,2220,2863,2863,2861,2862,1212,322375,0
2026/06/02,2225,2861,2865,2861,2864,1253,322425,0
2026/06/02,2230,2864,2869,2864,2868,3273,322193,0
2026/06/02,2235,2867,2869,2865,2865,2159,322334,0
2026/06/02,2240,2865,2866,2864,2866,843,322159,0
2026/06/02,2245,2865,2869,2864,2869,1616,322213,0
2026/06/02,2250,2869,2869,2864,2864,1996,321708,0
2026/06/02,2255,2864,2867,2864,2865,1443,321808,0
2026/06/02,2300,2865,2869,2864,2869,2684,322237,0
2026/06/02,2305,2869,2870,2866,2868,3479,323032,0
2026/06/02,2310,2868,2868,2865,2865,1312,323188,0
2026/06/02,2315,2866,2866,2863,2865,2489,323057,0
2026/06/02,2320,2865,2866,2864,2865,586,323012,0
2026/06/02,2325,2866,2869,2865,2867,1673,322911,0
2026/06/02,2330,2868,2868,2867,2867,457,322919,0
2026/06/02,2335,2867,2869,2867,2868,1134,322996,0
2026/06/02,2340,2868,2873,2867,2873,2431,322173,0
2026/06/02,2345,2873,2874,2871,2872,1640,321789,0
2026/06/02,2350,2873,2876,2872,2875,3500,321151,0
2026/06/02,2355,2875,2877,2874,2875,1337,320895,0
2026/06/02,0000,2875,2875,2871,2871,1510,320456,0
2026/06/02,0005,2871,2872,2870,2872,822,320304,0
2026/06/02,0010,2871,2874,2871,2872,940,320340,0
2026/06/02,0015,2873,2873,2871,2871,347,320206,0
2026/06/02,0020,2872,2873,2871,2873,424,320184,0
2026/06/02,0025,2872,2873,2870,2871,451,320049,0
2026/06/02,0030,2871,2873,2871,2873,383,319960,0
2026/06/02,0035,2872,2873,2871,2871,289,319846,0
2026/06/02,0040,2871,2873,2871,2873,275,319659,0
2026/06/02,0045,2873,2873,2871,2871,325,319680,0
2026/06/02,0050,2871,2872,2870,2871,1125,319292,0
2026/06/02,0055,2872,2873,2870,2873,613,318944,0
2026/06/02,0100,2872,2873,2867,2868,1954,317929,0
2026/06/02,0905,2869,2872,2864,2868,10152,317391,0
2026/06/02,0910,2868,2869,2861,2862,4680,317688,0
2026/06/02,0915,2862,2865,2854,2861,9849,317362,0
2026/06/02,0920,2862,2864,2860,2860,2549,317458,0
2026/06/02,0925,2860,2867,2860,2866,3052,317559,0
2026/06/02,0930,2865,2867,2864,2867,1744,317668,0
2026/06/02,0935,2867,2867,2859,2861,2214,317523,0
2026/06/02,0940,2860,2862,2858,2862,1607,317545,0
2026/06/02,0945,2862,2863,2858,2860,2425,317002,0
2026/06/02,0950,2861,2863,2854,2854,3372,316491,0
2026/06/02,0955,2855,2855,2845,2847,12773,315668,0
2026/06/02,1000,2848,2850,2842,2844,7377,315899,0
2026/06/02,1005,2844,2848,2842,2847,4687,316088,0
2026/06/02,1010,2847,2850,2845,2849,3187,315922,0
2026/06/02,1015,2849,2850,2824,2827,20493,315051,0
2026/06/02,1035,2827,2839,2826,2838,11010,314267,0
2026/06/02,1040,2837,2839,2834,2835,3366,314522,0
2026/06/02,1045,2835,2841,2831,2839,4555,314250,0
2026/06/02,1050,2839,2846,2836,2844,5756,313459,0
2026/06/02,1055,2844,2844,2840,2842,2214,313549,0
2026/06/02,1100,2843,2844,2841,2844,1490,313542,0
2026/06/02,1105,2844,2845,2841,2845,2188,313479,0
2026/06/02,1110,2845,2848,2844,2845,2987,313694,0
2026/06/02,1115,2846,2846,2842,2845,1541,313610,0
2026/06/02,1120,2844,2848,2839,2847,4013,314059,0
2026/06/02,1125,2847,2849,2844,2844,1912,313757,0
2026/06/02,1130,2845,2846,2842,2845,1537,313899,0
2026/06/02,1335,2844,2849,2844,2848,2970,313625,0
2026/06/02,1340,2848,2851,2847,2847,3478,313597,0
2026/06/02,1345,2848,2851,2846,2848,1986,313645,0
2026/06/02,1350,2848,2854,2847,2851,3214,312929,0
2026/06/02,1355,2852,2856,2850,2851,2778,312778,0
2026/06/02,1400,2851,2856,2850,2856,3260,312102,0
2026/06/02,1405,2855,2856,2849,2850,3414,312322,0
2026/06/02,1410,2851,2851,2847,2848,2293,312526,0
2026/06/02,1415,2848,2849,2844,2845,2831,312061,0
2026/06/02,1420,2845,2848,2843,2848,2792,311629,0
2026/06/02,1425,2848,2850,2847,2849,1621,311520,0
2026/06/02,1430,2849,2849,2847,2848,934,311440,0
2026/06/02,1435,2848,2848,2842,2842,2644,311449,0
2026/06/02,1440,2842,2843,2838,2842,4304,311714,0
2026/06/02,1445,2841,2847,2841,2844,3125,311245,0
2026/06/02,1450,2844,2852,2844,2850,3831,310468,0
2026/06/02,1455,2851,2851,2846,2848,2520,309563,0
2026/06/02,1500,2848,2853,2848,2851,5871,308963,0
2026/06/03,2105,2852,2855,2840,2846,15032,309656,0
2026/06/03,2110,2845,2846,2836,2838,9541,311387,0
2026/06/03,2115,2837,2842,2834,2838,7099,312755,0
2026/06/03,2120,2838,2843,2838,2841,3447,313535,0
2026/06/03,2125,2841,2842,2838,2838,2270,313815,0
2026/06/03,2130,2838,2840,2837,2838,2136,314065,0
2026/06/03,2135,2837,2839,2835,2839,2246,314048,0
2026/06/03,2140,2839,2839,2831,2832,6686,314885,0
2026/06/03,2145,2832,2835,2831,2833,3805,314780,0
2026/06/03,2150,2833,2836,2832,2833,3032,314332,0
2026/06/03,2155,2833,2835,2831,2832,2176,314320,0
2026/06/03,2200,2831,2832,2826,2827,7368,314823,0
2026/06/03,2205,2827,2833,2827,2832,3493,315125,0
2026/06/03,2210,2832,2835,2829,2833,4731,314658,0
2026/06/03,2215,2833,2834,2832,2832,1809,314784,0
2026/06/03,2220,2832,2834,2832,2834,1043,314635,0
2026/06/03,2225,2834,2834,2829,2830,3061,314654,0
2026/06/03,2230,2829,2834,2829,2831,2359,314666,0
2026/06/03,2235,2830,2832,2827,2829,3542,315012,0
2026/06/03,2240,2829,2830,2827,2830,1719,314988,0
2026/06/03,2245,2829,2830,2826,2827,3400,315687,0
2026/06/03,2250,2827,2829,2825,2828,4268,315679,0
2026/06/03,2255,2829,2831,2828,2829,1994,316052,0
2026/06/03,2300,2828,2830,2826,2830,2628,316467,0
2026/06/03,2305,2830,2830,2826,2827,2985,317452,0
2026/06/03,2310,2826,2828,2821,2823,7876,317853,0
2026/06/03,2315,2823,2823,2821,2821,3213,318733,0
2026/06/03,2320,2822,2825,2821,2822,3182,318622,0
2026/06/03,2325,2822,2824,2822,2823,853,318523,0
2026/06/03,2330,2823,2824,2821,2823,1660,318509,0
2026/06/03,2335,2823,2823,2821,2823,1024,318291,0
2026/06/03,2340,2822,2823,2822,2823,555,318162,0
2026/06/03,2345,2823,2823,2822,2822,473,318065,0
2026/06/03,2350,2822,2824,2822,2824,930,318128,0
2026/06/03,2355,2825,2825,2822,2822,1048,318372,0
2026/06/03,0000,2822,2824,2822,2824,1022,318331,0
2026/06/03,0005,2824,2824,2823,2824,417,318400,0
2026/06/03,0010,2824,2824,2823,2824,295,318342,0
2026/06/03,0015,2824,2824,2823,2824,425,318240,0
2026/06/03,0020,2823,2824,2823,2824,244,318234,0
2026/06/03,0025,2823,2824,2822,2823,413,318095,0
2026/06/03,0030,2823,2824,2817,2818,4986,317002,0
2026/06/03,0035,2819,2821,2817,2819,2214,316715,0
2026/06/03,0040,2819,2820,2818,2819,817,316749,0
2026/06/03,0045,2820,2820,2817,2818,857,316988,0
2026/06/03,0050,2817,2821,2817,2820,1441,316803,0
2026/06/03,0055,2819,2821,2819,2820,507,316747,0
2026/06/03,0100,2821,2822,2819,2820,1540,316237,0
2026/06/03,0905,2822,2828,2820,2825,7983,315662,0
2026/06/03,0910,2825,2826,2819,2821,4211,315858,0
2026/06/03,0915,2821,2825,2820,2821,2324,315922,0
2026/06/03,0920,2821,2822,2818,2819,3666,315379,0
2026/06/03,0925,2819,2820,2814,2817,6617,315141,0
2026/06/03,0930,2817,2818,2810,2812,8752,314977,0
2026/06/03,0935,2813,2818,2812,2817,2901,314611,0
2026/06/03,0940,2817,2819,2814,2815,1842,314608,0
2026/06/03,0945,2815,2817,2814,2816,1742,314823,0
2026/06/03,0950,2817,2817,2812,2813,2239,314939,0
2026/06/03,0955,2814,2814,2808,2809,5861,315992,0
2026/06/03,1000,2810,2811,2807,2811,3865,316509,0
2026/06/03,1005,2811,2811,2805,2805,3823,316909,0
2026/06/03,1010,2806,2808,2803,2805,7169,316582,0
2026/06/03,1015,2806,2807,2802,2803,2838,317063,0
2026/06/03,1035,2803,2805,2794,2795,12983,317606,0
2026/06/03,1040,2795,2807,2794,2806,8622,316439,0
2026/06/03,1045,2806,2810,2805,2807,5549,315624,0
2026/06/03,1050,2808,2808,2804,2807,2064,315507,0
2026/06/03,1055,2808,2814,2808,2812,5255,315549,0
2026/06/03,1100,2811,2815,2811,2815,2044,315131,0
2026/06/03,1105,2815,2816,2811,2813,3324,315338,0
2026/06/03,1110,2813,2814,2808,2810,2981,315598,0
2026/06/03,1115,2810,2812,2807,2812,1946,315487,0
2026/06/03,1120,2812,2814,2811,2814,2100,315448,0
2026/06/03,1125,2813,2814,2809,2810,1533,315666,0
2026/06/03,1130,2810,2812,2806,2812,2511,315520,0
2026/06/03,1335,2812,2815,2809,2814,2336,315666,0
2026/06/03,1340,2813,2819,2811,2816,4681,315699,0
2026/06/03,1345,2816,2817,2813,2816,1918,315873,0
2026/06/03,1350,2815,2817,2814,2816,1824,316087,0
2026/06/03,1355,2816,2817,2814,2815,840,316194,0
2026/06/03,1400,2815,2819,2813,2813,2290,316625,0
2026/06/03,1405,2813,2816,2812,2814,1422,316682,0
2026/06/03,1410,2813,2815,2812,2813,1194,316531,0
2026/06/03,1415,2814,2816,2812,2815,1348,316628,0
2026/06/03,1420,2815,2815,2812,2815,1001,316771,0
2026/06/03,1425,2815,2816,2813,2816,895,316659,0
2026/06/03,1430,2816,2816,2813,2814,1108,316500,0
2026/06/03,1435,2815,2817,2810,2812,2791,316344,0
2026/06/03,1440,2811,2813,2808,2812,2690,316234,0
2026/06/03,1445,2811,2814,2811,2814,1444,316363,0
2026/06/03,1450,2814,2815,2813,2813,1503,316097,0
2026/06/03,1455,2813,2813,2809,2810,3201,315568,0
2026/06/03,1500,2811,2814,2810,2813,4787,314161,0
2026/06/04,2105,2805,2816,2805,2811,12808,315234,0
2026/06/04,2110,2811,2818,2809,2810,7263,316726,0
2026/06/04,2115,2810,2818,2810,2814,3841,317062,0
2026/06/04,2120,2815,2818,2813,2815,3946,317763,0
2026/06/04,2125,2815,2818,2813,2817,2771,318361,0
2026/06/04,2130,2818,2820,2816,2818,6415,318634,0
2026/06/04,2135,2817,2820,2816,2820,3673,318494,0
2026/06/04,2140,2820,2821,2817,2817,3860,319170,0
2026/06/04,2145,2817,2831,2816,2824,13494,319060,0
2026/06/04,2150,2825,2826,2818,2819,5597,318630,0
2026/06/04,2155,2820,2821,2818,2819,2134,318852,0
2026/06/04,2200,2820,2820,2815,2819,3479,318372,0
2026/06/04,2205,2819,2820,2817,2818,1615,318692,0
2026/06/04,2210,2817,2820,2816,2818,1391,318795,0
2026/06/04,2215,2817,2819,2816,2819,963,318569,0
2026/06/04,2220,2820,2823,2819,2823,1995,319101,0
2026/06/04,2225,2823,2823,2819,2819,2005,318876,0
2026/06/04,2230,2819,2821,2819,2820,897,318965,0
2026/06/04,2235,2821,2822,2819,2822,917,319007,0
2026/06/04,2240,2822,2823,2820,2821,1933,319354,0
2026/06/04,2245,2822,2823,2821,2822,817,319404,0
2026/06/04,2250,2822,2823,2819,2819,1892,319559,0
2026/06/04,2255,2819,2820,2818,2818,1635,319715,0
2026/06/04,2300,2819,2823,2818,2823,2798,319948,0
2026/06/04,2305,2823,2823,2820,2822,2483,320741,0
2026/06/04,2310,2823,2823,2820,2820,1456,321177,0
2026/06/04,2315,2820,2821,2818,2820,1424,321369,0
2026/06/04,2320,2819,2822,2818,2822,1147,321099,0
2026/06/04,2325,2821,2823,2821,2822,1411,320499,0
2026/06/04,2330,2822,2826,2822,2823,2890,320202,0
2026/06/04,2335,2824,2824,2822,2823,674,320227,0
2026/06/04,2340,2823,2823,2822,2822,298,320171,0
2026/06/04,2345,2822,2823,2821,2822,694,319988,0
2026/06/04,2350,2822,2822,2820,2821,456,319912,0
2026/06/04,2355,2821,2822,2820,2820,698,319768,0
2026/06/04,0000,2820,2822,2820,2821,237,319753,0
2026/06/04,0005,2821,2821,2819,2819,715,319745,0
2026/06/04,0010,2819,2820,2817,2818,1688,319866,0
2026/06/04,0015,2818,2819,2817,2818,291,319800,0
2026/06/04,0020,2819,2820,2818,2819,339,319783,0
2026/06/04,0025,2820,2820,2818,2819,211,319781,0
2026/06/04,0030,2820,2820,2819,2819,151,319793,0
2026/06/04,0035,2819,2820,2819,2819,146,319764,0
2026/06/04,0040,2819,2820,2818,2819,303,319701,0
2026/06/04,0045,2818,2819,2817,2818,495,319451,0
2026/06/04,0050,2818,2818,2816,2818,496,319234,0
2026/06/04,0055,2818,2819,2817,2819,436,318982,0
2026/06/04,0100,2819,2819,2817,2819,912,318502,0
2026/06/04,0905,2821,2822,2809,2810,9714,317195,0
2026/06/04,0910,2809,2812,2807,2809,7240,317906,0
2026/06/04,0915,2809,2811,2805,2806,5855,317668,0
2026/06/04,0920,2806,2810,2803,2805,4733,317962,0
2026/06/04,0925,2805,2807,2802,2806,3728,318012,0
2026/06/04,0930,2805,2808,2805,2806,2182,318053,0
2026/06/04,0935,2807,2807,2801,2805,3400,318632,0
2026/06/04,0940,2805,2806,2798,2800,5023,318109,0
2026/06/04,0945,2800,2801,2798,2800,2595,317761,0
2026/06/04,0950,2800,2800,2783,2784,13699,317264,0
2026/06/04,0955,2784,2788,2782,2787,9728,318255,0
2026/06/04,1000,2787,2794,2786,2794,5803,316886,0
2026/06/04,1005,2794,2794,2787,2789,4012,317499,0
2026/06/04,1010,2788,2790,2786,2788,2084,317992,0
2026/06/04,1015,2787,2790,2786,2788,2201,318377,0
2026/06/04,1035,2787,2787,2775,2776,11023,318868,0
2026/06/04,1040,2777,2779,2774,2776,5259,319027,0
2026/06/04,1045,2775,2776,2765,2765,8463,319073,0
2026/06/04,1050,2766,2772,2765,2769,8872,319150,0
2026/06/04,1055,2769,2770,2762,2766,6396,320138,0
2026/06/04,1100,2765,2767,2760,2762,5508,321134,0
2026/06/04,1105,2761,2761,2758,2759,6289,321809,0
2026/06/04,1110,2760,2765,2756,2764,6863,321461,0
2026/06/04,1115,2764,2766,2758,2765,8917,320872,0
2026/06/04,1120,2766,2767,2759,2763,4896,321273,0
2026/06/04,1125,2763,2764,2759,2761,3143,321661,0
2026/06/04,1130,2761,2764,2756,2764,3257,321745,0
2026/06/04,1335,2764,2767,2762,2764,5495,321649,0
2026/06/04,1340,2765,2765,2760,2762,2419,322071,0
2026/06/04,1345,2762,2763,2756,2757,3095,322533,0
2026/06/04,1350,2756,2758,2751,2755,7493,323330,0
2026/06/04,1355,2755,2755,2751,2752,2583,323754,0
2026/06/04,1400,2751,2761,2751,2760,4694,323424,0
2026/06/04,1405,2759,2761,2757,2757,3068,323873,0
2026/06/04,1410,2757,2758,2754,2757,2844,324655,0
2026/06/04,1415,2757,2759,2755,2756,2053,325179,0
2026/06/04,1420,2757,2761,2754,2759,3404,324973,0
2026/06/04,1425,2759,2764,2759,2760,2771,324583,0
2026/06/04,1430,2760,2762,2758,2759,1473,324418,0
2026/06/04,1435,2760,2763,2758,2761,2610,324022,0
2026/06/04,1440,2761,2762,2757,2761,2916,324169,0
2026/06/04,1445,2760,2762,2759,2762,1699,323838,0
2026/06/04,1450,2761,2764,2760,2761,2447,323454,0
2026/06/04,1455,2760,2764,2759,2761,3168,322991,0
2026/06/04,1500,2761,2762,2758,2760,4452,322129,0
2026/06/05,2105,2755,2758,2746,2750,18601,323999,0
2026/06/05,2110,2750,2753,2745,2752,7146,325041,0
2026/06/05,2115,2751,2756,2745,2746,9833,326967,0
2026/06/05,2120,2745,2755,2745,2753,6081,326461,0
2026/06/05,2125,2754,2757,2753,2753,3170,326456,0
2026/06/05,2130,2753,2756,2753,2755,2338,326588,0
2026/06/05,2135,2756,2758,2752,2753,2529,327211,0
2026/06/05,2140,2753,2754,2750,2750,1894,327566,0
2026/06/05,2145,2750,2753,2750,2751,1237,327734,0
2026/06/05,2150,2752,2753,2751,2753,853,327781,0
2026/06/05,2155,2752,2754,2752,2754,1156,327726,0
2026/06/05,2200,2754,2757,2753,2756,2091,327795,0
2026/06/05,2205,2755,2758,2755,2755,2471,328024,0
2026/06/05,2210,2755,2755,2751,2752,2584,328268,0
2026/06/05,2215,2752,2753,2751,2752,858,328310,0
2026/06/05,2220,2753,2753,2751,2752,1530,328385,0
2026/06/05,2225,2751,2753,2751,2752,993,328450,0
2026/06/05,2230,2753,2753,2752,2752,407,328392,0
2026/06/05,2235,2752,2753,2750,2753,1562,328582,0
2026/06/05,2240,2752,2753,2751,2752,702,328573,0
2026/06/05,2245,2752,2753,2751,2753,463,328567,0
2026/06/05,2250,2753,2753,2751,2751,750,328708,0
2026/06/05,2255,2751,2754,2750,2752,1625,328997,0
2026/06/05,2300,2753,2755,2751,2755,1914,329324,0
2026/06/05,2305,2754,2761,2754,2761,10211,330359,0
2026/06/05,2310,2760,2763,2757,2758,5932,331364,0
2026/06/05,2315,2757,2759,2756,2759,2109,331508,0
2026/06/05,2320,2759,2759,2757,2757,1010,331601,0
2026/06/05,2325,2757,2758,2756,2756,630,331435,0
2026/06/05,2330,2756,2757,2755,2755,1352,331389,0
2026/06/05,2335,2756,2756,2755,2756,361,331417,0
2026/06/05,2340,2755,2757,2755,2756,1275,331462,0
2026/06/05,2345,2755,2757,2755,2756,373,331486,0
2026/06/05,2350,2756,2757,2755,2756,822,331471,0
2026/06/05,2355,2756,2757,2755,2756,318,331415,0
2026/06/05,0000,2755,2756,2753,2754,1120,331287,0
2026/06/05,0005,2754,2755,2753,2753,712,331241,0
2026/06/05,0010,2753,2755,2753,2755,340,331165,0
2026/06/05,0015,2755,2756,2754,2754,472,331098,0
2026/06/05,0020,2754,2755,2753,2753,538,331045,0
2026/06/05,0025,2753,2755,2753,2755,111,331029,0
2026/06/05,0030,2755,2755,2754,2754,99,330985,0
2026/06/05,0035,2755,2755,2752,2753,812,330825,0
2026/06/05,0040,2753,2754,2752,2753,299,330822,0
2026/06/05,0045,2753,2754,2752,2754,267,330717,0
2026/06/05,0050,2754,2754,2752,2752,332,330635,0
2026/06/05,0055,2752,2754,2752,2753,457,330439,0
2026/06/05,0100,2753,2754,2750,2752,2097,329594,0
2026/06/05,0905,2751,2753,2742,2751,11446,328911,0
2026/06/05,0910,2751,2754,2748,2750,4544,329169,0
2026/06/05,0915,2750,2750,2745,2747,3770,328979,0
2026/06/05,0920,2746,2754,2745,2752,3886,328105,0
2026/06/05,0925,2751,2758,2751,2756,3730,327962,0
2026/06/05,0930,2755,2763,2754,2760,8394,327013,0
2026/06/05,0935,2759,2760,2757,2757,2471,327125,0
2026/06/05,0940,2757,2763,2757,2760,3750,327570,0
2026/06/05,0945,2761,2763,2759,2762,2192,327645,0
2026/06/05,0950,2761,2763,2758,2758,1687,327116,0
2026/06/05,0955,2758,2763,2757,2761,2518,327140,0
2026/06/05,1000,2761,2766,2760,2765,4011,326533,0
2026/06/05,1005,2764,2768,2763,2766,3510,326516,0
2026/06/05,1010,2766,2767,2763,2765,2467,326333,0
2026/06/05,1015,2765,2765,2762,2764,2184,326256,0
2026/06/05,1035,2763,2766,2761,2765,3229,326017,0
2026/06/05,1040,2765,2768,2764,2768,1342,325800,0
2026/06/05,1045,2767,2768,2762,2763,1716,325897,0
2026/06/05,1050,2763,2765,2762,2764,1206,325901,0
2026/06/05,1055,2764,2767,2762,2762,1624,325723,0
2026/06/05,1100,2762,2763,2761,2762,1148,325564,0
2026/06/05,1105,2762,2763,2759,2763,2255,325121,0
2026/06/05,1110,2763,2764,2762,2764,1030,324876,0
2026/06/05,1115,2764,2765,2762,2763,1199,325046,0
2026/06/05,1120,2762,2767,2762,2767,2146,324586,0
2026/06/05,1125,2766,2771,2764,2769,4581,324461,0
2026/06/05,1130,2768,2770,2767,2769,2217,324221,0
2026/06/05,1335,2769,2773,2769,2770,3573,323631,0
2026/06/05,1340,2769,2770,2766,2766,1832,323685,0
2026/06/05,1345,2766,2769,2764,2768,2107,323374,0
2026/06/05,1350,2768,2773,2767,2767,2894,323251,0
2026/06/05,1355,2767,2771,2766,2768,1406,322926,0
2026/06/05,1400,2768,2769,2765,2765,1276,322857,0
2026/06/05,1405,2765,2768,2764,2766,1466,322749,0
2026/06/05,1410,2766,2768,2764,2764,1078,322639,0
2026/06/05,1415,2764,2765,2761,2762,2984,321989,0
2026/06/05,1420,2762,2764,2759,2762,2568,321821,0
2026/06/05,1425,2762,2764,2762,2763,1403,321860,0
2026/06/05,1430,2763,2765,2760,2761,1418,321694,0
2026/06/05,1435,2761,2763,2760,2762,919,321772,0
2026/06/05,1440,2763,2764,2761,2762,859,321854,0
2026/06/05,1445,2762,2763,2758,2761,3026,320972,0
2026/06/05,1450,2761,2764,2760,2762,1792,320681,0
2026/06/05,1455,2763,2768,2762,2767,3448,319986,0
2026/06/05,1500,2766,2769,2765,2766,4307,319656,0
2026/06/08,2105,2760,2781,2758,2771,20058,321668,0
2026/06/08,2110,2772,2772,2764,2765,5994,322948,0
2026/06/08,2115,2766,2769,2765,2767,3037,323829,0
2026/06/08,2120,2766,2768,2763,2764,2573,324318,0
2026/06/08,2125,2764,2766,2762,2763,2814,324144,0
2026/06/08,2130,2764,2766,2762,2762,1554,324300,0
2026/06/08,2135,2762,2763,2755,2760,6312,323353,0
2026/06/08,2140,2760,2764,2759,2763,2000,323713,0
2026/06/08,2145,2763,2764,2758,2760,2128,323556,0
2026/06/08,2150,2760,2764,2759,2762,1704,323361,0
2026/06/08,2155,2763,2763,2760,2761,1006,323429,0
2026/06/08,2200,2761,2765,2760,2763,1838,323266,0
2026/06/08,2205,2764,2771,2763,2770,4832,323597,0
2026/06/08,2210,2771,2771,2764,2767,2715,323885,0
2026/06/08,2215,2767,2767,2764,2766,1192,323959,0
2026/06/08,2220,2766,2771,2765,2767,2172,323520,0
2026/06/08,2225,2767,2768,2764,2768,1529,323375,0
2026/06/08,2230,2769,2773,2768,2771,3587,323777,0
2026/06/08,2235,2772,2775,2770,2771,4227,323659,0
2026/06/08,2240,2771,2772,2769,2770,1921,323412,0
2026/06/08,2245,2771,2771,2766,2768,2401,323284,0
2026/06/08,2250,2767,2770,2767,2769,753,323396,0
2026/06/08,2255,2770,2770,2767,2767,1187,323467,0
2026/06/08,2300,2768,2773,2767,2773,2795,323858,0
2026/06/08,2305,2773,2774,2770,2771,2887,324760,0
2026/06/08,2310,2772,2774,2771,2773,1496,325147,0
2026/06/08,2315,2773,2773,2771,2771,685,325083,0
2026/06/08,2320,2772,2772,2769,2771,1588,325160,0
2026/06/08,2325,2771,2771,2770,2770,372,325190,0
2026/06/08,2330,2770,2771,2769,2770,651,324910,0
2026/06/08,2335,2769,2771,2768,2769,1508,324710,0
2026/06/08,2340,2769,2770,2768,2768,425,324685,0
2026/06/08,2345,2769,2769,2765,2766,1752,324242,0
2026/06/08,2350,2766,2768,2765,2768,977,324120,0
2026/06/08,2355,2768,2769,2767,2767,462,324150,0
2026/06/08,0000,2767,2768,2765,2766,648,324028,0
2026/06/08,0005,2765,2767,2765,2767,422,324114,0
2026/06/08,0010,2767,2767,2765,2766,306,324129,0
2026/06/08,0015,2766,2766,2765,2766,186,324090,0
2026/06/08,0020,2765,2766,2762,2763,1722,324048,0
2026/06/08,0025,2763,2765,2762,2765,707,323895,0
2026/06/08,0030,2764,2767,2763,2766,685,323832,0
2026/06/08,0035,2765,2766,2765,2766,219,323895,0
2026/06/08,0040,2765,2766,2764,2764,362,323784,0
2026/06/08,0045,2766,2766,2764,2765,246,323696,0
2026/06/08,0050,2765,2768,2765,2767,1109,323107,0
2026/06/08,0055,2768,2772,2768,2770,2093,322282,0
2026/06/08,0100,2771,2775,2770,2775,1825,321597,0
2026/06/08,0905,2770,2770,2758,2766,11501,320614,0
2026/06/08,0910,2765,2776,2764,2773,6395,320895,0
2026/06/08,0915,2772,2775,2770,2775,2836,320722,0
2026/06/08,0920,2775,2775,2766,2767,2978,320450,0
2026/06/08,0925,2767,2772,2766,2770,2072,320989,0
2026/06/08,0930,2770,2772,2765,2765,2373,321037,0
2026/06/08,0935,2766,2768,2757,2760,4980,320256,0
2026/06/08,0940,2760,2779,2759,2776,8736,318781,0
2026/06/08,0945,2776,2781,2773,2775,7609,318783,0
2026/06/08,0950,2774,2779,2772,2775,4412,318586,0
2026/06/08,0955,2776,2778,2772,2772,2158,318330,0
2026/06/08,1000,2773,2779,2768,2779,3944,317688,0
2026/06/08,1005,2779,2785,2775,2785,8724,316692,0
2026/06/08,1010,2785,2788,2783,2785,7445,316692,0
2026/06/08,1015,2784,2785,2777,2780,4280,316028,0
2026/06/08,1035,2781,2781,2775,2779,2964,316219,0
2026/06/08,1040,2779,2780,2775,2776,1429,316338,0
2026/06/08,1045,2776,2777,2772,2776,2010,316423,0
2026/06/08,1050,2777,2777,2771,2773,2123,316631,0
2026/06/08,1055,2773,2777,2773,2775,983,316664,0
2026/06/08,1100,2774,2778,2774,2778,1282,316553,0
2026/06/08,1105,2776,2780,2776,2779,1605,316225,0
2026/06/08,1110,2778,2779,2774,2778,1228,315982,0
2026/06/08,1115,2778,2779,2777,2778,858,316039,0
2026/06/08,1120,2778,2780,2777,2780,781,316043,0
2026/06/08,1125,2779,2793,2778,2789,8445,314599,0
2026/06/08,1130,2788,2792,2776,2779,10121,314114,0
2026/06/08,1335,2778,2781,2775,2779,5959,314188,0
2026/06/08,1340,2778,2780,2771,2773,4264,314096,0
2026/06/08,1345,2773,2773,2766,2768,5302,313476,0
2026/06/08,1350,2767,2772,2766,2767,3637,313525,0
2026/06/08,1355,2767,2771,2765,2768,4848,313494,0
2026/06/08,1400,2768,2779,2768,2779,4613,312386,0
2026/06/08,1405,2779,2784,2778,2783,6349,312173,0
2026/06/08,1410,2782,2786,2778,2785,3799,311793,0
2026/06/08,1415,2785,2787,2783,2783,2716,311289,0
2026/06/08,1420,2784,2785,2780,2783,1717,311515,0
2026/06/08,1425,2782,2783,2778,2781,1736,311709,0
2026/06/08,1430,2780,2783,2780,2783,957,311801,0
2026/06/08,1435,2782,2784,2779,2779,2332,311208,0
2026/06/08,1440,2779,2781,2777,2780,2607,310769,0
2026/06/08,1445,2780,2783,2779,2782,1243,310530,0
2026/06/08,1450,2782,2783,2779,2782,1453,310680,0
2026/06/08,1455,2782,2782,2778,2781,2024,310457,0
2026/06/08,1500,2780,2781,2777,2780,3489,309455,0
2026/06/09,2105,2770,2787,2769,2780,13400,309092,0
2026/06/09,2110,2780,2790,2780,2790,7644,309062,0
2026/06/09,2115,2790,2796,2787,2788,10097,309752,0
2026/06/09,2120,2788,2789,2784,2784,4362,310216,0
2026/06/09,2125,2784,2785,2780,2784,4332,310471,0
2026/06/09,2130,2784,2784,2779,2779,4062,310760,0
2026/06/09,2135,2779,2783,2779,2780,2180,310672,0
2026/06/09,2140,2780,2783,2778,2783,2024,310749,0
2026/06/09,2145,2783,2784,2780,2780,1639,310908,0
2026/06/09,2150,2780,2782,2777,2779,2650,311116,0
2026/06/09,2155,2780,2781,2775,2777,3510,310813,0
2026/06/09,2200,2778,2780,2777,2777,2189,310774,0
2026/06/09,2205,2778,2780,2776,2776,1806,310870,0
2026/06/09,2210,2776,2779,2776,2777,1289,310932,0
2026/06/09,2215,2776,2779,2776,2776,1108,310993,0
2026/06/09,2220,2776,2777,2774,2775,1841,311120,0
2026/06/09,2225,2776,2777,2772,2774,2661,311203,0
2026/06/09,2230,2774,2776,2773,2775,1664,311299,0
2026/06/09,2235,2774,2777,2774,2776,1342,311600,0
2026/06/09,2240,2776,2779,2775,2778,1508,311651,0
2026/06/09,2245,2778,2780,2777,2779,1419,311821,0
2026/06/09,2250,2780,2780,2777,2777,1097,312036,0
2026/06/09,2255,2778,2780,2775,2780,1659,312316,0
2026/06/09,2300,2780,2783,2778,2782,2389,312931,0
2026/06/09,2305,2782,2786,2782,2783,5420,314731,0
2026/06/09,2310,2783,2784,2781,2783,1606,315079,0
2026/06/09,2315,2783,2784,2782,2783,982,314881,0
2026/06/09,2320,2783,2783,2781,2781,857,314830,0
2026/06/09,2325,2781,2783,2781,2781,715,314777,0
2026/06/09,2330,2782,2782,2778,2778,2258,314742,0
2026/06/09,2335,2778,2780,2777,2779,1233,314585,0
2026/06/09,2340,2779,2780,2778,2778,370,314606,0
2026/06/09,2345,2779,2779,2778,2779,247,314574,0
2026/06/09,2350,2778,2779,2778,2779,234,314521,0
2026/06/09,2355,2778,2779,2778,2778,239,314536,0
2026/06/09,0000,2778,2780,2778,2778,488,314409,0
2026/06/09,0005,2778,2780,2778,2779,344,314371,0
2026/06/09,0010,2779,2780,2779,2780,139,314378,0
2026/06/09,0015,2779,2780,2778,2779,315,314309,0
2026/06/09,0020,2779,2780,2779,2780,145,314283,0
2026/06/09,0025,2779,2781,2778,2781,561,314056,0
2026/06/09,0030,2780,2781,2780,2780,126,314087,0
2026/06/09,0035,2780,2781,2780,2780,78,314074,0
2026/06/09,0040,2780,2781,2780,2780,106,314027,0
2026/06/09,0045,2780,2781,2780,2780,96,313985,0
2026/06/09,0050,2781,2783,2780,2782,1054,313458,0
2026/06/09,0055,2782,2784,2782,2783,445,313270,0
2026/06/09,0100,2782,2783,2779,2779,1253,312488,0
2026/06/09,0905,2779,2779,2771,2774,6176,312093,0
2026/06/09,0910,2775,2775,2764,2767,9404,311797,0
2026/06/09,0915,2767,2770,2763,2763,4660,311763,0
2026/06/09,0920,2763,2767,2761,2763,4256,311614,0
2026/06/09,0925,2762,2764,2757,2763,6040,311577,0
2026/06/09,0930,2763,2769,2762,2769,2448,311236,0
2026/06/09,0935,2769,2773,2767,2768,4204,310519,0
2026/06/09,0940,2768,2774,2767,2770,3087,310280,0
2026/06/09,0945,2770,2775,2770,2773,2162,309750,0
2026/06/09,0950,2772,2773,2767,2772,2285,309332,0
2026/06/09,0955,2772,2774,2771,2773,1476,309146,0
2026/06/09,1000,2773,2776,2772,2774,1679,308911,0
2026/06/09,1005,2774,2775,2768,2770,2597,308900,0
2026/06/09,1010,2770,2770,2764,2766,2999,308836,0
2026/06/09,1015,2765,2767,2761,2763,2827,308827,0
2026/06/09,1035,2763,2766,2762,2765,1901,309109,0
2026/06/09,1040,2765,2767,2762,2766,1554,308997,0
2026/06/09,1045,2766,2768,2764,2766,1313,308940,0
2026/06/09,1050,2767,2768,2765,2765,1140,308679,0
2026/06/09,1055,2765,2774,2765,2773,2520,308309,0
2026/06/09,1100,2773,2773,2768,2769,1227,308454,0
2026/06/09,1105,2768,2771,2767,2769,1018,308346,0
2026/06/09,1110,2769,2771,2766,2771,853,308254,0
2026/06/09,1115,2771,2772,2769,2771,1291,308159,0
2026/06/09,1120,2772,2773,2770,2771,769,308198,0
2026/06/09,1125,2770,2774,2770,2771,1406,307897,0
2026/06/09,1130,2771,2774,2771,2772,1171,307814,0
2026/06/09,1335,2771,2773,2768,2770,2043,307669,0
2026/06/09,1340,2770,2779,2770,2776,4117,307807,0
2026/06/09,1345,2776,2782,2774,2778,4555,308251,0
2026/06/09,1350,2779,2779,2775,2778,2014,308722,0
2026/06/09,1355,2779,2780,2777,2780,1872,308972,0
2026/06/09,1400,2780,2781,2778,2779,1825,309191,0
2026/06/09,1405,2779,2789,2778,2788,6403,308131,0
2026/06/09,1410,2788,2789,2782,2783,4604,308259,0
2026/06/09,1415,2784,2844,2783,2829,46920,307900,0
2026/06/09,1420,2829,2848,2829,2834,47242,310374,0
2026/06/09,1425,2835,2848,2833,2833,24861,308710,0
2026/06/09,1430,2834,2850,2832,2845,19357,308330,0
2026/06/09,1435,2845,2854,2840,2845,19376,307118,0
2026/06/09,1440,2846,2853,2842,2846,9262,306502,0
2026/06/09,1445,2846,2850,2836,2837,12181,305284,0
2026/06/09,1450,2838,2847,2838,2843,8340,304933,0
2026/06/09,1455,2842,2844,2836,2837,8324,304238,0
2026/06/09,1500,2838,2842,2837,2838,10306,302391,0
2026/06/10,2105,2840,2857,2840,2851,30133,302815,0
2026/06/10,2110,2851,2852,2843,2843,8891,302836,0
2026/06/10,2115,2843,2848,2842,2844,6106,302725,0
2026/06/10,2120,2844,2847,2843,2843,4319,302639,0
2026/06/10,2125,2843,2844,2830,2834,17965,302563,0
2026/06/10,2130,2834,2835,2830,2833,4983,302852,0
2026/06/10,2135,2834,2838,2834,2837,4775,302457,0
2026/06/10,2140,2837,2838,2830,2831,4249,302936,0
2026/06/10,2145,2831,2834,2831,2833,2127,302829,0
2026/06/10,2150,2832,2834,2830,2833,3500,302487,0
2026/06/10,2155,2833,2839,2829,2835,5901,302110,0
2026/06/10,2200,2835,2836,2833,2836,2509,302375,0
2026/06/10,2205,2835,2841,2833,2840,4748,301299,0
2026/06/10,2210,2840,2842,2838,2838,3405,301776,0
2026/06/10,2215,2839,2840,2837,2838,1176,301655,0
2026/06/10,2220,2839,2839,2833,2837,3776,300720,0
2026/06/10,2225,2837,2840,2836,2838,1240,300597,0
2026/06/10,2230,2838,2839,2837,2839,835,300655,0
2026/06/10,2235,2838,2842,2836,2840,2753,300712,0
2026/06/10,2240,2841,2841,2838,2839,1630,300702,0
2026/06/10,2245,2840,2841,2836,2836,2131,300510,0
2026/06/10,2250,2837,2838,2835,2837,2232,300077,0
2026/06/10,2255,2837,2839,2836,2839,1276,300109,0
2026/06/10,2300,2839,2842,2838,2841,2565,300107,0
2026/06/10,2305,2841,2844,2840,2841,5700,301756,0
2026/06/10,2310,2841,2841,2839,2840,1734,301553,0
2026/06/10,2315,2840,2841,2840,2840,420,301546,0
2026/06/10,2320,2840,2840,2833,2834,5342,301076,0
2026/06/10,2325,2834,2835,2828,2832,4978,300782,0
2026/06/10,2330,2833,2834,2832,2834,907,300571,0
2026/06/10,2335,2833,2835,2830,2831,1727,300332,0
2026/06/10,2340,2830,2832,2826,2831,4243,300106,0
2026/06/10,2345,2831,2831,2827,2829,2397,300490,0
2026/06/10,2350,2829,2830,2827,2829,1098,300235,0
2026/06/10,2355,2830,2830,2829,2830,598,300221,0
2026/06/10,0000,2830,2831,2828,2830,1308,300132,0
2026/06/10,0005,2829,2831,2828,2830,1167,299962,0
2026/06/10,0010,2830,2830,2827,2829,1060,299847,0
2026/06/10,0015,2828,2829,2827,2828,920,299837,0
2026/06/10,0020,2827,2829,2827,2828,587,299708,0
2026/06/10,0025,2828,2829,2827,2828,665,299630,0
2026/06/10,0030,2827,2830,2827,2828,913,299552,0
2026/06/10,0035,2828,2829,2828,2829,429,299437,0
2026/06/10,0040,2829,2829,2826,2827,919,299075,0
2026/06/10,0045,2827,2828,2825,2825,1607,298194,0
2026/06/10,0050,2825,2829,2825,2828,1025,297678,0
2026/06/10,0055,2828,2830,2827,2828,990,297523,0
2026/06/10,0100,2829,2829,2823,2825,2636,296548,0
2026/06/10,0905,2825,2830,2823,2824,6597,295927,0
2026/06/10,0910,2824,2834,2824,2833,5460,296704,0
2026/06/10,0915,2832,2839,2832,2835,7812,296121,0
2026/06/10,0920,2836,2855,2834,2854,16198,297376,0
2026/06/10,0925,2854,2855,2847,2851,7985,297665,0
2026/06/10,0930,2852,2855,2846,2853,5347,298415,0
2026/06/10,0935,2854,2854,2845,2846,3483,297992,0
2026/06/10,0940,2846,2852,2846,2850,2584,298116,0
2026/06/10,0945,2849,2852,2846,2849,2095,297508,0
2026/06/10,0950,2848,2863,2846,2862,11093,297504,0
2026/06/10,0955,2862,2868,2861,2865,11523,298342,0
2026/06/10,1000,2866,2868,2855,2861,8843,297742,0
2026/06/10,1005,2861,2866,2859,2860,4153,297380,0
2026/06/10,1010,2859,2860,2851,2854,5324,296298,0
2026/06/10,1015,2855,2861,2853,2860,3874,295820,0
2026/06/10,1035,2862,2881,2862,2874,24202,294941,0
2026/06/10,1040,2874,2877,2871,2873,5729,294465,0
2026/06/10,1045,2874,2878,2872,2876,4579,294409,0
2026/06/10,1050,2876,2881,2869,2871,7927,294472,0
2026/06/10,1055,2871,2875,2870,2874,3971,293885,0
2026/06/10,1100,2874,2875,2868,2874,5150,293586,0
2026/06/10,1105,2876,2888,2876,2877,15936,291778,0
2026/06/10,1110,2877,2885,2876,2879,5234,291038,0
2026/06/10,1115,2878,2885,2878,2884,3326,291309,0
2026/06/10,1120,2885,2893,2883,2891,10807,290406,0
2026/06/10,1125,2891,2894,2885,2887,7793,289045,0
2026/06/10,1130,2887,2897,2887,2896,9291,289840,0
2026/06/10,1335,2895,2900,2889,2894,13477,289346,0
2026/06/10,1340,2894,2908,2889,2893,17001,290144,0
2026/06/10,1345,2893,2893,2887,2888,7693,288356,0
2026/06/10,1350,2888,2893,2886,2889,5771,288099,0
2026/06/10,1355,2888,2890,2883,2887,8678,286495,0
2026/06/10,1400,2888,2889,2883,2884,3398,286453,0
2026/06/10,1405,2884,2889,2884,2889,2622,286646,0
2026/06/10,1410,2889,2894,2883,2892,5444,286978,0
2026/06/10,1415,2891,2894,2888,2893,3323,287606,0
2026/06/10,1420,2894,2902,2891,2897,11690,288113,0
2026/06/10,1425,2896,2904,2895,2902,7028,288819,0
2026/06/10,1430,2901,2918,2901,2909,21151,290352,0
2026/06/10,1435,2910,2921,2910,2920,16069,293385,0
2026/06/10,1440,2919,2920,2898,2904,17511,291075,0
2026/06/10,1445,2905,2910,2902,2909,6794,292009,0
2026/06/10,1450,2908,2909,2898,2900,6946,290694,0
2026/06/10,1455,2899,2905,2887,2890,12630,287677,0
2026/06/10,1500,2890,2896,2888,2894,9954,286154,0
2026/06/11,2105,2900,2921,2893,2912,31965,288070,0
2026/06/11,2110,2913,2924,2912,2918,17648,290067,0
2026/06/11,2115,2918,2925,2915,2916,15636,291576,0
2026/06/11,2120,2915,2917,2905,2910,12468,290724,0
2026/06/11,2125,2910,2912,2901,2902,9922,289955,0
2026/06/11,2130,2902,2904,2896,2899,13996,289637,0
2026/06/11,2135,2899,2903,2894,2903,8406,289131,0
2026/06/11,2140,2902,2903,2888,2890,15722,288488,0
2026/06/11,2145,2889,2890,2880,2882,21165,289686,0
2026/06/11,2150,2881,2886,2880,2882,13276,288922,0
2026/06/11,2155,2882,2882,2865,2865,35631,290402,0
2026/06/11,2200,2865,2877,2865,2874,14753,290851,0
2026/06/11,2205,2875,2878,2872,2877,7091,289501,0
2026/06/11,2210,2877,2882,2876,2880,9627,288469,0
2026/06/11,2215,2880,2886,2880,2883,7360,287577,0
2026/06/11,2220,2883,2888,2881,2882,8540,286734,0
2026/06/11,2225,2882,2884,2881,2884,2778,286579,0
2026/06/11,2230,2884,2885,2882,2885,2713,287094,0
2026/06/11,2235,2884,2889,2883,2887,4809,286823,0
2026/06/11,2240,2886,2887,2885,2885,2584,286831,0
2026/06/11,2245,2885,2887,2883,2885,2827,286685,0
2026/06/11,2250,2884,2886,2883,2884,1949,286955,0
2026/06/11,2255,2884,2892,2882,2888,5837,286953,0
2026/06/11,2300,2889,2894,2887,2890,8595,288502,0
2026/06/11,2305,2891,2892,2883,2887,7105,289019,0
2026/06/11,2310,2887,2887,2883,2883,2319,289530,0
2026/06/11,2315,2883,2886,2882,2885,2383,289567,0
2026/06/11,2320,2885,2886,2884,2885,1365,289569,0
2026/06/11,2325,2886,2888,2885,2888,1510,289352,0
2026/06/11,2330,2887,2889,2886,2889,1489,289391,0
2026/06/11,2335,2889,2891,2888,2888,1755,289033,0
2026/06/11,2340,2889,2891,2888,2889,1663,289034,0
2026/06/11,2345,2890,2891,2886,2887,1421,288809,0
2026/06/11,2350,2887,2889,2887,2888,815,288823,0
2026/06/11,2355,2889,2889,2887,2888,622,288832,0
2026/06/11,0000,2888,2888,2886,2888,576,288636,0
2026/06/11,0005,2888,2889,2888,2889,670,288388,0
2026/06/11,0010,2888,2889,2887,2888,647,288162,0
2026/06/11,0015,2887,2888,2887,2888,519,288096,0
2026/06/11,0020,2888,2888,2887,2887,320,288037,0
2026/06/11,0025,2888,2890,2887,2889,1542,288266,0
2026/06/11,0030,2889,2889,2887,2888,613,288049,0
2026/06/11,0035,2887,2888,2885,2885,1099,287754,0
2026/06/11,0040,2885,2887,2885,2886,528,287695,0
2026/06/11,0045,2887,2887,2886,2886,132,287622,0
2026/06/11,0050,2886,2888,2886,2887,746,287380,0
2026/06/11,0055,2888,2889,2887,2889,570,287222,0
2026/06/11,0100,2889,2890,2887,2889,1980,286403,0
2026/06/11,0905,2888,2891,2881,2889,9032,285025,0
2026/06/11,0910,2889,2892,2884,2886,3527,284505,0
2026/06/11,0915,2887,2890,2886,2889,2616,284206,0
2026/06/11,0920,2888,2893,2888,2891,3817,284220,0
2026/06/11,0925,2890,2898,2890,2895,10740,285012,0
2026/06/11,0930,2895,2898,2886,2892,6455,284840,0
2026/06/11,0935,2891,2895,2890,2893,2256,284471,0
2026/06/11,0940,2893,2894,2885,2888,3477,283864,0
2026/06/11,0945,2889,2889,2875,2879,11715,282081,0
2026/06/11,0950,2880,2885,2879,2884,3347,281307,0
2026/06/11,0955,2883,2888,2882,2886,2357,281188,0
2026/06/11,1000,2886,2889,2885,2886,1968,281463,0
2026/06/11,1005,2887,2888,2881,2883,2522,281009,0
2026/06/11,1010,2882,2884,2880,2882,2016,280868,0
2026/06/11,1015,2882,2886,2881,2884,2755,280380,0
2026/06/11,1035,2883,2892,2883,2889,4242,280103,0
2026/06/11,1040,2890,2891,2886,2889,1747,279826,0
2026/06/11,1045,2890,2893,2887,2891,2511,279695,0
2026/06/11,1050,2891,2898,2891,2896,4832,280037,0
2026/06/11,1055,2895,2902,2895,2897,6788,280123,0
2026/06/11,1100,2897,2906,2897,2901,5687,279922,0
2026/06/11,1105,2901,2906,2898,2905,4497,280085,0
2026/06/11,1110,2906,2906,2899,2900,3465,280183,0
2026/06/11,1115,2900,2901,2895,2895,3809,279623,0
2026/06/11,1120,2895,2901,2894,2900,3048,279238,0
2026/06/11,1125,2901,2906,2900,2901,3435,279573,0
2026/06/11,1130,2902,2902,2897,2902,2528,279131,0
2026/06/11,1335,2902,2908,2897,2906,7004,279189,0
2026/06/11,1340,2906,2908,2895,2897,4932,278727,0
2026/06/11,1345,2898,2903,2897,2897,4713,279736,0
2026/06/11,1350,2897,2901,2897,2899,2049,279846,0
2026/06/11,1355,2899,2901,2898,2900,1677,279978,0
2026/06/11,1400,2899,2904,2896,2904,2456,279909,0
2026/06/11,1405,2904,2907,2902,2907,3751,280261,0
2026/06/11,1410,2907,2907,2901,2902,1902,280102,0
2026/06/11,1415,2902,2909,2899,2901,5594,279899,0
2026/06/11,1420,2901,2904,2899,2903,1752,279630,0
2026/06/11,1425,2904,2905,2902,2905,1818,279610,0
2026/06/11,1430,2905,2905,2900,2901,1871,279314,0
2026/06/11,1435,2902,2902,2896,2896,3780,278961,0
2026/06/11,1440,2896,2903,2896,2901,2581,278886,0
2026/06/11,1445,2900,2901,2897,2899,1612,278614,0
2026/06/11,1450,2899,2899,2896,2898,2275,278078,0
2026/06/11,1455,2897,2901,2897,2900,2929,277961,0
2026/06/11,1500,2900,2902,2897,2899,4997,277349,0
2026/06/12,2105,2900,2907,2886,2894,19955,278157,0
2026/06/12,2110,2894,2916,2892,2906,18971,279764,0
2026/06/12,2115,2906,2915,2904,2911,9982,281481,0
2026/06/12,2120,2911,2917,2908,2917,9386,283131,0
2026/06/12,2125,2916,2940,2915,2924,49971,286489,0
2026/06/12,2130,2925,2926,2919,2922,15711,288126,0
2026/06/12,2135,2921,2923,2912,2914,14549,287797,0
2026/06/12,2140,2914,2916,2912,2914,7423,288911,0
2026/06/12,2145,2914,2917,2912,2917,3316,288514,0
2026/06/12,2150,2917,2925,2916,2923,9484,289027,0
2026/06/12,2155,2924,2928,2919,2927,6632,289302,0
2026/06/12,2200,2928,2928,2925,2925,5832,290027,0
2026/06/12,2205,2926,2928,2921,2922,5039,289739,0
2026/06/12,2210,2922,2929,2922,2927,4790,290440,0
2026/06/12,2215,2928,2934,2925,2931,9458,291721,0
2026/06/12,2220,2930,2933,2929,2931,5465,293215,0
2026/06/12,2225,2932,2938,2928,2928,12009,293791,0
2026/06/12,2230,2928,2930,2922,2924,7692,291426,0
2026/06/12,2235,2924,2926,2922,2924,4734,291055,0
2026/06/12,2240,2924,2929,2923,2927,4171,291113,0
2026/06/12,2245,2928,2930,2927,2927,2083,291176,0
2026/06/12,2250,2928,2928,2925,2926,1841,291277,0
2026/06/12,2255,2925,2926,2924,2926,2457,291118,0
2026/06/12,2300,2926,2926,2918,2921,6499,290042,0
2026/06/12,2305,2921,2921,2915,2918,7025,290721,0
2026/06/12,2310,2918,2921,2916,2921,4173,291340,0
2026/06/12,2315,2921,2922,2918,2922,2057,291326,0
2026/06/12,2320,2922,2922,2920,2920,1541,291247,0
2026/06/12,2325,2920,2922,2920,2921,908,291149,0
2026/06/12,2330,2921,2923,2920,2923,1000,291026,0
2026/06/12,2335,2923,2923,2921,2921,915,290867,0
2026/06/12,2340,2921,2927,2920,2924,4303,291912,0
2026/06/12,2345,2924,2925,2923,2924,1043,291825,0
2026/06/12,2350,2924,2925,2924,2925,430,291806,0
2026/06/12,2355,2925,2925,2923,2924,591,291740,0
2026/06/12,0000,2924,2925,2923,2924,1122,291508,0
2026/06/12,0005,2924,2927,2924,2926,1435,291604,0
2026/06/12,0010,2926,2928,2926,2927,1431,291503,0
2026/06/12,0015,2927,2928,2926,2928,831,291408,0
2026/06/12,0020,2928,2928,2927,2928,840,291219,0
2026/06/12,0025,2928,2930,2927,2930,1708,291086,0
2026/06/12,0030,2929,2930,2925,2925,1892,290755,0
2026/06/12,0035,2925,2927,2924,2927,829,290597,0
2026/06/12,0040,2926,2929,2926,2929,1019,290204,0
2026/06/12,0045,2929,2929,2928,2929,476,290203,0
2026/06/12,0050,2929,2929,2925,2926,958,289801,0
2026/06/12,0055,2926,2927,2925,2926,666,289507,0
2026/06/12,0100,2926,2929,2925,2926,2599,288011,0
2026/06/12,0905,2928,2928,2913,2916,13461,285300,0
2026/06/12,0910,2917,2919,2906,2912,12053,283004,0
2026/06/12,0915,2913,2921,2911,2919,5626,283393,0
2026/06/12,0920,2919,2921,2915,2919,3904,283407,0
2026/06/12,0925,2919,2921,2916,2920,2394,283301,0
2026/06/12,0930,2919,2920,2915,2917,2469,282826,0
2026/06/12,0935,2916,2919,2915,2919,1917,282638,0
2026/06/12,0940,2919,2925,2919,2922,3592,282839,0
2026/06/12,0945,2922,2926,2921,2921,2238,283058,0
2026/06/12,0950,2921,2924,2919,2921,2118,282846,0
2026/06/12,0955,2922,2925,2921,2924,1680,282582,0
2026/06/12,1000,2924,2929,2922,2927,3418,282898,0
2026/06/12,1005,2926,2928,2922,2923,3224,282880,0
2026/06/12,1010,2922,2923,2920,2922,1760,282830,0
2026/06/12,1015,2921,2924,2919,2920,2177,282499,0
2026/06/12,1035,2921,2921,2913,2917,3245,282037,0
2026/06/12,1040,2918,2923,2917,2923,1899,282328,0
2026/06/12,1045,2924,2932,2923,2925,6808,282970,0
2026/06/12,1050,2925,2927,2923,2924,1820,282875,0
2026/06/12,1055,2924,2926,2923,2926,1429,282629,0
2026/06/12,1100,2925,2927,2924,2926,1434,282440,0
2026/06/12,1105,2927,2928,2925,2926,1559,282408,0
2026/06/12,1110,2927,2930,2925,2926,2139,282402,0
2026/06/12,1115,2926,2929,2926,2928,1336,282385,0
2026/06/12,1120,2927,2934,2927,2930,5790,283411,0
2026/06/12,1125,2929,2936,2928,2934,5824,283958,0
2026/06/12,1130,2935,2935,2932,2934,3354,284008,0
2026/06/12,1335,2932,2934,2928,2929,5626,283970,0
2026/06/12,1340,2929,2935,2929,2930,3559,284298,0
2026/06/12,1345,2929,2934,2926,2933,3728,284052,0
2026/06/12,1350,2933,2934,2930,2931,2446,284496,0
2026/06/12,1355,2932,2940,2931,2935,8579,285355,0
2026/06/12,1400,2935,2935,2928,2928,4118,285293,0
2026/06/12,1405,2929,2932,2924,2931,6564,284842,0
2026/06/12,1410,2930,2931,2925,2927,2763,284755,0
2026/06/12,1415,2928,2929,2924,2926,3103,284126,0
2026/06/12,1420,2926,2926,2918,2924,7959,282360,0
2026/06/12,1425,2924,2926,2922,2923,2309,282184,0
2026/06/12,1430,2924,2927,2924,2926,2096,282097,0
2026/06/12,1435,2927,2928,2924,2924,2091,281745,0
2026/06/12,1440,2924,2928,2924,2928,2465,281560,0
2026/06/12,1445,2927,2929,2924,2925,2584,281346,0
2026/06/12,1450,2925,2925,2920,2922,4307,281047,0
2026/06/12,1455,2922,2924,2921,2921,2951,280514,0
2026/06/12,1500,2921,2925,2921,2923,5897,279614,0
2026/06/15,2105,2923,2925,2908,2917,18618,279481,0
2026/06/15,2110,2916,2923,2914,2923,7341,281008,0
2026/06/15,2115,2922,2931,2922,2927,9485,282295,0
2026/06/15,2120,2927,2931,2924,2926,5515,282986,0
2026/06/15,2125,2925,2926,2918,2924,5980,282494,0
2026/06/15,2130,2924,2930,2924,2928,4611,282794,0
2026/06/15,2135,2929,2944,2928,2937,21850,286196,0
2026/06/15,2140,2938,2945,2937,2939,13316,289515,0
2026/06/15,2145,2939,2940,2933,2933,7053,289227,0
2026/06/15,2150,2933,2938,2933,2937,3280,289122,0
2026/06/15,2155,2937,2945,2937,2942,6745,290528,0
2026/06/15,2200,2941,2945,2939,2941,5679,290706,0
2026/06/15,2205,2941,2945,2936,2943,6214,290955,0
2026/06/15,2210,2943,2946,2941,2943,6782,291829,0
2026/06/15,2215,2942,2942,2938,2940,3428,291867,0
2026/06/15,2220,2940,2940,2936,2939,3025,291452,0
2026/06/15,2225,2939,2940,2937,2937,1919,291414,0
2026/06/15,2230,2937,2938,2935,2936,3004,291049,0
2026/06/15,2235,2936,2938,2930,2935,5718,291192,0
2026/06/15,2240,2934,2937,2933,2936,2210,291381,0
2026/06/15,2245,2937,2940,2936,2938,2325,291648,0
2026/06/15,2250,2938,2940,2937,2940,1583,291670,0
2026/06/15,2255,2939,2940,2936,2936,2604,291758,0
2026/06/15,2300,2937,2939,2935,2939,2746,291761,0
2026/06/15,2305,2938,2939,2934,2937,2900,292545,0
2026/06/15,2310,2937,2938,2936,2936,1612,292685,0
2026/06/15,2315,2935,2940,2935,2939,2349,293264,0
2026/06/15,2320,2939,2939,2935,2936,2848,293342,0
2026/06/15,2325,2936,2938,2936,2937,713,293203,0
2026/06/15,2330,2938,2939,2937,2939,1328,292744,0
2026/06/15,2335,2938,2939,2938,2939,531,292789,0
2026/06/15,2340,2939,2942,2938,2940,3072,292981,0
2026/06/15,2345,2940,2943,2940,2941,2219,293169,0
2026/06/15,2350,2941,2943,2941,2941,1183,293156,0
2026/06/15,2355,2941,2942,2941,2942,701,293246,0
2026/06/15,0000,2942,2942,2940,2941,526,293156,0
2026/06/15,0005,2940,2941,2939,2941,1335,293271,0
2026/06/15,0010,2940,2942,2940,2941,423,293217,0
2026/06/15,0015,2942,2944,2941,2944,903,293115,0
2026/06/15,0020,2944,2944,2942,2943,1012,293052,0
2026/06/15,0025,2943,2944,2942,2943,675,292820,0
2026/06/15,0030,2943,2943,2942,2942,341,292711,0
2026/06/15,0035,2943,2945,2942,2944,1536,292774,0
2026/06/15,0040,2944,2946,2943,2944,2033,292586,0
2026/06/15,0045,2943,2945,2943,2943,874,292340,0
2026/06/15,0050,2944,2944,2941,2943,1280,292124,0
2026/06/15,0055,2943,2945,2942,2944,1062,291772,0
2026/06/15,0100,2944,2947,2943,2947,3011,290548,0
2026/06/15,0905,2947,2948,2925,2938,25842,288467,0
2026/06/15,0910,2938,2938,2930,2935,5504,288176,0
2026/06/15,0915,2935,2938,2925,2928,6602,288146,0
2026/06/15,0920,2928,2931,2924,2930,6382,287596,0
2026/06/15,0925,2930,2935,2930,2933,4499,287585,0
2026/06/15,0930,2933,2937,2931,2934,3650,287939,0
2026/06/15,0935,2935,2935,2929,2933,2425,287666,0
2026/06/15,0940,2933,2935,2931,2934,2035,287452,0
2026/06/15,0945,2934,2937,2932,2933,2997,287512,0
2026/06/15,0950,2933,2935,2930,2933,1974,287088,0
2026/06/15,0955,2932,2933,2926,2930,2774,286948,0
2026/06/15,1000,2931,2932,2927,2929,2977,286496,0
2026/06/15,1005,2929,2933,2928,2931,2238,286421,0
2026/06/15,1010,2932,2934,2921,2922,5320,286244,0
2026/06/15,1015,2921,2926,2906,2913,19469,284072,0
2026/06/15,1035,2914,2917,2901,2913,12709,282213,0
2026/06/15,1040,2913,2917,2907,2915,4988,281856,0
2026/06/15,1045,2915,2917,2912,2917,3340,281637,0
2026/06/15,1050,2917,2923,2917,2919,4548,281221,0
2026/06/15,1055,2920,2925,2919,2922,3794,281144,0
2026/06/15,1100,2922,2927,2922,2926,3544,280628,0
2026/06/15,1105,2926,2929,2926,2928,3807,280774,0
2026/06/15,1110,2927,2932,2926,2929,4355,280743,0
2026/06/15,1115,2928,2929,2923,2923,3329,280850,0
2026/06/15,1120,2923,2924,2919,2919,2854,280576,0
2026/06/15,1125,2919,2922,2919,2922,2259,280416,0
2026/06/15,1130,2922,2923,2920,2921,1440,280288,0
2026/06/15,1335,2921,2922,2913,2913,5556,280744,0
2026/06/15,1340,2913,2915,2910,2914,6220,280813,0
2026/06/15,1345,2915,2915,2910,2911,6267,280484,0
2026/06/15,1350,2911,2912,2907,2908,6907,279841,0
2026/06/15,1355,2909,2917,2906,2915,5067,279299,0
2026/06/15,1400,2916,2916,2911,2914,2382,279465,0
2026/06/15,1405,2914,2915,2910,2911,2537,279018,0
2026/06/15,1410,2911,2916,2910,2916,1635,278618,0
2026/06/15,1415,2916,2916,2906,2909,3282,278938,0
2026/06/15,1420,2910,2915,2908,2913,1812,278828,0
2026/06/15,1425,2913,2914,2911,2913,1089,278662,0
2026/06/15,1430,2913,2914,2909,2911,2030,278788,0
2026/06/15,1435,2911,2911,2907,2908,2641,278321,0
2026/06/15,1440,2907,2911,2907,2908,2019,278198,0
2026/06/15,1445,2908,2910,2906,2908,1729,278234,0
2026/06/15,1450,2908,2909,2902,2908,6026,278249,0
2026/06/15,1455,2909,2910,2906,2910,3619,277689,0
2026/06/15,1500,2910,2910,2906,2908,4917,276633,0
2026/06/16,2105,2907,2907,2879,2879,35519,276778,0
2026/06/16,2110,2878,2882,2873,2875,18075,277429,0
2026/06/16,2115,2875,2888,2875,2883,11457,276483,0
2026/06/16,2120,2883,2886,2876,2886,10926,278537,0
2026/06/16,2125,2886,2888,2882,2883,5865,278615,0
2026/06/16,2130,2883,2885,2882,2883,3289,278602,0
2026/06/16,2135,2882,2891,2880,2888,7590,278425,0
2026/06/16,2140,2888,2890,2885,2889,3224,278560,0
2026/06/16,2145,2890,2892,2889,2890,3965,279153,0
2026/06/16,2150,2890,2893,2886,2889,4370,279274,0
2026/06/16,2155,2889,2889,2885,2887,2007,279411,0
2026/06/16,2200,2888,2890,2886,2889,1901,279656,0
2026/06/16,2205,2890,2890,2887,2887,1199,279602,0
2026/06/16,2210,2888,2888,2880,2882,4243,279271,0
2026/06/16,2215,2883,2886,2882,2883,1970,279488,0
2026/06/16,2220,2884,2885,2879,2880,3596,279086,0
2026/06/16,2225,2879,2882,2879,2881,1539,278995,0
2026/06/16,2230,2881,2883,2880,2883,1385,278957,0
2026/06/16,2235,2883,2888,2882,2886,3719,279591,0
2026/06/16,2240,2887,2887,2885,2886,702,279724,0
2026/06/16,2245,2885,2887,2885,2886,1439,279532,0
2026/06/16,2250,2885,2888,2885,2888,1256,279472,0
2026/06/16,2255,2887,2889,2887,2888,1911,279899,0
2026/06/16,2300,2888,2889,2885,2886,1755,280118,0
2026/06/16,2305,2885,2887,2885,2887,1728,280379,0
2026/06/16,2310,2887,2887,2885,2885,488,280512,0
2026/06/16,2315,2885,2887,2885,2885,941,280637,0
2026/06/16,2320,2886,2887,2885,2886,549,280623,0
2026/06/16,2325,2886,2887,2885,2887,280,280580,0
2026/06/16,2330,2886,2887,2886,2886,367,280605,0
2026/06/16,2335,2886,2888,2886,2888,519,280474,0
2026/06/16,2340,2887,2888,2886,2888,525,280383,0
2026/06/16,2345,2888,2888,2887,2887,198,280292,0
2026/06/16,2350,2887,2887,2883,2883,1489,280009,0
2026/06/16,2355,2883,2885,2883,2884,554,279984,0
2026/06/16,0000,2884,2884,2882,2882,589,279692,0
2026/06/16,0005,2882,2883,2882,2883,279,279608,0
2026/06/16,0010,2883,2883,2882,2882,238,279579,0
2026/06/16,0015,2882,2883,2882,2882,297,279519,0
2026/06/16,0020,2883,2883,2882,2882,123,279477,0
2026/06/16,0025,2882,2883,2882,2883,168,279403,0
2026/06/16,0030,2882,2884,2882,2884,529,279192,0
2026/06/16,0035,2884,2884,2883,2883,81,279165,0
2026/06/16,0040,2883,2884,2883,2884,187,279074,0
2026/06/16,0045,2883,2884,2883,2884,100,279028,0
2026/06/16,0050,2883,2884,2883,2884,376,278880,0
2026/06/16,0055,2883,2886,2883,2885,929,278616,0
2026/06/16,0100,2886,2887,2883,2883,1384,277983,0
2026/06/16,0905,2886,2887,2875,2878,7966,276802,0
2026/06/16,0910,2878,2885,2878,2884,3377,276499,0
2026/06/16,0915,2885,2895,2882,2882,8766,277182,0
2026/06/16,0920,2882,2884,2878,2879,3703,276817,0
2026/06/16,0925,2879,2881,2871,2881,8691,276780,0
2026/06/16,0930,2881,2886,2880,2882,3729,276419,0
2026/06/16,0935,2882,2886,2879,2884,2665,275815,0
2026/06/16,0940,2884,2887,2883,2887,2336,275734,0
2026/06/16,0945,2886,2889,2885,2888,2851,275748,0
2026/06/16,0950,2888,2890,2885,2889,2139,275880,0
2026/06/16,0955,2889,2894,2887,2893,3225,275982,0
2026/06/16,1000,2893,2895,2889,2892,4625,276157,0
2026/06/16,1005,2891,2899,2891,2894,5081,275704,0
2026/06/16,1010,2894,2895,2892,2892,1681,275821,0
2026/06/16,1015,2892,2895,2891,2894,1182,275677,0
2026/06/16,1035,2894,2895,2889,2892,3969,275783,0
2026/06/16,1040,2891,2892,2889,2890,965,275815,0
2026/06/16,1045,2890,2894,2889,2892,1983,276110,0
2026/06/16,1050,2892,2892,2888,2890,1116,275992,0
2026/06/16,1055,2890,2890,2886,2886,1812,275556,0
2026/06/16,1100,2886,2890,2885,2890,2004,275282,0
2026/06/16,1105,2890,2892,2889,2890,1766,275275,0
2026/06/16,1110,2890,2891,2888,2891,906,275354,0
2026/06/16,1115,2891,2891,2888,2889,859,275207,0
2026/06/16,1120,2889,2892,2889,2891,802,275122,0
2026/06/16,1125,2890,2911,2890,2907,12563,276395,0
2026/06/16,1130,2908,2920,2907,2913,14974,275612,0
2026/06/16,1335,2914,2920,2905,2918,9456,276325,0
2026/06/16,1340,2918,2919,2909,2913,5371,276892,0
2026/06/16,1345,2912,2917,2909,2915,4085,277424,0
2026/06/16,1350,2914,2919,2914,2918,3018,277732,0
2026/06/16,1355,2918,2920,2913,2914,5320,277658,0
2026/06/16,1400,2915,2923,2914,2917,7124,278289,0
2026/06/16,1405,2917,2919,2912,2916,3517,277894,0
2026/06/16,1410,2916,2918,2914,2915,2772,278537,0
2026/06/16,1415,2915,2921,2914,2918,3599,279487,0
2026/06/16,1420,2918,2919,2907,2911,6636,278139,0
2026/06/16,1425,2910,2913,2895,2899,10635,275327,0
2026/06/16,1430,2898,2905,2895,2903,6641,274866,0
2026/06/16,1435,2904,2907,2903,2904,2576,274883,0
2026/06/16,1440,2903,2907,2903,2905,2288,274887,0
2026/06/16,1445,2906,2907,2902,2906,2485,274537,0
2026/06/16,1450,2906,2913,2906,2908,4575,274186,0
2026/06/16,1455,2908,2909,2903,2903,3710,273888,0
2026/06/16,1500,2903,2908,2902,2907,4730,272998,0
2026/06/17,2105,2914,2916,2906,2913,15060,273473,0
2026/06/17,2110,2913,2940,2909,2930,29853,279470,0
2026/06/17,2115,2930,2931,2917,2919,16328,280449,0
2026/06/17,2120,2919,2922,2912,2912,10812,281885,0
2026/06/17,2125,2912,2914,2904,2905,12366,280988,0
2026/06/17,2130,2905,2910,2905,2909,6237,281086,0
2026/06/17,2135,2908,2909,2904,2907,4099,281214,0
2026/06/17,2140,2906,2907,2900,2902,6740,281019,0
2026/06/17,2145,2901,2909,2896,2908,10499,280546,0
2026/06/17,2150,2908,2911,2906,2909,4080,281085,0
2026/06/17,2155,2910,2913,2908,2912,3812,280808,0
2026/06/17,2200,2912,2913,2910,2913,2894,280190,0
2026/06/17,2205,2913,2915,2912,2912,2863,280423,0
2026/06/17,2210,2912,2915,2911,2914,2634,280384,0
2026/06/17,2215,2914,2916,2912,2914,2902,280560,0
2026/06/17,2220,2913,2914,2912,2913,1408,280468,0
2026/06/17,2225,2913,2913,2908,2910,3122,279670,0
2026/06/17,2230,2911,2911,2907,2907,1704,279147,0
2026/06/17,2235,2907,2910,2907,2909,2176,278660,0
2026/06/17,2240,2909,2911,2908,2910,1491,278563,0
2026/06/17,2245,2910,2910,2907,2908,1077,278489,0
2026/06/17,2250,2908,2909,2905,2907,2511,278774,0
2026/06/17,2255,2908,2909,2907,2909,1092,278842,0
2026/06/17,2300,2908,2912,2908,2912,3273,279586,0
2026/06/17,2305,2912,2914,2910,2911,4807,281424,0
2026/06/17,2310,2911,2914,2910,2912,1751,281982,0
2026/06/17,2315,2912,2913,2911,2912,772,281981,0
2026/06/17,2320,2911,2913,2911,2912,1280,281603,0
2026/06/17,2325,2912,2912,2910,2911,986,281437,0
2026/06/17,2330,2911,2912,2910,2912,385,281263,0
2026/06/17,2335,2912,2912,2911,2912,275,281163,0
2026/06/17,2340,2911,2913,2911,2912,748,281215,0
2026/06/17,2345,2912,2912,2909,2909,1081,281029,0
2026/06/17,2350,2909,2912,2909,2911,769,280976,0
2026/06/17,2355,2911,2912,2910,2911,323,280899,0
2026/06/17,0000,2912,2912,2910,2911,271,280768,0
2026/06/17,0005,2910,2912,2910,2911,285,280670,0
2026/06/17,0010,2912,2912,2911,2912,219,280556,0
2026/06/17,0015,2911,2915,2911,2914,2174,280427,0
2026/06/17,0020,2915,2915,2912,2914,534,280426,0
2026/06/17,0025,2913,2914,2913,2913,152,280368,0
2026/06/17,0030,2914,2914,2913,2913,159,280319,0
2026/06/17,0035,2913,2914,2913,2913,363,280220,0
2026/06/17,0040,2913,2914,2912,2914,295,280139,0
2026/06/17,0045,2913,2914,2912,2913,357,279977,0
2026/06/17,0050,2913,2916,2912,2915,970,279561,0
2026/06/17,0055,2914,2915,2913,2913,344,279420,0
2026/06/17,0100,2913,2915,2912,2914,1496,278541,0
2026/06/17,0905,2914,2914,2906,2911,5586,277735,0
2026/06/17,0910,2910,2911,2903,2907,4999,277447,0
2026/06/17,0915,2907,2909,2903,2904,2895,277365,0
2026/06/17,0920,2904,2905,2898,2902,5835,277376,0
2026/06/17,0925,2901,2909,2901,2909,3681,277682,0
2026/06/17,0930,2909,2911,2907,2909,2578,277803,0
2026/06/17,0935,2909,2910,2907,2907,1281,277761,0
2026/06/17,0940,2907,2907,2886,2888,13847,276449,0
2026/06/17,0945,2888,2891,2883,2887,7927,275833,0
2026/06/17,0950,2887,2890,2882,2883,6507,276184,0
2026/06/17,0955,2884,2888,2882,2886,6593,276933,0
2026/06/17,1000,2885,2889,2881,2886,4047,277047,0
2026/06/17,1005,2886,2889,2884,2889,2531,277061,0
2026/06/17,1010,2888,2891,2882,2883,3801,276460,0
2026/06/17,1015,2884,2890,2883,2889,2113,276233,0
2026/06/17,1035,2889,2892,2888,2891,2200,275992,0
2026/06/17,1040,2890,2891,2888,2889,1044,275905,0
2026/06/17,1045,2889,2891,2884,2887,2560,275684,0
2026/06/17,1050,2887,2890,2886,2889,1091,275575,0
2026/06/17,1055,2889,2892,2888,2889,1172,275575,0
2026/06/17,1100,2889,2890,2881,2884,4088,275930,0
2026/06/17,1105,2884,2890,2883,2888,2528,275703,0
2026/06/17,1110,2887,2888,2883,2888,1804,275758,0
2026/06/17,1115,2887,2888,2885,2886,1003,275531,0
2026/06/17,1120,2885,2888,2884,2887,1620,274997,0
2026/06/17,1125,2887,2888,2885,2885,944,274835,0
2026/06/17,1130,2886,2891,2885,2890,2125,274789,0
2026/06/17,1335,2891,2898,2886,2897,5671,274397,0
2026/06/17,1340,2897,2909,2897,2903,12279,275542,0
2026/06/17,1345,2903,2908,2902,2906,3544,275726,0
2026/06/17,1350,2907,2912,2900,2911,7142,276627,0
2026/06/17,1355,2911,2914,2909,2910,8662,278925,0
2026/06/17,1400,2910,2914,2907,2909,5491,279462,0
2026/06/17,1405,2909,2910,2904,2907,3736,279562,0
2026/06/17,1410,2907,2908,2906,2907,1585,279852,0
2026/06/17,1415,2906,2907,2903,2904,2116,279629,0
2026/06/17,1420,2905,2909,2905,2909,1677,279760,0
2026/06/17,1425,2908,2908,2903,2904,2109,279556,0
2026/06/17,1430,2904,2908,2904,2908,1369,279642,0
2026/06/17,1435,2908,2910,2906,2909,1982,279898,0
2026/06/17,1440,2908,2922,2908,2910,13459,281515,0
2026/06/17,1445,2909,2911,2906,2910,4153,281021,0
2026/06/17,1450,2910,2910,2902,2907,4990,280284,0
2026/06/17,1455,2908,2911,2906,2910,3796,280144,0
2026/06/17,1500,2910,2915,2908,2914,5483,280005,0
2026/06/18,2105,2905,2916,2897,2908,18894,283187,0
2026/06/18,2110,2907,2917,2903,2912,12150,286990,0
2026/06/18,2115,2912,2922,2910,2918,12106,290429,0
2026/06/18,2120,2918,2922,2915,2918,9755,293019,0
2026/06/18,2125,2919,2921,2914,2916,7001,293880,0
2026/06/18,2130,2915,2930,2914,2923,17233,295339,0
2026/06/18,2135,2923,2925,2921,2924,4257,295561,0
2026/06/18,2140,2923,2924,2918,2919,5084,295132,0
2026/06/18,2145,2919,2924,2918,2923,3889,295297,0
2026/06/18,2150,2923,2925,2922,2924,2581,295813,0
2026/06/18,2155,2924,2924,2917,2917,4065,295540,0
2026/06/18,2200,2917,2920,2916,2919,3076,295376,0
2026/06/18,2205,2920,2921,2916,2917,2709,295321,0
2026/06/18,2210,2918,2924,2917,2922,3375,295472,0
2026/06/18,2215,2923,2927,2922,2922,4549,296743,0
2026/06/18,2220,2922,2923,2920,2921,1511,296661,0
2026/06/18,2225,2920,2921,2919,2920,1502,296632,0
2026/06/18,2230,2921,2923,2919,2922,2092,296753,0
2026/06/18,2235,2922,2925,2921,2924,2532,296688,0
2026/06/18,2240,2924,2925,2922,2925,2032,297086,0
2026/06/18,2245,2924,2927,2923,2927,3808,298034,0
2026/06/18,2250,2926,2927,2922,2924,3372,298317,0
2026/06/18,2255,2925,2925,2924,2924,1042,298601,0
2026/06/18,2300,2924,2925,2922,2923,2479,298959,0
2026/06/18,2305,2924,2924,2922,2923,2320,299720,0
2026/06/18,2310,2922,2924,2922,2922,1018,299770,0
2026/06/18,2315,2922,2923,2920,2922,1533,299627,0
2026/06/18,2320,2921,2925,2921,2925,1331,299852,0
2026/06/18,2325,2925,2926,2923,2925,1834,300391,0
2026/06/18,2330,2926,2926,2924,2924,800,300341,0
2026/06/18,2335,2925,2925,2923,2924,506,300389,0
2026/06/18,2340,2925,2925,2923,2924,416,300418,0
2026/06/18,2345,2925,2926,2924,2926,1081,300476,0
2026/06/18,2350,2925,2926,2924,2925,771,300395,0
2026/06/18,2355,2925,2926,2923,2924,1146,300307,0
2026/06/18,0000,2924,2924,2923,2923,252,300321,0
2026/06/18,0005,2924,2925,2923,2924,588,300219,0
2026/06/18,0010,2923,2925,2923,2924,351,300156,0
2026/06/18,0015,2923,2924,2921,2922,1233,299580,0
2026/06/18,0020,2921,2922,2921,2921,382,299550,0
2026/06/18,0025,2921,2923,2919,2920,1522,299293,0
2026/06/18,0030,2920,2921,2919,2921,411,299110,0
2026/06/18,0035,2921,2922,2920,2922,375,299015,0
2026/06/18,0040,2922,2922,2920,2920,197,298914,0
2026/06/18,0045,2921,2922,2920,2921,407,298787,0
2026/06/18,0050,2921,2922,2921,2922,309,298703,0
2026/06/18,0055,2921,2923,2921,2922,655,298724,0
2026/06/18,0100,2922,2923,2920,2922,1635,298143,0
2026/06/18,0905,2919,2919,2905,2912,18004,293260,0
2026/06/18,0910,2913,2936,2912,2930,24773,298946,0
2026/06/18,0915,2929,2935,2927,2932,9655,301148,0
2026/06/18,0920,2931,2932,2923,2925,9025,300126,0
2026/06/18,0925,2925,2926,2921,2925,5040,299470,0
2026/06/18,0930,2926,2931,2924,2928,4688,299637,0
2026/06/18,0935,2929,2930,2926,2929,3426,299584,0
2026/06/18,0940,2928,2936,2927,2930,9426,301101,0
2026/06/18,0945,2929,2930,2915,2916,11443,298358,0
2026/06/18,0950,2916,2917,2891,2903,29000,291106,0
2026/06/18,0955,2902,2911,2902,2911,9202,290980,0
2026/06/18,1000,2911,2915,2906,2909,5753,290393,0
2026/06/18,1005,2908,2911,2905,2910,3631,290172,0
2026/06/18,1010,2910,2912,2907,2911,1981,290018,0
2026/06/18,1015,2910,2915,2907,2910,3194,289975,0
2026/06/18,1035,2910,2914,2909,2910,2206,289975,0
2026/06/18,1040,2911,2914,2910,2913,1758,289707,0
2026/06/18,1045,2913,2914,2909,2912,1769,289665,0
2026/06/18,1050,2911,2913,2902,2902,3759,289571,0
2026/06/18,1055,2902,2902,2894,2895,12735,290567,0
2026/06/18,1100,2895,2902,2894,2901,5126,290037,0
2026/06/18,1105,2900,2901,2896,2896,2637,289504,0
2026/06/18,1110,2897,2902,2890,2901,8066,288537,0
2026/06/18,1115,2900,2904,2898,2900,4660,288843,0
2026/06/18,1120,2899,2903,2897,2897,2349,288653,0
2026/06/18,1125,2897,2898,2891,2893,5905,288127,0
2026/06/18,1130,2893,2899,2890,2899,3826,287228,0
2026/06/18,1335,2899,2899,2890,2897,5569,287496,0
2026/06/18,1340,2897,2897,2893,2897,3046,287722,0
2026/06/18,1345,2897,2906,2896,2906,4754,286908,0
2026/06/18,1350,2905,2907,2894,2895,5502,286802,0
2026/06/18,1355,2895,2898,2892,2894,3830,286493,0
2026/06/18,1400,2894,2896,2892,2893,2682,286793,0
2026/06/18,1405,2893,2900,2892,2893,3415,286660,0
2026/06/18,1410,2893,2896,2890,2894,5078,286655,0
2026/06/18,1415,2895,2898,2890,2892,3129,286465,0
2026/06/18,1420,2893,2895,2886,2890,6253,285676,0
2026/06/18,1425,2890,2894,2890,2893,2561,285123,0
2026/06/18,1430,2893,2898,2892,2895,4508,284604,0
2026/06/18,1435,2895,2899,2893,2896,4012,283232,0
2026/06/18,1440,2897,2899,2893,2895,2195,282573,0
2026/06/18,1445,2895,2904,2895,2904,4920,281059,0
2026/06/18,1450,2904,2906,2898,2904,5688,280628,0
2026/06/18,1455,2903,2904,2900,2903,3369,279360,0
2026/06/18,1500,2903,2905,2896,2898,9231,275843,0
2026/06/22,0905,2897,2978,2894,2957,80585,280888,0
2026/06/22,0910,2956,2970,2954,2956,24444,284678,0
2026/06/22,0915,2956,2958,2939,2948,23066,286815,0
2026/06/22,0920,2947,2953,2935,2939,13581,287122,0
2026/06/22,0925,2939,2949,2938,2949,7462,287675,0
2026/06/22,0930,2949,2955,2935,2935,10702,289213,0
2026/06/22,0935,2936,2940,2926,2931,13047,290096,0
2026/06/22,0940,2930,2931,2911,2919,16385,291158,0
2026/06/22,0945,2919,2920,2903,2914,13605,290973,0
2026/06/22,0950,2913,2922,2913,2916,7059,291634,0
2026/06/22,0955,2916,2919,2914,2919,2451,291720,0
2026/06/22,1000,2919,2923,2918,2921,3744,291863,0
2026/06/22,1005,2921,2925,2918,2925,2906,291619,0
2026/06/22,1010,2925,2928,2924,2926,3333,291450,0
2026/06/22,1015,2926,2929,2916,2918,3862,291505,0
2026/06/22,1035,2919,2919,2905,2909,9632,292343,0
2026/06/22,1040,2908,2908,2882,2893,26871,290530,0
2026/06/22,1045,2894,2902,2893,2895,7958,290030,0
2026/06/22,1050,2895,2897,2884,2889,8002,290689,0
2026/06/22,1055,2889,2890,2879,2885,9456,290548,0
2026/06/22,1100,2885,2892,2883,2889,4645,291043,0
2026/06/22,1105,2889,2894,2887,2893,3584,290702,0
2026/06/22,1110,2892,2897,2889,2896,5347,291035,0
2026/06/22,1115,2896,2899,2894,2895,3352,290983,0
2026/06/22,1120,2895,2902,2894,2899,4983,290319,0
2026/06/22,1125,2899,2900,2886,2887,5554,290607,0
2026/06/22,1130,2888,2897,2886,2896,3480,290516,0
2026/06/22,1335,2896,2902,2893,2899,4367,290648,0
2026/06/22,1340,2899,2901,2896,2899,2458,290843,0
2026/06/22,1345,2898,2902,2894,2895,2044,290951,0
2026/06/22,1350,2895,2896,2892,2895,2101,291343,0
2026/06/22,1355,2895,2897,2892,2895,1989,291587,0
2026/06/22,1400,2895,2897,2888,2896,3366,292239,0
2026/06/22,1405,2897,2899,2895,2896,2156,292074,0
2026/06/22,1410,2896,2906,2895,2905,6232,290766,0
2026/06/22,1415,2904,2908,2902,2903,3557,291051,0
2026/06/22,1420,2903,2904,2900,2902,1651,290958,0
2026/06/22,1425,2902,2903,2901,2903,1145,291094,0
2026/06/22,1430,2903,2910,2902,2909,2673,290800,0
2026/06/22,1435,2910,2921,2909,2915,12382,289705,0
2026/06/22,1440,2915,2917,2913,2914,3274,289793,0
2026/06/22,1445,2914,2917,2913,2916,2893,290120,0
2026/06/22,1450,2915,2915,2910,2914,2918,290069,0
2026/06/22,1455,2913,2915,2908,2914,3887,289868,0
2026/06/22,1500,2913,2918,2912,2917,5995,289422,0
2026/06/23,2105,2917,2921,2905,2910,15419,292629,0
2026/06/23,2110,2910,2915,2906,2911,5667,293780,0
2026/06/23,2115,2912,2912,2906,2908,3624,294360,0
2026/06/23,2120,2908,2911,2903,2911,4475,295055,0
2026/06/23,2125,2911,2913,2909,2910,2396,295136,0
2026/06/23,2130,2910,2910,2905,2906,2502,295414,0
2026/06/23,2135,2906,2908,2905,2905,2025,295814,0
2026/06/23,2140,2905,2907,2902,2904,2625,295951,0
2026/06/23,2145,2905,2906,2903,2904,2061,296301,0
2026/06/23,2150,2904,2907,2904,2907,1430,296436,0
2026/06/23,2155,2907,2908,2905,2908,1636,296433,0
2026/06/23,2200,2908,2909,2904,2904,1562,296236,0
2026/06/23,2205,2904,2905,2885,2886,17608,299533,0
2026/06/23,2210,2885,2886,2851,2857,52089,300328,0
2026/06/23,2215,2856,2865,2855,2858,18094,300280,0
2026/06/23,2220,2858,2858,2844,2846,22763,299530,0
2026/06/23,2225,2846,2862,2845,2859,15011,298271,0
2026/06/23,2230,2860,2865,2858,2862,9209,299044,0
2026/06/23,2235,2863,2863,2856,2858,7148,299131,0
2026/06/23,2240,2858,2864,2858,2863,5316,299203,0
2026/06/23,2245,2863,2871,2863,2867,9594,297536,0
2026/06/23,2250,2868,2870,2859,2862,9134,298185,0
2026/06/23,2255,2861,2862,2859,2861,2493,298501,0
2026/06/23,2300,2861,2864,2859,2860,3484,298533,0
2026/06/23,2305,2861,2861,2856,2858,6516,299483,0
2026/06/23,2310,2858,2859,2856,2858,2180,299900,0
2026/06/23,2315,2858,2859,2856,2856,2000,299699,0
2026/06/23,2320,2856,2857,2854,2854,3522,299832,0
2026/06/23,2325,2854,2856,2850,2851,4353,299800,0
2026/06/23,2330,2851,2852,2849,2850,4036,300629,0
2026/06/23,2335,2850,2852,2848,2849,2659,300691,0
2026/06/23,2340,2849,2850,2848,2849,1483,300781,0
2026/06/23,2345,2848,2850,2847,2849,2411,300531,0
2026/06/23,2350,2849,2851,2848,2850,2165,300422,0
2026/06/23,2355,2850,2852,2848,2850,2073,300306,0
2026/06/23,0000,2850,2851,2849,2850,1416,300250,0
2026/06/23,0005,2849,2851,2848,2850,1127,299897,0
2026/06/23,0010,2850,2851,2849,2849,537,299758,0
2026/06/23,0015,2850,2850,2849,2850,315,299678,0
2026/06/23,0020,2850,2850,2847,2849,1571,299668,0
2026/06/23,0025,2848,2849,2847,2849,999,299783,0
2026/06/23,0030,2849,2849,2848,2849,345,299747,0
2026/06/23,0035,2849,2850,2848,2850,641,299678,0
2026/06/23,0040,2849,2850,2848,2848,402,299557,0
2026/06/23,0045,2849,2849,2847,2847,467,299438,0
2026/06/23,0050,2847,2848,2845,2846,1795,299034,0
2026/06/23,0055,2846,2848,2846,2846,1402,298640,0
2026/06/23,0100,2847,2848,2838,2846,6198,296620,0
2026/06/23,0905,2846,2851,2839,2839,15120,296518,0
2026/06/23,0910,2839,2842,2831,2833,14949,296563,0
2026/06/23,0915,2832,2838,2832,2837,6222,296266,0
2026/06/23,0920,2837,2842,2835,2838,5839,295385,0
2026/06/23,0925,2838,2850,2838,2847,5506,294077,0
2026/06/23,0930,2848,2859,2847,2853,7508,293100,0
2026/06/23,0935,2853,2858,2853,2857,3706,292913,0
2026/06/23,0940,2857,2858,2845,2846,5168,293002,0
2026/06/23,0945,2847,2851,2846,2849,2287,292883,0
2026/06/23,0950,2850,2851,2847,2848,1437,293011,0
2026/06/23,0955,2848,2849,2846,2846,1494,292906,0
2026/06/23,1000,2847,2851,2845,2848,1963,293084,0
2026/06/23,1005,2848,2849,2845,2847,1359,292911,0
2026/06/23,1010,2847,2854,2847,2852,2037,292697,0
2026/06/23,1015,2852,2854,2849,2850,1351,292548,0
2026/06/23,1035,2849,2856,2847,2854,2957,292738,0
2026/06/23,1040,2853,2855,2851,2852,2319,293041,0
2026/06/23,1045,2853,2864,2852,2860,9429,291300,0
2026/06/23,1050,2861,2861,2857,2859,1646,291022,0
2026/06/23,1055,2858,2858,2855,2858,1316,290852,0
2026/06/23,1100,2858,2859,2856,2856,1325,290635,0
2026/06/23,1105,2856,2859,2851,2853,2668,290604,0
2026/06/23,1110,2854,2855,2849,2850,2856,290787,0
2026/06/23,1115,2850,2852,2850,2850,1394,290808,0
2026/06/23,1120,2850,2851,2848,2848,1547,290777,0
2026/06/23,1125,2849,2856,2849,2855,1700,290524,0
2026/06/23,1130,2856,2856,2851,2852,1161,290366,0
2026/06/23,1335,2851,2854,2847,2848,4060,289898,0
2026/06/23,1340,2848,2854,2848,2850,2653,290067,0
2026/06/23,1345,2849,2852,2848,2851,1273,289881,0
2026/06/23,1350,2851,2852,2849,2850,1778,289326,0
2026/06/23,1355,2851,2853,2848,2850,1464,289250,0
2026/06/23,1400,2851,2852,2843,2843,4924,288595,0
2026/06/23,1405,2844,2845,2841,2843,3141,288733,0
2026/06/23,1410,2843,2846,2841,2845,3011,288434,0
2026/06/23,1415,2845,2846,2839,2846,4168,288300,0
2026/06/23,1420,2844,2846,2836,2837,3954,287829,0
2026/06/23,1425,2837,2840,2835,2836,4007,287340,0
2026/06/23,1430,2836,2843,2836,2841,3257,287137,0
2026/06/23,1435,2841,2849,2840,2847,4500,287251,0
2026/06/23,1440,2848,2849,2845,2848,1910,286964,0
2026/06/23,1445,2848,2850,2847,2847,1800,287046,0
2026/06/23,1450,2847,2849,2842,2844,4055,287037,0
2026/06/23,1455,2845,2846,2840,2846,3215,286125,0
2026/06/23,1500,2845,2846,2841,2843,6489,284194,0
2026/06/24,2105,2847,2853,2836,2848,15163,283490,0
2026/06/24,2110,2848,2861,2848,2860,14050,284947,0
2026/06/24,2115,2861,2863,2852,2855,12999,285352,0
2026/06/24,2120,2854,2856,2852,2853,4360,285666,0
2026/06/24,2125,2853,2856,2851,2855,4183,286147,0
2026/06/24,2130,2856,2856,2852,2852,2009,286363,0
2026/06/24,2135,2852,2856,2852,2854,3081,286322,0
2026/06/24,2140,2854,2858,2852,2856,2960,286467,0
2026/06/24,2145,2855,2857,2853,2856,1535,286507,0
2026/06/24,2150,2856,2859,2856,2857,2174,286634,0
2026/06/24,2155,2856,2857,2853,2853,1927,286594,0
2026/06/24,2200,2854,2857,2853,2856,1910,286693,0
2026/06/24,2205,2855,2867,2855,2865,7004,287448,0
2026/06/24,2210,2864,2867,2862,2864,10159,286837,0
2026/06/24,2215,2864,2867,2862,2865,4210,286953,0
2026/06/24,2220,2865,2866,2862,2864,2602,286719,0
2026/06/24,2225,2863,2865,2859,2860,2925,286318,0
2026/06/24,2230,2859,2861,2859,2861,2193,286570,0
2026/06/24,2235,2861,2862,2856,2857,2733,286159,0
2026/06/24,2240,2858,2861,2857,2861,2112,286442,0
2026/06/24,2245,2861,2862,2859,2859,1488,286362,0
2026/06/24,2250,2859,2860,2857,2859,1566,286256,0
2026/06/24,2255,2859,2860,2857,2858,1178,286342,0
2026/06/24,2300,2859,2862,2857,2861,1895,286685,0
2026/06/24,2305,2861,2862,2859,2860,3388,287713,0
2026/06/24,2310,2860,2860,2857,2859,1472,287782,0
2026/06/24,2315,2858,2860,2857,2860,921,287794,0
2026/06/24,2320,2860,2860,2859,2859,735,287563,0
2026/06/24,2325,2859,2860,2858,2860,614,287443,0
2026/06/24,2330,2859,2861,2859,2860,542,287425,0
2026/06/24,2335,2861,2861,2860,2860,360,287355,0
2026/06/24,2340,2861,2862,2859,2859,1051,287026,0
2026/06/24,2345,2859,2861,2859,2860,368,286951,0
2026/06/24,2350,2860,2861,2860,2860,348,286907,0
2026/06/24,2355,2860,2862,2860,2862,370,286927,0
2026/06/24,0000,2861,2864,2861,2863,1227,286795,0
2026/06/24,0005,2863,2865,2862,2863,1098,286623,0
2026/06/24,0010,2863,2863,2862,2863,328,286560,0
2026/06/24,0015,2863,2864,2862,2864,468,286609,0
2026/06/24,0020,2864,2864,2863,2864,361,286619,0
2026/06/24,0025,2864,2864,2863,2863,371,286589,0
2026/06/24,0030,2864,2865,2862,2863,610,286574,0
2026/06/24,0035,2862,2864,2862,2862,483,286366,0
2026/06/24,0040,2862,2863,2861,2861,623,286261,0
2026/06/24,0045,2861,2863,2861,2862,302,286228,0
2026/06/24,0050,2863,2863,2862,2862,202,286213,0
2026/06/24,0055,2862,2863,2861,2863,781,285892,0
2026/06/24,0100,2863,2864,2860,2864,1411,285228,0
2026/06/24,0905,2862,2864,2855,2863,8427,284762,0
2026/06/24,0910,2863,2870,2859,2869,7111,284292,0
2026/06/24,0915,2868,2871,2865,2867,5342,283857,0
2026/06/24,0920,2866,2875,2866,2871,6746,283862,0
2026/06/24,0925,2871,2873,2868,2870,2269,284102,0
2026/06/24,0930,2869,2871,2865,2866,2512,283890,0
2026/06/24,0935,2866,2867,2863,2863,2837,283740,0
2026/06/24,0940,2864,2866,2863,2865,1759,283837,0
2026/06/24,0945,2866,2870,2864,2866,2156,283790,0
2026/06/24,0950,2865,2867,2863,2866,1289,283683,0
2026/06/24,0955,2865,2870,2864,2868,1820,283457,0
2026/06/24,1000,2869,2870,2865,2866,1630,283544,0
2026/06/24,1005,2865,2869,2865,2866,1174,283455,0
2026/06/24,1010,2866,2868,2862,2865,2388,283219,0
2026/06/24,1015,2865,2875,2864,2873,4916,283352,0
2026/06/24,1035,2873,2874,2869,2870,2991,283243,0
2026/06/24,1040,2869,2870,2866,2867,1450,283085,0
2026/06/24,1045,2868,2869,2863,2867,2014,282923,0
2026/06/24,1050,2867,2873,2865,2871,2287,283253,0
2026/06/24,1055,2870,2875,2869,2872,3270,283634,0
2026/06/24,1100,2872,2874,2870,2872,1864,283266,0
2026/06/24,1105,2871,2876,2871,2871,3358,284027,0
2026/06/24,1110,2871,2876,2871,2874,2025,284100,0
2026/06/24,1115,2874,2876,2873,2874,1627,284012,0
2026/06/24,1120,2876,2878,2873,2876,2815,283987,0
2026/06/24,1125,2875,2876,2870,2872,2230,283387,0
2026/06/24,1130,2872,2879,2871,2874,3399,282915,0
2026/06/24,1335,2874,2875,2869,2871,3657,282423,0
2026/06/24,1340,2872,2875,2871,2875,1717,282675,0
2026/06/24,1345,2874,2874,2870,2873,1886,282502,0
2026/06/24,1350,2873,2874,2871,2872,1244,282374,0
2026/06/24,1355,2872,2876,2870,2873,1879,282513,0
2026/06/24,1400,2873,2875,2872,2875,1151,282662,0
2026/06/24,1405,2874,2882,2874,2877,6946,283097,0
2026/06/24,1410,2878,2883,2877,2882,4359,283106,0
2026/06/24,1415,2882,2885,2880,2880,4649,283099,0
2026/06/24,1420,2880,2884,2880,2881,3068,283059,0
2026/06/24,1425,2881,2882,2878,2878,2773,282749,0
2026/06/24,1430,2878,2880,2878,2879,1273,282676,0
2026/06/24,1435,2880,2880,2877,2878,2052,282751,0
2026/06/24,1440,2878,2879,2876,2876,2205,282849,0
2026/06/24,1445,2876,2883,2875,2881,3405,282475,0
2026/06/24,1450,2882,2882,2874,2875,3974,281884,0
2026/06/24,1455,2876,2879,2874,2874,3135,281886,0
2026/06/24,1500,2875,2875,2871,2874,6165,281517,0
2026/06/25,2105,2860,2869,2850,2864,26586,279992,0
2026/06/25,2110,2864,2865,2854,2858,8992,280486,0
2026/06/25,2115,2858,2860,2856,2858,3643,280550,0
2026/06/25,2120,2857,2858,2846,2850,11412,280577,0
2026/06/25,2125,2851,2851,2844,2848,8689,280195,0
2026/06/25,2130,2848,2852,2846,2851,5327,280363,0
2026/06/25,2135,2850,2853,2845,2845,4877,280433,0
2026/06/25,2140,2845,2848,2819,2829,22357,279348,0
2026/06/25,2145,2830,2834,2819,2832,15776,279109,0
2026/06/25,2150,2832,2845,2831,2842,11596,277637,0
2026/06/25,2155,2842,2848,2841,2847,6589,278059,0
2026/06/25,2200,2847,2851,2845,2846,7610,278293,0
2026/06/25,2205,2846,2846,2839,2840,5286,278517,0
2026/06/25,2210,2840,2846,2840,2845,2572,279030,0
2026/06/25,2215,2846,2846,2844,2845,1637,279206,0
2026/06/25,2220,2845,2846,2841,2842,2203,279405,0
2026/06/25,2225,2842,2846,2842,2846,1452,279109,0
2026/06/25,2230,2846,2850,2844,2848,2581,278815,0
2026/06/25,2235,2849,2852,2847,2850,3059,279087,0
2026/06/25,2240,2849,2851,2848,2848,1681,279069,0
2026/06/25,2245,2848,2848,2839,2842,4138,279331,0
2026/06/25,2250,2842,2842,2836,2836,5245,279849,0
2026/06/25,2255,2836,2840,2836,2839,1969,279897,0
2026/06/25,2300,2840,2842,2838,2842,1862,280092,0
2026/06/25,2305,2842,2842,2835,2836,4918,281116,0
2026/06/25,2310,2836,2837,2834,2834,1601,281246,0
2026/06/25,2315,2834,2837,2826,2828,6760,281391,0
2026/06/25,2320,2827,2829,2824,2827,5271,281202,0
2026/06/25,2325,2828,2831,2827,2827,3148,280913,0
2026/06/25,2330,2827,2829,2827,2829,1691,281078,0
2026/06/25,2335,2828,2829,2825,2828,2424,280933,0
2026/06/25,2340,2828,2829,2827,2828,903,280774,0
2026/06/25,2345,2828,2830,2827,2830,1054,280494,0
2026/06/25,2350,2830,2830,2829,2829,970,280487,0
2026/06/25,2355,2829,2830,2828,2830,697,280404,0
2026/06/25,0000,2829,2832,2829,2831,1018,280294,0
2026/06/25,0005,2832,2832,2830,2830,680,280244,0
2026/06/25,0010,2831,2831,2829,2831,352,280218,0
2026/06/25,0015,2831,2832,2830,2832,742,280127,0
2026/06/25,0020,2832,2832,2830,2831,451,280134,0
2026/06/25,0025,2830,2831,2830,2831,201,280103,0
2026/06/25,0030,2830,2834,2830,2833,965,279942,0
2026/06/25,0035,2834,2834,2833,2833,405,279832,0
2026/06/25,0040,2833,2834,2832,2832,369,279796,0
2026/06/25,0045,2832,2834,2832,2833,281,279722,0
2026/06/25,0050,2833,2836,2833,2836,901,279355,0
2026/06/25,0055,2836,2837,2832,2833,1105,279191,0
2026/06/25,0100,2833,2840,2832,2840,1857,278127,0
2026/06/25,0905,2842,2843,2826,2828,11216,276976,0
2026/06/25,0910,2828,2834,2828,2832,3380,276557,0
2026/06/25,0915,2832,2834,2830,2831,1868,276129,0
2026/06/25,0920,2831,2836,2826,2833,4736,276496,0
2026/06/25,0925,2833,2834,2820,2821,7139,277244,0
2026/06/25,0930,2821,2824,2819,2820,4401,278353,0
2026/06/25,0935,2819,2821,2814,2815,7745,279094,0
2026/06/25,0940,2815,2827,2814,2824,5199,279184,0
2026/06/25,0945,2825,2828,2823,2823,2357,278769,0
2026/06/25,0950,2823,2828,2821,2822,2047,278970,0
2026/06/25,0955,2822,2825,2821,2823,1162,278863,0
2026/06/25,1000,2822,2825,2822,2823,941,278681,0
2026/06/25,1005,2822,2825,2819,2819,1861,278629,0
2026/06/25,1010,2819,2825,2818,2820,2215,278398,0
2026/06/25,1015,2820,2822,2818,2822,1284,278333,0
2026/06/25,1035,2820,2823,2818,2820,1653,278129,0
2026/06/25,1040,2820,2833,2820,2833,3481,277801,0
2026/06/25,1045,2833,2833,2827,2827,2429,278226,0
2026/06/25,1050,2828,2830,2823,2825,2234,278082,0
2026/06/25,1055,2825,2828,2824,2827,915,278073,0
2026/06/25,1100,2827,2827,2825,2827,713,277988,0
2026/06/25,1105,2827,2831,2823,2824,2569,277903,0
2026/06/25,1110,2823,2824,2816,2818,4101,277861,0
2026/06/25,1115,2818,2818,2815,2817,3054,278436,0
2026/06/25,1120,2817,2819,2812,2818,3633,278447,0
2026/06/25,1125,2818,2828,2817,2825,3325,277268,0
2026/06/25,1130,2826,2828,2824,2827,2102,276603,0
2026/06/25,1335,2826,2829,2819,2822,2959,276857,0
2026/06/25,1340,2823,2825,2819,2825,1807,277057,0
2026/06/25,1345,2824,2825,2822,2824,908,277154,0
2026/06/25,1350,2824,2825,2822,2823,959,277109,0
2026/06/25,1355,2823,2825,2822,2824,672,276928,0
2026/06/25,1400,2825,2826,2823,2823,1305,276815,0
2026/06/25,1405,2823,2826,2823,2826,916,276729,0
2026/06/25,1410,2826,2834,2823,2826,5257,275787,0
2026/06/25,1415,2827,2830,2825,2830,1610,275619,0
2026/06/25,1420,2830,2831,2826,2826,1495,275421,0
2026/06/25,1425,2827,2828,2823,2824,1462,275373,0
2026/06/25,1430,2825,2826,2823,2826,827,275326,0
2026/06/25,1435,2825,2827,2824,2826,1639,275242,0
2026/06/25,1440,2825,2826,2822,2822,1442,274892,0
2026/06/25,1445,2822,2824,2817,2818,3355,274562,0
2026/06/25,1450,2817,2821,2817,2820,1488,274173,0
2026/06/25,1455,2820,2825,2820,2822,2239,274019,0
2026/06/25,1500,2821,2826,2821,2822,4198,273320,0
2026/06/26,2105,2824,2826,2817,2819,13203,274346,0
2026/06/26,2110,2819,2830,2818,2826,7830,275193,0
2026/06/26,2115,2825,2829,2822,2825,3722,275510,0
2026/06/26,2120,2825,2826,2823,2823,2205,275767,0
2026/06/26,2125,2823,2824,2814,2815,6524,276956,0
2026/06/26,2130,2815,2817,2808,2811,8403,277751,0
2026/06/26,2135,2811,2815,2805,2805,9263,278740,0
2026/06/26,2140,2805,2810,2802,2810,9075,279899,0
2026/06/26,2145,2810,2811,2807,2810,4380,279712,0
2026/06/26,2150,2810,2812,2810,2812,2752,279286,0
2026/06/26,2155,2811,2812,2809,2810,2352,279493,0
2026/06/26,2200,2810,2812,2808,2812,1981,279538,0
2026/06/26,2205,2811,2812,2809,2810,1567,279480,0
2026/06/26,2210,2810,2811,2808,2809,1179,279607,0
2026/06/26,2215,2808,2811,2806,2809,2054,279975,0
2026/06/26,2220,2808,2810,2808,2810,701,279946,0
2026/06/26,2225,2810,2812,2809,2811,1406,279901,0
2026/06/26,2230,2811,2814,2810,2812,2056,280082,0
2026/06/26,2235,2813,2814,2809,2810,1576,280192,0
2026/06/26,2240,2810,2812,2808,2810,1184,280311,0
2026/06/26,2245,2809,2811,2808,2811,751,280290,0
2026/06/26,2250,2810,2812,2810,2811,1137,280499,0
2026/06/26,2255,2811,2812,2810,2812,1047,280337,0
2026/06/26,2300,2812,2812,2810,2812,966,280372,0
2026/06/26,2305,2812,2812,2809,2810,1233,280832,0
2026/06/26,2310,2809,2812,2809,2812,899,280856,0
2026/06/26,2315,2811,2812,2811,2812,277,280839,0
2026/06/26,2320,2811,2813,2811,2812,651,280892,0
2026/06/26,2325,2812,2820,2811,2816,4301,280034,0
2026/06/26,2330,2817,2818,2816,2816,1229,279972,0
2026/06/26,2335,2817,2817,2815,2816,707,279851,0
2026/06/26,2340,2815,2817,2815,2817,387,279850,0
2026/06/26,2345,2817,2817,2816,2817,219,279758,0
2026/06/26,2350,2816,2817,2815,2817,538,279749,0
2026/06/26,2355,2817,2817,2816,2816,348,279657,0
2026/06/26,0000,2816,2817,2816,2816,298,279556,0
2026/06/26,0005,2817,2817,2816,2816,226,279492,0
2026/06/26,0010,2817,2817,2815,2816,290,279467,0
2026/06/26,0015,2815,2816,2815,2815,148,279439,0
2026/06/26,0020,2815,2816,2815,2815,95,279434,0
2026/06/26,0025,2815,2816,2815,2815,114,279428,0
2026/06/26,0030,2816,2816,2813,2813,539,279421,0
2026/06/26,0035,2813,2814,2812,2813,454,279410,0
2026/06/26,0040,2814,2815,2813,2814,315,279302,0
2026/06/26,0045,2814,2815,2814,2815,85,279275,0
2026/06/26,0050,2814,2815,2813,2813,412,279076,0
2026/06/26,0055,2814,2815,2813,2814,206,278985,0
2026/06/26,0100,2814,2815,2813,2813,1024,278579,0
2026/06/26,0905,2814,2815,2799,2801,10945,277594,0
2026/06/26,0910,2801,2802,2792,2795,12723,277023,0
2026/06/26,0915,2795,2803,2794,2803,5369,277332,0
2026/06/26,0920,2802,2808,2802,2806,5463,277301,0
2026/06/26,0925,2806,2812,2806,2809,4092,277284,0
2026/06/26,0930,2809,2810,2804,2807,2392,277592,0
2026/06/26,0935,2807,2807,2802,2804,2356,277798,0
2026/06/26,0940,2804,2805,2801,2802,1494,277952,0
2026/06/26,0945,2802,2805,2801,2803,1208,278143,0
2026/06/26,0950,2803,2804,2800,2802,1130,278267,0
2026/06/26,0955,2802,2802,2798,2800,2222,277937,0
2026/06/26,1000,2800,2801,2797,2800,1816,277949,0
2026/06/26,1005,2801,2805,2798,2805,2154,277629,0
2026/06/26,1010,2804,2808,2803,2806,2506,277909,0
2026/06/26,1015,2806,2812,2805,2808,4374,277735,0
2026/06/26,1035,2808,2808,2795,2797,5895,276965,0
2026/06/26,1040,2796,2798,2795,2797,3233,276739,0
2026/06/26,1045,2797,2798,2795,2796,1683,276753,0
2026/06/26,1050,2796,2797,2791,2795,4890,277346,0
2026/06/26,1055,2795,2795,2790,2791,2773,277282,0
2026/06/26,1100,2791,2794,2788,2794,4574,277705,0
2026/06/26,1105,2794,2797,2792,2795,4357,276947,0
2026/06/26,1110,2794,2795,2790,2792,1297,277313,0
2026/06/26,1115,2792,2793,2790,2791,1018,277405,0
2026/06/26,1120,2791,2793,2790,2791,1015,277483,0
2026/06/26,1125,2791,2796,2790,2795,1997,277035,0
2026/06/26,1130,2794,2797,2793,2795,2044,276855,0
2026/06/26,1335,2795,2800,2795,2798,2798,276330,0
2026/06/26,1340,2799,2799,2796,2797,1553,276413,0
2026/06/26,1345,2797,2803,2797,2800,2866,275794,0
2026/06/26,1350,2801,2803,2796,2802,1749,275865,0
2026/06/26,1355,2803,2806,2800,2801,2860,275644,0
2026/06/26,1400,2801,2803,2800,2801,759,275635,0
2026/06/26,1405,2801,2803,2799,2799,1071,275781,0
2026/06/26,1410,2799,2800,2794,2795,1646,275728,0
2026/06/26,1415,2796,2799,2795,2798,1076,275804,0
2026/06/26,1420,2798,2805,2798,2805,2380,275852,0
2026/06/26,1425,2805,2815,2805,2812,6879,274468,0
2026/06/26,1430,2812,2816,2808,2808,5037,273671,0
2026/06/26,1435,2808,2809,2802,2804,3985,272489,0
2026/06/26,1440,2804,2806,2799,2800,2742,272126,0
2026/06/26,1445,2801,2804,2799,2804,2165,271891,0
2026/06/26,1450,2804,2804,2798,2800,3293,271730,0
2026/06/26,1455,2800,2803,2798,2799,2927,271606,0
2026/06/26,1500,2799,2802,2798,2801,3987,270844,0
2026/06/29,2105,2803,2814,2795,2810,13767,272361,0
2026/06/29,2110,2811,2812,2805,2809,5924,272961,0
2026/06/29,2115,2809,2810,2806,2809,2813,273540,0
2026/06/29,2120,2809,2814,2807,2811,4244,274584,0
2026/06/29,2125,2811,2814,2809,2810,2504,274723,0
2026/06/29,2130,2811,2813,2809,2812,1740,275073,0
2026/06/29,2135,2813,2814,2810,2810,1362,275114,0
2026/06/29,2140,2810,2813,2808,2812,1515,275187,0
2026/06/29,2145,2811,2816,2810,2810,2681,275309,0
2026/06/29,2150,2811,2812,2809,2811,1731,275026,0
2026/06/29,2155,2810,2812,2807,2810,1919,274594,0
2026/06/29,2200,2810,2814,2810,2814,1767,274699,0
2026/06/29,2205,2814,2820,2814,2817,5855,274177,0
2026/06/29,2210,2816,2817,2814,2816,1558,273990,0
2026/06/29,2215,2815,2816,2814,2815,841,273955,0
2026/06/29,2220,2814,2817,2814,2814,1433,273989,0
2026/06/29,2225,2814,2816,2813,2816,1141,274121,0
2026/06/29,2230,2816,2824,2815,2823,7148,274876,0
2026/06/29,2235,2822,2824,2820,2822,3460,275674,0
2026/06/29,2240,2822,2827,2820,2826,4075,275475,0
2026/06/29,2245,2826,2826,2822,2823,2072,275278,0
2026/06/29,2250,2823,2823,2821,2821,1418,274980,0
2026/06/29,2255,2821,2824,2821,2823,967,274950,0
2026/06/29,2300,2823,2824,2821,2822,1501,274926,0
2026/06/29,2305,2822,2825,2821,2822,2621,275553,0
2026/06/29,2310,2821,2822,2818,2820,2297,275510,0
2026/06/29,2315,2819,2820,2819,2820,379,275491,0
2026/06/29,2320,2819,2821,2819,2819,943,275464,0
2026/06/29,2325,2819,2821,2819,2820,503,275354,0
2026/06/29,2330,2819,2820,2819,2820,301,275317,0
2026/06/29,2335,2820,2821,2819,2820,677,275415,0
2026/06/29,2340,2820,2822,2820,2822,683,275368,0
2026/06/29,2345,2821,2823,2821,2822,505,275312,0
2026/06/29,2350,2822,2823,2821,2823,562,275145,0
2026/06/29,2355,2823,2824,2822,2822,633,275035,0
2026/06/29,0000,2822,2822,2821,2821,443,274930,0
2026/06/29,0005,2821,2823,2821,2823,402,274924,0
2026/06/29,0010,2823,2824,2822,2823,513,274908,0
2026/06/29,0015,2823,2824,2822,2823,209,274840,0
2026/06/29,0020,2823,2823,2822,2822,261,274798,0
2026/06/29,0025,2823,2824,2821,2821,512,274580,0
2026/06/29,0030,2822,2822,2821,2821,216,274507,0
2026/06/29,0035,2821,2823,2821,2823,320,274295,0
2026/06/29,0040,2823,2823,2821,2822,353,274246,0
2026/06/29,0045,2822,2823,2821,2822,303,274125,0
2026/06/29,0050,2822,2823,2821,2822,228,274012,0
2026/06/29,0055,2822,2824,2822,2823,815,273541,0
2026/06/29,0100,2823,2825,2822,2824,1459,272600,0
2026/06/29,0905,2822,2824,2813,2815,8425,272115,0
2026/06/29,0910,2816,2823,2815,2817,3162,272398,0
2026/06/29,0915,2817,2820,2816,2816,1792,272600,0
2026/06/29,0920,2817,2820,2817,2818,1748,273008,0
2026/06/29,0925,2817,2817,2809,2816,5245,273816,0
2026/06/29,0930,2816,2817,2814,2817,1496,273896,0
2026/06/29,0935,2816,2817,2813,2814,1809,274374,0
2026/06/29,0940,2814,2818,2813,2816,1621,274687,0
2026/06/29,0945,2817,2822,2816,2818,2001,274682,0
2026/06/29,0950,2818,2822,2813,2822,2310,274504,0
2026/06/29,0955,2822,2822,2817,2818,1123,274616,0
2026/06/29,1000,2818,2819,2816,2816,1180,274711,0
2026/06/29,1005,2817,2820,2816,2820,1119,274772,0
2026/06/29,1010,2819,2829,2818,2827,5105,274357,0
2026/06/29,1015,2827,2833,2822,2822,5945,273012,0
2026/06/29,1035,2823,2825,2820,2823,1822,273124,0
2026/06/29,1040,2823,2825,2823,2823,1187,273033,0
2026/06/29,1045,2823,2826,2823,2823,1053,273076,0
2026/06/29,1050,2824,2825,2820,2821,1194,273105,0
2026/06/29,1055,2822,2824,2822,2824,611,273152,0
2026/06/29,1100,2824,2826,2823,2823,993,273196,0
2026/06/29,1105,2824,2826,2823,2825,680,273265,0
2026/06/29,1110,2825,2826,2823,2826,856,273160,0
2026/06/29,1115,2825,2827,2823,2826,1369,273503,0
2026/06/29,1120,2826,2831,2824,2831,1518,273404,0
2026/06/29,1125,2830,2834,2828,2829,4828,272749,0
2026/06/29,1130,2828,2830,2827,2830,1384,272760,0
2026/06/29,1335,2830,2830,2821,2823,4048,272578,0
2026/06/29,1340,2822,2823,2812,2818,4539,272901,0
2026/06/29,1345,2817,2819,2816,2818,1710,273274,0
2026/06/29,1350,2818,2820,2816,2819,1221,273485,0
2026/06/29,1355,2819,2822,2819,2821,1300,273593,0
2026/06/29,1400,2821,2823,2819,2823,1293,273707,0
2026/06/29,1405,2823,2828,2822,2822,2302,273604,0
2026/06/29,1410,2823,2824,2820,2823,1192,273894,0
2026/06/29,1415,2824,2825,2821,2821,865,274001,0
2026/06/29,1420,2821,2824,2821,2823,946,274238,0
2026/06/29,1425,2824,2825,2822,2825,806,274212,0
2026/06/29,1430,2824,2829,2823,2828,2009,274052,0
2026/06/29,1435,2827,2829,2825,2829,1842,273973,0
2026/06/29,1440,2829,2831,2828,2830,1816,274160,0
2026/06/29,1445,2830,2830,2826,2828,1542,274335,0
2026/06/29,1450,2829,2832,2827,2830,2752,274436,0
2026/06/29,1455,2829,2831,2827,2829,2552,274453,0
2026/06/29,1500,2829,2831,2826,2827,5336,274331,0
2026/06/30,2105,2820,2826,2806,2808,14533,275490,0
2026/06/30,2110,2809,2809,2803,2805,7274,276941,0
2026/06/30,2115,2806,2811,2804,2810,4455,277711,0
2026/06/30,2120,2811,2811,2808,2808,2766,277507,0
2026/06/30,2125,2809,2809,2807,2807,1708,277614,0
2026/06/30,2130,2807,2809,2805,2805,3090,277977,0
2026/06/30,2135,2805,2808,2804,2806,2548,278296,0
2026/06/30,2140,2806,2807,2804,2805,2194,279002,0
2026/06/30,2145,2805,2806,2800,2805,4625,279009,0
2026/06/30,2150,2805,2807,2803,2805,1705,279148,0
2026/06/30,2155,2805,2808,2805,2805,1611,279257,0
2026/06/30,2200,2805,2806,2804,2806,942,279186,0
2026/06/30,2205,2805,2805,2800,2801,2428,279407,0
2026/06/30,2210,2802,2804,2801,2803,1354,279426,0
2026/06/30,2215,2803,2804,2802,2804,791,279489,0
2026/06/30,2220,2804,2805,2803,2804,681,279433,0
2026/06/30,2225,2804,2806,2803,2804,938,279377,0
2026/06/30,2230,2804,2807,2804,2805,710,279376,0
2026/06/30,2235,2806,2806,2803,2804,725,279473,0
2026/06/30,2240,2803,2804,2802,2802,646,279661,0
2026/06/30,2245,2802,2803,2801,2801,816,279937,0
2026/06/30,2250,2801,2804,2801,2804,992,280156,0
2026/06/30,2255,2804,2804,2802,2803,584,280229,0
2026/06/30,2300,2802,2804,2802,2804,826,280300,0
2026/06/30,2305,2804,2804,2800,2800,1970,281095,0
2026/06/30,2310,2800,2801,2794,2794,7109,282133,0
2026/06/30,2315,2794,2795,2791,2793,2936,282583,0
2026/06/30,2320,2793,2794,2791,2794,2121,282977,0
2026/06/30,2325,2794,2795,2793,2794,891,283008,0
2026/06/30,2330,2794,2795,2791,2792,1570,283049,0
2026/06/30,2335,2791,2794,2790,2794,1885,283141,0
2026/06/30,2340,2794,2794,2792,2794,967,283214,0
2026/06/30,2345,2793,2794,2792,2792,399,283188,0
2026/06/30,2350,2791,2793,2789,2792,1408,283198,0
2026/06/30,2355,2792,2793,2791,2793,478,283259,0
2026/06/30,0000,2790,2792,2790,2790,900,283363,0
2026/06/30,0005,2790,2791,2789,2790,1183,283249,0
2026/06/30,0010,2790,2792,2789,2792,733,283055,0
2026/06/30,0015,2792,2792,2791,2791,187,283051,0
2026/06/30,0020,2791,2792,2790,2792,386,283033,0
2026/06/30,0025,2792,2792,2790,2791,200,282980,0
2026/06/30,0030,2790,2792,2790,2791,115,282993,0
2026/06/30,0035,2791,2793,2791,2793,256,282902,0
2026/06/30,0040,2792,2793,2792,2793,176,282885,0
2026/06/30,0045,2792,2793,2791,2791,270,282822,0
2026/06/30,0050,2791,2793,2791,2793,553,282563,0
2026/06/30,0055,2793,2794,2792,2794,287,282570,0
2026/06/30,0100,2793,2796,2792,2795,1905,281701,0
2026/06/30,0905,2794,2797,2785,2791,10251,281462,0
2026/06/30,0910,2790,2798,2790,2796,3637,281532,0
2026/06/30,0915,2795,2799,2792,2793,2828,281455,0
2026/06/30,0920,2792,2793,2789,2791,2700,281636,0
2026/06/30,0925,2792,2792,2787,2787,2087,281779,0
2026/06/30,0930,2787,2791,2787,2788,1879,281926,0
2026/06/30,0935,2789,2793,2788,2792,1664,281820,0
2026/06/30,0940,2791,2793,2790,2791,824,281791,0
2026/06/30,0945,2792,2794,2790,2793,821,281634,0
2026/06/30,0950,2792,2793,2783,2788,3974,282043,0
2026/06/30,0955,2788,2790,2785,2785,1566,282509,0
2026/06/30,1000,2785,2786,2782,2782,4016,283434,0
2026/06/30,1005,2782,2787,2781,2787,2060,283715,0
2026/06/30,1010,2786,2788,2783,2784,1472,283579,0
2026/06/30,1015,2784,2785,2772,2775,9374,283138,0
2026/06/30,1035,2775,2779,2774,2779,3165,283465,0
2026/06/30,1040,2779,2779,2774,2778,2085,283816,0
2026/06/30,1045,2778,2780,2775,2776,1588,283902,0
2026/06/30,1050,2778,2784,2776,2784,2230,283698,0
2026/06/30,1055,2783,2788,2781,2783,3577,283711,0
2026/06/30,1100,2783,2783,2779,2782,1306,283602,0
2026/06/30,1105,2782,2783,2776,2776,1738,284220,0
2026/06/30,1110,2777,2779,2770,2772,4215,284571,0
2026/06/30,1115,2772,2776,2771,2775,1980,285018,0
2026/06/30,1120,2774,2775,2770,2773,2442,285686,0
2026/06/30,1125,2773,2774,2772,2773,1287,285720,0
2026/06/30,1130,2772,2776,2772,2774,1316,285590,0
2026/06/30,1335,2776,2776,2768,2771,3721,286510,0
2026/06/30,1340,2770,2775,2770,2775,1374,286898,0
2026/06/30,1345,2774,2775,2771,2773,2166,287796,0
2026/06/30,1350,2774,2774,2766,2770,4374,289352,0
2026/06/30,1355,2770,2771,2767,2769,3087,289893,0
2026/06/30,1400,2769,2770,2765,2768,2943,290490,0
2026/06/30,1405,2769,2770,2766,2769,2277,290707,0
2026/06/30,1410,2769,2773,2769,2773,2213,290463,0
2026/06/30,1415,2773,2780,2772,2780,4105,289035,0
2026/06/30,1420,2780,2780,2775,2777,1595,289225,0
2026/06/30,1425,2777,2779,2775,2778,1464,289193,0
2026/06/30,1430,2779,2784,2778,2780,4547,288521,0
2026/06/30,1435,2781,2790,2780,2787,5531,288048,0
2026/06/30,1440,2788,2791,2785,2785,4351,287893,0
2026/06/30,1445,2786,2788,2785,2787,1757,287824,0
2026/06/30,1450,2787,2790,2786,2786,2620,287661,0
2026/06/30,1455,2786,2788,2784,2787,2542,286860,0
2026/06/30,1500,2787,2788,2782,2782,4431,286804,0
2026/07/01,2105,2782,2785,2775,2779,13526,287995,0
2026/07/01,2110,2779,2781,2772,2781,5766,288470,0
2026/07/01,2115,2781,2786,2780,2784,4485,288929,0
2026/07/01,2120,2785,2785,2780,2781,1512,289127,0
2026/07/01,2125,2780,2784,2780,2783,1059,289288,0
2026/07/01,2130,2783,2785,2781,2784,1616,289566,0
2026/07/01,2135,2783,2785,2783,2785,1137,289790,0
2026/07/01,2140,2785,2786,2781,2781,1715,290087,0
2026/07/01,2145,2783,2783,2780,2780,1771,289936,0
2026/07/01,2150,2781,2782,2778,2778,1181,289947,0
2026/07/01,2155,2778,2782,2777,2782,1142,289988,0
2026/07/01,2200,2781,2785,2781,2784,941,290137,0
2026/07/01,2205,2783,2784,2782,2783,757,290294,0
2026/07/01,2210,2784,2788,2783,2785,1699,290442,0
2026/07/01,2215,2784,2788,2784,2788,1713,290405,0
2026/07/01,2220,2788,2793,2787,2791,5607,290796,0
2026/07/01,2225,2792,2794,2791,2793,1836,291011,0
2026/07/01,2230,2793,2793,2790,2792,1457,290793,0
2026/07/01,2235,2792,2792,2789,2791,1211,290901,0
2026/07/01,2240,2791,2792,2790,2790,934,290757,0
2026/07/01,2245,2790,2791,2789,2789,960,290692,0
2026/07/01,2250,2789,2790,2787,2788,1439,290567,0
2026/07/01,2255,2788,2789,2785,2786,1672,290490,0
2026/07/01,2300,2786,2788,2784,2788,1541,290553,0
2026/07/01,2305,2788,2790,2787,2789,1761,291268,0
2026/07/01,2310,2788,2789,2787,2788,470,291452,0
2026/07/01,2315,2787,2788,2785,2785,721,291372,0
2026/07/01,2320,2786,2786,2785,2786,417,291253,0
2026/07/01,2325,2786,2786,2784,2785,924,291245,0
2026/07/01,2330,2784,2787,2784,2787,690,291164,0
2026/07/01,2335,2787,2787,2786,2787,101,291171,0
2026/07/01,2340,2786,2787,2785,2785,321,291143,0
2026/07/01,2345,2785,2786,2784,2785,387,291031,0
2026/07/01,2350,2785,2786,2785,2785,230,291077,0
2026/07/01,2355,2786,2787,2785,2787,256,291044,0
2026/07/01,0000,2787,2787,2786,2786,117,291029,0
2026/07/01,0005,2786,2788,2786,2787,387,291039,0
2026/07/01,0010,2787,2787,2786,2786,109,291077,0
2026/07/01,0015,2787,2787,2786,2787,67,291056,0
2026/07/01,0020,2787,2787,2786,2786,169,291023,0
2026/07/01,0025,2785,2787,2785,2786,224,290976,0
2026/07/01,0030,2787,2787,2785,2786,109,290941,0
2026/07/01,0035,2786,2787,2785,2786,236,290863,0
2026/07/01,0040,2786,2787,2785,2786,149,290876,0
2026/07/01,0045,2786,2786,2785,2786,84,290856,0
2026/07/01,0050,2785,2788,2785,2787,496,290569,0
2026/07/01,0055,2787,2787,2786,2787,210,290477,0
2026/07/01,0100,2786,2787,2782,2783,1645,289938,0
2026/07/01,0905,2781,2785,2779,2783,4162,289688,0
2026/07/01,0910,2784,2784,2782,2783,1473,289655,0
2026/07/01,0915,2782,2783,2775,2777,3216,289581,0
2026/07/01,0920,2777,2778,2773,2777,2760,289830,0
2026/07/01,0925,2777,2785,2776,2782,3134,289645,0
2026/07/01,0930,2782,2784,2780,2781,1392,289378,0
2026/07/01,0935,2781,2782,2779,2782,979,289420,0
2026/07/01,0940,2782,2782,2780,2780,609,289389,0
2026/07/01,0945,2781,2781,2775,2779,1467,289202,0
2026/07/01,0950,2779,2781,2775,2776,1143,289209,0
2026/07/01,0955,2775,2778,2775,2776,1044,289368,0
2026/07/01,1000,2777,2786,2776,2782,2483,289694,0
2026/07/01,1005,2782,2786,2782,2782,1567,289800,0
2026/07/01,1010,2783,2784,2780,2783,932,289736,0
2026/07/01,1015,2782,2786,2782,2784,1141,289689,0
2026/07/01,1035,2785,2788,2781,2786,2030,289817,0
2026/07/01,1040,2786,2789,2786,2789,1397,289704,0
2026/07/01,1045,2789,2797,2788,2795,6675,289546,0
2026/07/01,1050,2795,2797,2792,2792,2850,289488,0
2026/07/01,1055,2792,2794,2791,2793,1948,289670,0
2026/07/01,1100,2794,2794,2791,2792,1292,289695,0
2026/07/01,1105,2792,2795,2789,2791,1460,289741,0
2026/07/01,1110,2790,2795,2789,2793,1359,289987,0
2026/07/01,1115,2793,2796,2790,2793,1521,289890,0
2026/07/01,1120,2794,2795,2792,2794,838,289841,0
2026/07/01,1125,2794,2795,2793,2795,961,289745,0
2026/07/01,1130,2794,2795,2792,2793,1300,289327,0
2026/07/01,1335,2795,2801,2790,2800,5277,289105,0
2026/07/01,1340,2799,2805,2799,2801,4441,288853,0
2026/07/01,1345,2802,2804,2799,2803,2630,288787,0
2026/07/01,1350,2803,2803,2800,2801,1480,288847,0
2026/07/01,1355,2802,2802,2795,2797,2110,288551,0
2026/07/01,1400,2797,2798,2796,2796,1145,288522,0
2026/07/01,1405,2797,2798,2796,2796,985,288419,0
2026/07/01,1410,2796,2797,2792,2793,2133,288242,0
2026/07/01,1415,2793,2794,2791,2792,1404,287934,0
2026/07/01,1420,2792,2793,2790,2791,1300,287861,0
2026/07/01,1425,2791,2792,2786,2787,2410,288006,0
2026/07/01,1430,2788,2789,2785,2786,2689,288140,0
2026/07/01,1435,2787,2787,2784,2784,2084,287984,0
2026/07/01,1440,2784,2786,2782,2785,2087,287653,0
2026/07/01,1445,2785,2788,2784,2787,1344,287510,0
2026/07/01,1450,2787,2788,2785,2786,1427,287503,0
2026/07/01,1455,2786,2792,2785,2791,1968,287262,0
2026/07/01,1500,2791,2792,2786,2786,3750,286235,0
2026/07/02,2105,2781,2795,2781,2794,9694,286977,0
2026/07/02,2110,2794,2795,2786,2788,4238,287925,0
2026/07/02,2115,2788,2792,2788,2790,1854,287940,0
2026/07/02,2120,2791,2792,2790,2792,1855,288303,0
2026/07/02,2125,2791,2794,2791,2792,1671,288837,0
2026/07/02,2130,2793,2793,2787,2788,1386,288931,0
2026/07/02,2135,2788,2796,2788,2793,3354,288940,0
2026/07/02,2140,2792,2795,2792,2793,1253,289060,0
2026/07/02,2145,2793,2798,2791,2797,2573,289314,0
2026/07/02,2150,2798,2799,2794,2794,2924,289220,0
2026/07/02,2155,2795,2797,2793,2797,1136,289347,0
2026/07/02,2200,2796,2801,2796,2797,3244,289340,0
2026/07/02,2205,2798,2799,2797,2797,1285,289218,0
2026/07/02,2210,2797,2800,2796,2799,1338,289603,0
2026/07/02,2215,2799,2800,2797,2797,1309,289740,0
2026/07/02,2220,2797,2799,2795,2796,1470,289626,0
2026/07/02,2225,2796,2798,2794,2798,1399,289908,0
2026/07/02,2230,2798,2799,2795,2797,828,289802,0
2026/07/02,2235,2797,2797,2795,2796,586,289857,0
2026/07/02,2240,2795,2798,2795,2797,812,289924,0
2026/07/02,2245,2797,2797,2795,2796,513,289863,0
2026/07/02,2250,2796,2796,2794,2795,772,289772,0
2026/07/02,2255,2795,2795,2793,2794,960,289726,0
2026/07/02,2300,2794,2795,2793,2793,801,289775,0
2026/07/02,2305,2794,2795,2793,2794,897,290018,0
2026/07/02,2310,2794,2795,2793,2793,609,290214,0
2026/07/02,2315,2793,2795,2787,2788,4117,289603,0
2026/07/02,2320,2788,2790,2787,2789,1533,289721,0
2026/07/02,2325,2790,2792,2789,2791,819,289725,0
2026/07/02,2330,2791,2792,2790,2792,473,289617,0
2026/07/02,2335,2791,2792,2791,2791,319,289538,0
2026/07/02,2340,2791,2792,2790,2791,371,289490,0
2026/07/02,2345,2791,2792,2791,2792,187,289441,0
2026/07/02,2350,2792,2792,2791,2791,125,289417,0
2026/07/02,2355,2791,2792,2791,2792,142,289410,0
2026/07/02,0000,2791,2792,2791,2791,188,289394,0
2026/07/02,0005,2791,2792,2791,2791,150,289367,0
2026/07/02,0010,2791,2792,2791,2791,175,289292,0
2026/07/02,0015,2791,2792,2791,2792,53,289290,0
2026/07/02,0020,2791,2792,2791,2792,48,289294,0
2026/07/02,0025,2791,2792,2791,2792,99,289293,0
2026/07/02,0030,2791,2792,2791,2792,62,289257,0
2026/07/02,0035,2791,2792,2790,2791,283,289168,0
2026/07/02,0040,2791,2792,2791,2792,126,289146,0
2026/07/02,0045,2791,2792,2790,2791,105,289115,0
2026/07/02,0050,2791,2791,2787,2789,993,288934,0
2026/07/02,0055,2788,2789,2784,2785,1492,288824,0
2026/07/02,0100,2785,2789,2784,2789,1703,288602,0
2026/07/02,0905,2785,2791,2782,2790,5738,288780,0
2026/07/02,0910,2790,2793,2787,2789,1969,288945,0
2026/07/02,0915,2789,2791,2788,2788,1048,288867,0
2026/07/02,0920,2788,2792,2787,2792,1172,288869,0
2026/07/02,0925,2792,2792,2789,2792,1084,289036,0
2026/07/02,0930,2792,2797,2791,2793,3037,289422,0
2026/07/02,0935,2793,2794,2791,2792,1298,289450,0
2026/07/02,0940,2791,2797,2791,2796,1596,289422,0
2026/07/02,0945,2796,2802,2796,2799,4229,289922,0
2026/07/02,0950,2799,2799,2795,2798,1482,289933,0
2026/07/02,0955,2797,2799,2796,2797,1316,289813,0
2026/07/02,1000,2798,2802,2797,2800,1930,289795,0
2026/07/02,1005,2801,2803,2798,2801,1939,289867,0
2026/07/02,1010,2801,2801,2797,2798,918,289745,0
2026/07/02,1015,2797,2800,2797,2799,992,289635,0
2026/07/02,1035,2797,2799,2795,2797,1689,289633,0
2026/07/02,1040,2797,2798,2794,2794,1130,289298,0
2026/07/02,1045,2794,2795,2788,2789,4056,288203,0
2026/07/02,1050,2789,2791,2789,2790,1049,288227,0
2026/07/02,1055,2791,2795,2791,2794,1621,287741,0
2026/07/02,1100,2794,2795,2789,2790,1059,287634,0
2026/07/02,1105,2790,2790,2777,2778,9226,287484,0
2026/07/02,1110,2778,2779,2773,2775,7384,288624,0
2026/07/02,1115,2775,2775,2764,2765,12733,289878,0
2026/07/02,1120,2766,2767,2755,2757,13814,293227,0
2026/07/02,1125,2757,2762,2755,2762,8184,294067,0
2026/07/02,1130,2761,2761,2752,2759,7174,295862,0
2026/07/02,1335,2756,2758,2747,2751,12157,299051,0
2026/07/02,1340,2751,2754,2748,2749,4202,300071,0
2026/07/02,1345,2749,2752,2746,2748,6381,301156,0
2026/07/02,1350,2749,2758,2748,2757,6132,300640,0
2026/07/02,1355,2757,2760,2754,2759,2787,300797,0
2026/07/02,1400,2759,2759,2752,2753,2832,300950,0
2026/07/02,1405,2753,2759,2753,2756,2813,300902,0
2026/07/02,1410,2756,2758,2754,2758,1923,300992,0
2026/07/02,1415,2757,2758,2753,2753,1217,301304,0
2026/07/02,1420,2753,2753,2749,2751,3831,301805,0
2026/07/02,1425,2751,2755,2751,2754,1714,301729,0
2026/07/02,1430,2754,2754,2748,2749,2615,302592,0
2026/07/02,1435,2750,2752,2747,2748,3980,303663,0
2026/07/02,1440,2748,2751,2747,2749,1705,303542,0
2026/07/02,1445,2749,2751,2745,2746,4040,303837,0
2026/07/02,1450,2745,2747,2743,2745,5222,303466,0
2026/07/02,1455,2744,2746,2735,2739,11425,304022,0
2026/07/02,1500,2739,2739,2733,2734,9031,304451,0
2026/07/03,2105,2732,2739,2722,2728,23487,310947,0
2026/07/03,2110,2727,2729,2720,2723,10965,314761,0
2026/07/03,2115,2723,2726,2721,2723,6237,316330,0
2026/07/03,2120,2723,2724,2716,2718,12246,321267,0
2026/07/03,2125,2718,2719,2716,2718,6109,322759,0
2026/07/03,2130,2717,2719,2715,2717,4647,323462,0
2026/07/03,2135,2716,2718,2713,2717,7698,324397,0
2026/07/03,2140,2717,2720,2715,2718,5466,324247,0
2026/07/03,2145,2718,2722,2717,2721,5193,324198,0
2026/07/03,2150,2721,2724,2719,2723,5047,323618,0
2026/07/03,2155,2723,2723,2720,2722,2913,323290,0
2026/07/03,2200,2722,2724,2720,2724,1892,323531,0
2026/07/03,2205,2724,2724,2720,2721,2133,323252,0
2026/07/03,2210,2721,2725,2721,2725,2735,322833,0
2026/07/03,2215,2725,2725,2723,2724,2743,322663,0
2026/07/03,2220,2724,2725,2722,2724,1567,322413,0
2026/07/03,2225,2724,2725,2722,2725,2584,322324,0
2026/07/03,2230,2723,2725,2723,2724,911,322290,0
2026/07/03,2235,2723,2724,2722,2722,763,322222,0
2026/07/03,2240,2723,2723,2721,2723,1234,322204,0
2026/07/03,2245,2723,2723,2720,2721,1524,322432,0
2026/07/03,2250,2721,2723,2721,2723,1074,322279,0
2026/07/03,2255,2723,2723,2720,2722,1059,322279,0
2026/07/03,2300,2721,2724,2721,2721,2330,322101,0
2026/07/03,2305,2722,2722,2713,2716,9563,322214,0
2026/07/03,2310,2716,2719,2716,2718,1635,322171,0
2026/07/03,2315,2718,2721,2718,2720,1826,322157,0
2026/07/03,2320,2720,2722,2719,2722,1444,322231,0
2026/07/03,2325,2722,2722,2721,2721,768,322191,0
2026/07/03,2330,2722,2722,2720,2721,537,322195,0
2026/07/03,2335,2721,2722,2721,2722,405,322091,0
2026/07/03,2340,2721,2722,2721,2722,270,322080,0
2026/07/03,2345,2722,2722,2720,2721,389,322012,0
2026/07/03,2350,2721,2721,2720,2721,160,321914,0
2026/07/03,2355,2721,2721,2720,2720,253,321833,0
2026/07/03,0000,2721,2722,2720,2722,313,321758,0
2026/07/03,0005,2721,2722,2719,2722,1457,322259,0
2026/07/03,0010,2722,2722,2721,2721,254,322225,0
2026/07/03,0015,2720,2721,2720,2720,219,322230,0
2026/07/03,0020,2720,2721,2720,2721,171,322243,0
2026/07/03,0025,2720,2721,2720,2721,179,322254,0
2026/07/03,0030,2720,2721,2720,2721,477,322103,0
2026/07/03,0035,2720,2721,2720,2721,173,322044,0
2026/07/03,0040,2721,2721,2719,2720,522,322213,0
2026/07/03,0045,2720,2722,2719,2721,461,322037,0
2026/07/03,0050,2721,2722,2719,2720,492,321796,0
2026/07/03,0055,2720,2721,2720,2721,275,321688,0
2026/07/03,0100,2721,2724,2719,2723,1794,321021,0
2026/07/03,0905,2722,2727,2715,2726,9832,320989,0
2026/07/03,0910,2725,2727,2719,2721,3018,321158,0
2026/07/03,0915,2721,2723,2713,2715,7514,321019,0
2026/07/03,0920,2714,2719,2713,2718,4097,320952,0
2026/07/03,0925,2718,2721,2716,2720,3691,320304,0
2026/07/03,0930,2720,2722,2719,2719,2228,320533,0
2026/07/03,0935,2720,2723,2720,2721,2253,320756,0
2026/07/03,0940,2723,2727,2722,2726,3251,320721,0
2026/07/03,0945,2727,2728,2724,2727,3300,320829,0
2026/07/03,0950,2728,2730,2725,2728,4081,319669,0
2026/07/03,0955,2729,2731,2727,2729,2399,319630,0
2026/07/03,1000,2728,2732,2728,2729,3144,319014,0
2026/07/03,1005,2729,2736,2729,2733,5412,318047,0
2026/07/03,1010,2734,2736,2732,2733,3939,317555,0
2026/07/03,1015,2734,2734,2730,2732,2373,316940,0
2026/07/03,1035,2731,2732,2727,2729,3261,317151,0
2026/07/03,1040,2729,2729,2725,2725,3120,317499,0
2026/07/03,1045,2726,2730,2724,2728,2880,317873,0
2026/07/03,1050,2727,2729,2726,2729,1008,317973,0
2026/07/03,1055,2729,2730,2725,2726,1653,318225,0
2026/07/03,1100,2726,2726,2721,2724,2864,318605,0
2026/07/03,1105,2724,2725,2721,2721,1994,318837,0
2026/07/03,1110,2722,2722,2716,2720,5310,320652,0
2026/07/03,1115,2721,2726,2719,2725,3009,320459,0
2026/07/03,1120,2725,2726,2723,2724,1799,320509,0
2026/07/03,1125,2724,2727,2724,2725,1736,320472,0
2026/07/03,1130,2725,2727,2723,2726,1380,320524,0
2026/07/03,1335,2726,2726,2720,2722,4072,321532,0
2026/07/03,1340,2722,2723,2721,2723,1186,321834,0
2026/07/03,1345,2723,2725,2722,2724,1085,322016,0
2026/07/03,1350,2724,2724,2720,2721,1945,322431,0
2026/07/03,1355,2721,2722,2719,2721,1864,322892,0
2026/07/03,1400,2721,2723,2720,2720,984,323001,0
2026/07/03,1405,2720,2724,2720,2721,1484,322980,0
2026/07/03,1410,2721,2724,2720,2721,1386,322962,0
2026/07/03,1415,2721,2723,2720,2723,1140,323032,0
2026/07/03,1420,2722,2724,2721,2721,875,323128,0
2026/07/03,1425,2722,2723,2721,2722,738,323132,0
2026/07/03,1430,2722,2722,2718,2720,2666,323452,0
2026/07/03,1435,2720,2722,2720,2722,906,323497,0
2026/07/03,1440,2722,2722,2720,2721,1065,323547,0
2026/07/03,1445,2720,2721,2719,2719,1032,323567,0
2026/07/03,1450,2720,2721,2718,2720,2446,323817,0
2026/07/03,1455,2720,2722,2718,2722,3316,323946,0
2026/07/03,1500,2722,2723,2717,2719,5899,322942,0
2026/07/06,2105,2716,2723,2714,2718,12038,325948,0
2026/07/06,2110,2717,2718,2710,2712,10410,327607,0
2026/07/06,2115,2713,2713,2710,2712,5718,329076,0
2026/07/06,2120,2711,2713,2709,2709,5327,330372,0
2026/07/06,2125,2709,2713,2708,2712,3775,330212,0
2026/07/06,2130,2713,2713,2710,2711,1741,330382,0
2026/07/06,2135,2711,2711,2705,2707,7178,332363,0
2026/07/06,2140,2707,2709,2706,2707,2758,332463,0
2026/07/06,2145,2708,2711,2707,2708,2362,332723,0
2026/07/06,2150,2709,2709,2705,2707,2744,333198,0
2026/07/06,2155,2707,2708,2707,2707,1539,333289,0
2026/07/06,2200,2707,2709,2707,2709,1230,333464,0
2026/07/06,2205,2708,2710,2707,2710,1959,333611,0
2026/07/06,2210,2710,2716,2710,2715,4229,332416,0
2026/07/06,2215,2715,2716,2713,2713,2934,331890,0
2026/07/06,2220,2714,2714,2710,2711,1731,331872,0
2026/07/06,2225,2710,2714,2710,2713,895,331861,0
2026/07/06,2230,2713,2714,2712,2714,848,331784,0
2026/07/06,2235,2714,2714,2711,2713,1110,331958,0
2026/07/06,2240,2713,2720,2712,2718,3812,331297,0
2026/07/06,2245,2718,2721,2716,2720,5108,330059,0
2026/07/06,2250,2720,2720,2718,2718,2005,329853,0
2026/07/06,2255,2718,2719,2717,2719,1363,330035,0
2026/07/06,2300,2719,2719,2717,2719,1457,330370,0
2026/07/06,2305,2719,2722,2718,2722,3552,331153,0
2026/07/06,2310,2722,2722,2719,2719,2174,331601,0
2026/07/06,2315,2720,2721,2719,2720,949,331476,0
2026/07/06,2320,2720,2720,2719,2720,450,331485,0
2026/07/06,2325,2720,2720,2718,2719,786,331466,0
2026/07/06,2330,2718,2719,2717,2718,1009,331325,0
2026/07/06,2335,2719,2719,2717,2718,480,331379,0
2026/07/06,2340,2717,2718,2717,2717,368,331272,0
2026/07/06,2345,2717,2718,2716,2716,731,331245,0
2026/07/06,2350,2716,2717,2716,2717,212,331241,0
2026/07/06,2355,2716,2718,2716,2718,420,331154,0
2026/07/06,0000,2717,2718,2717,2717,192,331139,0
2026/07/06,0005,2718,2718,2716,2717,301,331046,0
2026/07/06,0010,2717,2717,2716,2716,178,330985,0
2026/07/06,0015,2716,2718,2716,2717,336,330827,0
2026/07/06,0020,2718,2719,2717,2718,525,330850,0
2026/07/06,0025,2719,2719,2718,2719,72,330831,0
2026/07/06,0030,2719,2719,2718,2718,201,330765,0
2026/07/06,0035,2719,2719,2718,2719,123,330752,0
2026/07/06,0040,2719,2719,2718,2718,164,330747,0
2026/07/06,0045,2718,2719,2717,2718,480,330587,0
2026/07/06,0050,2719,2719,2717,2718,412,330360,0
2026/07/06,0055,2717,2718,2716,2718,551,330122,0
2026/07/06,0100,2717,2721,2717,2720,1303,329542,0
2026/07/06,0905,2720,2721,2714,2719,8306,330164,0
2026/07/06,0910,2719,2720,2713,2715,3899,330447,0
2026/07/06,0915,2715,2725,2715,2724,5926,330244,0
2026/07/06,0920,2723,2727,2722,2726,5648,330615,0
2026/07/06,0925,2725,2729,2723,2726,4711,330608,0
2026/07/06,0930,2726,2727,2724,2725,2323,330397,0
2026/07/06,0935,2724,2727,2724,2725,1645,330444,0
2026/07/06,0940,2726,2726,2724,2724,1157,330381,0
2026/07/06,0945,2724,2726,2723,2725,1541,330509,0
2026/07/06,0950,2725,2729,2724,2727,2724,330902,0
2026/07/06,0955,2727,2730,2725,2727,2580,330895,0
2026/07/06,1000,2728,2729,2725,2726,1767,330902,0
2026/07/06,1005,2727,2727,2723,2725,2158,330865,0
2026/07/06,1010,2725,2727,2722,2724,2060,330929,0
2026/07/06,1015,2724,2726,2723,2723,966,331024,0
2026/07/06,1035,2723,2724,2717,2719,4775,331560,0
2026/07/06,1040,2718,2719,2716,2719,1990,331729,0
2026/07/06,1045,2719,2719,2717,2717,1199,332168,0
2026/07/06,1050,2718,2719,2716,2718,2228,332407,0
2026/07/06,1055,2718,2719,2717,2717,954,332558,0
2026/07/06,1100,2717,2718,2716,2718,1145,332739,0
2026/07/06,1105,2717,2719,2716,2717,976,332985,0
2026/07/06,1110,2717,2720,2717,2719,1468,333026,0
2026/07/06,1115,2720,2721,2718,2719,807,333151,0
2026/07/06,1120,2719,2720,2718,2718,747,333338,0
2026/07/06,1125,2718,2720,2718,2720,780,333292,0
2026/07/06,1130,2719,2721,2718,2718,770,333331,0
2026/07/06,1335,2720,2721,2718,2719,1765,333746,0
2026/07/06,1340,2719,2721,2717,2721,1095,333830,0
2026/07/06,1345,2720,2723,2720,2721,1740,333905,0
2026/07/06,1350,2721,2722,2720,2721,1032,334106,0
2026/07/06,1355,2721,2724,2720,2723,1338,334200,0
2026/07/06,1400,2723,2723,2720,2721,888,334325,0
2026/07/06,1405,2721,2723,2720,2721,904,334352,0
2026/07/06,1410,2721,2722,2720,2721,656,334372,0
2026/07/06,1415,2721,2724,2721,2722,1473,334523,0
2026/07/06,1420,2721,2723,2720,2721,870,334566,0
2026/07/06,1425,2721,2722,2719,2721,1464,334846,0
2026/07/06,1430,2721,2723,2720,2722,1023,334754,0
2026/07/06,1435,2721,2722,2720,2720,1020,334605,0
2026/07/06,1440,2720,2721,2718,2721,1516,334549,0
2026/07/06,1445,2721,2723,2719,2719,2060,334727,0
2026/07/06,1450,2720,2721,2719,2720,835,334892,0
2026/07/06,1455,2721,2723,2719,2722,2342,334874,0
2026/07/06,1500,2721,2722,2719,2720,5684,334162,0
2026/07/07,2105,2720,2727,2709,2714,13255,336023,0
2026/07/07,2110,2715,2715,2712,2714,4042,337043,0
2026/07/07,2115,2714,2715,2712,2713,3137,337964,0
2026/07/07,2120,2713,2715,2712,2714,1828,338481,0
2026/07/07,2125,2714,2715,2708,2711,5116,339669,0
2026/07/07,2130,2711,2711,2708,2708,3265,341301,0
2026/07/07,2135,2708,2715,2708,2713,3582,340517,0
2026/07/07,2140,2713,2714,2709,2710,2255,341746,0
2026/07/07,2145,2709,2711,2709,2710,1594,342318,0
2026/07/07,2150,2710,2713,2710,2711,1168,342506,0
2026/07/07,2155,2712,2712,2711,2712,699,342689,0
2026/07/07,2200,2712,2713,2711,2712,578,342777,0
2026/07/07,2205,2711,2713,2711,2713,440,342835,0
2026/07/07,2210,2713,2713,2712,2712,768,342916,0
2026/07/07,2215,2712,2716,2712,2716,1311,342874,0
2026/07/07,2220,2715,2716,2713,2713,1064,342938,0
2026/07/07,2225,2713,2717,2713,2714,1473,343035,0
2026/07/07,2230,2715,2716,2714,2714,454,343190,0
2026/07/07,2235,2714,2715,2713,2715,809,343348,0
2026/07/07,2240,2715,2715,2714,2714,286,343305,0
2026/07/07,2245,2715,2715,2712,2712,874,343391,0
2026/07/07,2250,2713,2713,2712,2712,385,343495,0
2026/07/07,2255,2712,2713,2711,2711,771,343557,0
2026/07/07,2300,2711,2714,2711,2714,961,343785,0
2026/07/07,2305,2714,2715,2713,2715,754,344060,0
2026/07/07,2310,2715,2715,2714,2715,346,344063,0
2026/07/07,2315,2715,2715,2714,2715,289,344099,0
2026/07/07,2320,2715,2715,2714,2714,159,344080,0
2026/07/07,2325,2715,2715,2713,2714,374,344057,0
2026/07/07,2330,2714,2715,2713,2713,268,344020,0
2026/07/07,2335,2713,2714,2713,2714,89,344024,0
2026/07/07,2340,2714,2714,2713,2714,160,344024,0
2026/07/07,2345,2713,2715,2713,2715,176,344031,0
2026/07/07,2350,2715,2715,2714,2715,144,343990,0
2026/07/07,2355,2715,2715,2714,2715,90,343960,0
2026/07/07,0000,2714,2715,2714,2714,122,343943,0
2026/07/07,0005,2715,2715,2714,2715,97,343915,0
2026/07/07,0010,2715,2715,2714,2715,61,343910,0
2026/07/07,0015,2715,2715,2714,2715,92,343897,0
2026/07/07,0020,2715,2715,2714,2714,55,343886,0
2026/07/07,0025,2714,2714,2712,2712,502,343901,0
2026/07/07,0030,2713,2713,2712,2713,122,343964,0
2026/07/07,0035,2712,2713,2712,2712,189,343960,0
2026/07/07,0040,2713,2713,2712,2712,114,344023,0
2026/07/07,0045,2712,2713,2712,2712,56,344029,0
2026/07/07,0050,2713,2713,2711,2711,339,344014,0
2026/07/07,0055,2711,2712,2711,2711,179,344012,0
2026/07/07,0100,2712,2713,2711,2713,878,343815,0
2026/07/07,0905,2713,2713,2708,2709,3997,344507,0
2026/07/07,0910,2710,2711,2708,2709,3010,345193,0
2026/07/07,0915,2708,2709,2706,2707,2842,345862,0
2026/07/07,0920,2708,2709,2704,2705,6307,346515,0
2026/07/07,0925,2705,2706,2699,2701,10740,348450,0
2026/07/07,0930,2701,2710,2700,2708,6935,347550,0
2026/07/07,0935,2709,2709,2705,2706,1526,347782,0
2026/07/07,0940,2706,2708,2702,2703,2418,347986,0
2026/07/07,0945,2703,2706,2702,2705,1818,348135,0
2026/07/07,0950,2705,2710,2705,2708,2529,347973,0
2026/07/07,0955,2709,2709,2706,2707,1179,347873,0
2026/07/07,1000,2708,2710,2706,2709,1080,348087,0
2026/07/07,1005,2709,2711,2704,2704,3451,348724,0
2026/07/07,1010,2705,2706,2703,2704,1830,349028,0
2026/07/07,1015,2704,2706,2702,2705,1432,349056,0
2026/07/07,1035,2705,2705,2703,2705,1413,349000,0
2026/07/07,1040,2704,2705,2700,2702,3835,349650,0
2026/07/07,1045,2703,2703,2700,2702,2459,350287,0
2026/07/07,1050,2702,2703,2701,2703,1056,350571,0
2026/07/07,1055,2702,2703,2697,2701,4763,350730,0
2026/07/07,1100,2701,2703,2700,2703,1176,350753,0
2026/07/07,1105,2703,2708,2702,2708,2842,350209,0
2026/07/07,1110,2708,2713,2705,2712,5076,349260,0
2026/07/07,1115,2712,2714,2708,2709,2594,348827,0
2026/07/07,1120,2709,2711,2708,2708,2308,348256,0
2026/07/07,1125,2708,2712,2708,2711,1371,347870,0
2026/07/07,1130,2710,2711,2702,2705,4455,348628,0
2026/07/07,1335,2705,2705,2701,2702,2468,349171,0
2026/07/07,1340,2703,2704,2701,2702,1394,349382,0
2026/07/07,1345,2702,2704,2700,2701,2130,349907,0
2026/07/07,1350,2700,2701,2696,2698,5573,351153,0
2026/07/07,1355,2698,2701,2697,2701,1713,351526,0
2026/07/07,1400,2701,2702,2700,2700,1268,351793,0
2026/07/07,1405,2700,2702,2700,2701,1080,351822,0
2026/07/07,1410,2701,2702,2694,2695,5248,353362,0
2026/07/07,1415,2695,2697,2694,2697,2858,354237,0
2026/07/07,1420,2697,2700,2696,2699,1597,354207,0
2026/07/07,1425,2700,2700,2699,2699,879,354200,0
2026/07/07,1430,2699,2702,2699,2702,1951,353960,0
2026/07/07,1435,2701,2702,2700,2701,1083,353987,0
2026/07/07,1440,2701,2704,2700,2704,2067,353987,0
2026/07/07,1445,2704,2707,2703,2707,4136,353539,0
2026/07/07,1450,2707,2708,2703,2703,2841,353081,0
2026/07/07,1455,2703,2704,2701,2703,1839,352831,0
2026/07/07,1500,2702,2705,2701,2701,3881,352499,0
2026/07/08,2105,2701,2701,2692,2693,13423,356416,0
2026/07/08,2110,2693,2700,2692,2700,7907,358022,0
2026/07/08,2115,2701,2701,2698,2701,3479,358240,0
2026/07/08,2120,2702,2703,2700,2703,3152,357891,0
2026/07/08,2125,2703,2705,2701,2704,2967,357811,0
2026/07/08,2130,2704,2704,2699,2699,2799,357953,0
2026/07/08,2135,2699,2700,2698,2699,1482,358057,0
2026/07/08,2140,2699,2702,2699,2702,1721,358262,0
2026/07/08,2145,2701,2703,2700,2701,1605,358572,0
2026/07/08,2150,2701,2702,2700,2701,1122,358648,0
2026/07/08,2155,2701,2702,2700,2702,1035,358585,0
2026/07/08,2200,2702,2704,2701,2701,1263,358522,0
2026/07/08,2205,2702,2703,2701,2703,1045,358215,0
2026/07/08,2210,2703,2706,2702,2706,1809,357947,0
2026/07/08,2215,2706,2706,2703,2703,1403,357926,0
2026/07/08,2220,2704,2704,2701,2702,1036,358014,0
2026/07/08,2225,2702,2703,2702,2702,440,358115,0
2026/07/08,2230,2702,2705,2702,2705,693,357969,0
2026/07/08,2235,2704,2706,2704,2705,1194,357893,0
2026/07/08,2240,2705,2706,2703,2705,943,357909,0
2026/07/08,2245,2704,2705,2704,2705,307,357950,0
2026/07/08,2250,2705,2705,2702,2702,745,357945,0
2026/07/08,2255,2702,2704,2702,2704,748,358036,0
2026/07/08,2300,2703,2704,2702,2704,1108,358101,0
2026/07/08,2305,2703,2705,2703,2704,827,358208,0
2026/07/08,2310,2705,2706,2704,2706,613,358376,0
2026/07/08,2315,2706,2706,2704,2706,1229,359045,0
2026/07/08,2320,2706,2706,2703,2703,713,358963,0
2026/07/08,2325,2703,2704,2703,2703,191,358935,0
2026/07/08,2330,2703,2704,2703,2704,330,358948,0
2026/07/08,2335,2703,2704,2702,2702,296,359032,0
2026/07/08,2340,2702,2704,2702,2703,400,359179,0
2026/07/08,2345,2704,2704,2703,2703,158,359124,0
2026/07/08,2350,2703,2704,2702,2703,467,358984,0
2026/07/08,2355,2702,2703,2702,2703,164,358961,0
2026/07/08,0000,2703,2703,2702,2702,176,358958,0
2026/07/08,0005,2703,2703,2702,2703,113,358948,0
2026/07/08,0010,2703,2703,2702,2702,133,358851,0
2026/07/08,0015,2702,2703,2701,2701,396,358905,0
2026/07/08,0020,2701,2702,2701,2701,67,358931,0
2026/07/08,0025,2701,2702,2701,2701,81,358964,0
2026/07/08,0030,2702,2702,2701,2702,114,358956,0
2026/07/08,0035,2702,2702,2701,2701,65,358951,0
2026/07/08,0040,2701,2702,2701,2701,93,358946,0
2026/07/08,0045,2701,2702,2701,2701,182,358887,0
2026/07/08,0050,2701,2701,2700,2700,515,358901,0
2026/07/08,0055,2701,2702,2700,2702,470,358847,0
2026/07/08,0100,2702,2703,2700,2701,923,358596,0
2026/07/08,0905,2701,2707,2700,2701,5566,357941,0
2026/07/08,0910,2702,2703,2698,2702,3382,357881,0
2026/07/08,0915,2702,2704,2701,2703,1569,357890,0
2026/07/08,0920,2702,2703,2699,2700,2044,358115,0
2026/07/08,0925,2699,2701,2699,2701,1193,358390,0
2026/07/08,0930,2700,2709,2700,2709,4058,357633,0
2026/07/08,0935,2709,2716,2708,2714,9182,356111,0
2026/07/08,0940,2714,2714,2708,2708,3659,355849,0
2026/07/08,0945,2709,2711,2708,2711,1911,355761,0
2026/07/08,0950,2711,2715,2711,2712,2318,355628,0
2026/07/08,0955,2712,2718,2710,2717,5322,354275,0
2026/07/08,1000,2716,2718,2715,2716,2887,354119,0
2026/07/08,1005,2717,2717,2713,2713,3439,353798,0
2026/07/08,1010,2714,2724,2712,2719,10040,351418,0
2026/07/08,1015,2719,2720,2713,2714,3337,351723,0
2026/07/08,1035,2714,2718,2713,2717,2267,351393,0
2026/07/08,1040,2717,2719,2715,2716,1676,351101,0
2026/07/08,1045,2716,2716,2712,2713,1373,351070,0
2026/07/08,1050,2713,2716,2712,2715,1197,351095,0
2026/07/08,1055,2715,2716,2714,2716,1056,350864,0
2026/07/08,1100,2716,2718,2715,2717,1085,350900,0
2026/07/08,1105,2716,2717,2714,2715,1190,350723,0
2026/07/08,1110,2716,2716,2712,2715,2062,351072,0
2026/07/08,1115,2715,2720,2714,2720,2127,350472,0
2026/07/08,1120,2720,2721,2717,2720,1858,350445,0
2026/07/08,1125,2719,2722,2716,2716,2715,350445,0
2026/07/08,1130,2716,2720,2716,2720,1757,349930,0
2026/07/08,1335,2720,2720,2716,2719,2138,349686,0
2026/07/08,1340,2718,2720,2717,2717,1143,349572,0
2026/07/08,1345,2717,2721,2717,2719,1698,349436,0
2026/07/08,1350,2720,2721,2718,2719,1727,349382,0
2026/07/08,1355,2719,2720,2717,2717,1787,348677,0
2026/07/08,1400,2718,2723,2717,2721,3013,348652,0
2026/07/08,1405,2720,2722,2718,2718,1601,348665,0
2026/07/08,1410,2718,2719,2716,2718,1605,348423,0
2026/07/08,1415,2718,2720,2717,2720,602,348294,0
2026/07/08,1420,2719,2720,2718,2719,1028,348130,0
2026/07/08,1425,2719,2721,2718,2719,994,347976,0
2026/07/08,1430,2719,2720,2717,2718,985,348017,0
2026/07/08,1435,2718,2719,2715,2715,2155,347967,0
2026/07/08,1440,2716,2716,2713,2713,1579,348057,0
2026/07/08,1445,2713,2720,2712,2717,3693,347099,0
2026/07/08,1450,2717,2717,2713,2713,1611,346921,0
2026/07/08,1455,2714,2717,2714,2715,2309,347076,0
2026/07/08,1500,2715,2717,2714,2716,2742,346256,0
2026/07/09,2105,2704,2713,2700,2708,15598,349984,0
2026/07/09,2110,2707,2709,2702,2709,5038,351150,0
2026/07/09,2115,2709,2711,2705,2711,4000,352237,0
2026/07/09,2120,2710,2715,2708,2715,3859,352480,0
2026/07/09,2125,2714,2716,2713,2713,3014,352643,0
2026/07/09,2130,2713,2714,2711,2714,1758,352957,0
2026/07/09,2135,2713,2714,2707,2711,3182,353041,0
2026/07/09,2140,2711,2711,2709,2710,740,353276,0
2026/07/09,2145,2709,2711,2708,2708,1776,353639,0
2026/07/09,2150,2708,2708,2706,2706,2647,353897,0
2026/07/09,2155,2706,2707,2705,2706,1979,354383,0
2026/07/09,2200,2706,2708,2704,2707,1484,354696,0
2026/07/09,2205,2707,2707,2705,2707,790,354797,0
2026/07/09,2210,2707,2712,2707,2711,1935,354562,0
2026/07/09,2215,2712,2714,2711,2713,1892,354199,0
2026/07/09,2220,2714,2716,2713,2713,2532,354652,0
2026/07/09,2225,2713,2713,2712,2712,674,354668,0
2026/07/09,2230,2712,2713,2711,2712,671,354758,0
2026/07/09,2235,2712,2713,2710,2710,1024,354675,0
2026/07/09,2240,2710,2711,2709,2710,1025,354369,0
2026/07/09,2245,2709,2712,2709,2711,1104,354613,0
2026/07/09,2250,2711,2712,2710,2710,852,354815,0
2026/07/09,2255,2709,2713,2709,2713,1099,354809,0
2026/07/09,2300,2713,2714,2712,2714,1453,355019,0
2026/07/09,2305,2714,2715,2712,2712,1325,355627,0
2026/07/09,2310,2713,2713,2712,2713,318,355677,0
2026/07/09,2315,2713,2713,2710,2710,683,355689,0
2026/07/09,2320,2711,2711,2709,2711,1205,355594,0
2026/07/09,2325,2711,2712,2710,2711,395,355584,0
2026/07/09,2330,2710,2711,2710,2711,287,355581,0
2026/07/09,2335,2711,2711,2709,2710,352,355625,0
2026/07/09,2340,2710,2710,2709,2709,273,355723,0
2026/07/09,2345,2710,2710,2709,2710,234,355774,0
2026/07/09,2350,2710,2710,2708,2708,499,355830,0
2026/07/09,2355,2709,2710,2708,2709,425,355847,0
2026/07/09,0000,2709,2710,2709,2709,119,355875,0
2026/07/09,0005,2710,2710,2708,2710,406,355894,0
2026/07/09,0010,2709,2710,2709,2710,157,355889,0
2026/07/09,0015,2710,2710,2709,2709,155,355949,0
2026/07/09,0020,2709,2711,2709,2710,322,355979,0
2026/07/09,0025,2711,2711,2709,2710,158,356018,0
2026/07/09,0030,2710,2711,2710,2711,122,356075,0
2026/07/09,0035,2711,2711,2710,2711,78,356077,0
2026/07/09,0040,2711,2711,2710,2711,230,356155,0
2026/07/09,0045,2710,2712,2710,2711,219,356197,0
2026/07/09,0050,2711,2714,2711,2714,933,355797,0
2026/07/09,0055,2713,2714,2713,2713,232,355781,0
2026/07/09,0100,2714,2715,2712,2715,1028,355370,0
2026/07/09,0905,2714,2717,2707,2709,6254,355834,0
2026/07/09,0910,2709,2710,2706,2707,2826,355942,0
2026/07/09,0915,2707,2710,2705,2707,3271,356341,0
2026/07/09,0920,2707,2711,2705,2710,2339,356870,0
2026/07/09,0925,2710,2714,2710,2712,1871,356791,0
2026/07/09,0930,2711,2715,2710,2715,2011,356594,0
2026/07/09,0935,2715,2725,2713,2722,8669,356601,0
2026/07/09,0940,2723,2725,2720,2720,4354,356126,0
2026/07/09,0945,2721,2724,2720,2724,2464,356207,0
2026/07/09,0950,2724,2728,2718,2720,6177,355638,0
2026/07/09,0955,2720,2722,2716,2716,3308,354999,0
2026/07/09,1000,2717,2718,2714,2717,2755,355123,0
2026/07/09,1005,2717,2722,2717,2721,2381,354732,0
2026/07/09,1010,2722,2722,2717,2720,1683,354203,0
2026/07/09,1015,2719,2720,2717,2719,999,354179,0
2026/07/09,1035,2720,2721,2717,2719,1043,354188,0
2026/07/09,1040,2719,2720,2714,2718,2249,354300,0
2026/07/09,1045,2717,2719,2714,2715,1714,354233,0
2026/07/09,1050,2715,2716,2713,2714,1355,354246,0
2026/07/09,1055,2714,2714,2709,2710,3063,354776,0
2026/07/09,1100,2710,2712,2707,2709,3777,355754,0
2026/07/09,1105,2709,2712,2707,2711,2503,356053,0
2026/07/09,1110,2711,2713,2709,2712,1797,356215,0
2026/07/09,1115,2713,2714,2710,2710,2724,355487,0
2026/07/09,1120,2709,2710,2707,2709,2371,355429,0
2026/07/09,1125,2709,2712,2706,2712,2111,355504,0
2026/07/09,1130,2712,2714,2711,2712,1436,355532,0
2026/07/09,1335,2713,2715,2711,2713,1551,355182,0
2026/07/09,1340,2713,2715,2711,2714,1259,354952,0
2026/07/09,1345,2714,2715,2712,2712,1281,355101,0
2026/07/09,1350,2713,2714,2710,2713,2026,354688,0
2026/07/09,1355,2713,2717,2712,2716,1907,354225,0
2026/07/09,1400,2716,2720,2716,2717,3184,353681,0
2026/07/09,1405,2716,2718,2715,2716,1701,353624,0
2026/07/09,1410,2715,2717,2715,2717,1080,353313,0
2026/07/09,1415,2718,2724,2717,2723,4712,352754,0
2026/07/09,1420,2723,2725,2719,2720,3073,351540,0
2026/07/09,1425,2720,2723,2720,2721,1557,351077,0
2026/07/09,1430,2720,2720,2718,2718,1622,350958,0
2026/07/09,1435,2718,2719,2717,2719,1239,350739,0
2026/07/09,1440,2719,2721,2718,2720,1332,350798,0
2026/07/09,1445,2720,2720,2718,2719,986,350708,0
2026/07/09,1450,2719,2723,2718,2723,2257,350166,0
2026/07/09,1455,2723,2725,2719,2721,4779,350049,0
2026/07/09,1500,2720,2722,2720,2720,4024,349433,0
2026/07/10,2105,2727,2734,2714,2715,15935,352264,0
2026/07/10,2110,2716,2718,2714,2714,4923,353691,0
2026/07/10,2115,2715,2716,2708,2708,7087,356040,0
2026/07/10,2120,2709,2711,2708,2709,4610,356748,0
2026/07/10,2125,2710,2710,2707,2709,4667,358321,0
2026/07/10,2130,2708,2710,2707,2708,3605,358623,0
2026/07/10,2135,2708,2710,2708,2710,2237,359371,0
2026/07/10,2140,2710,2714,2710,2714,2137,359268,0
2026/07/10,2145,2713,2715,2712,2712,1244,359248,0
2026/07/10,2150,2712,2714,2712,2712,1093,359173,0
2026/07/10,2155,2713,2714,2712,2713,698,359202,0
2026/07/10,2200,2713,2715,2713,2714,1117,359356,0
2026/07/10,2205,2714,2715,2713,2715,1040,359197,0
2026/07/10,2210,2714,2715,2712,2712,1361,359291,0
2026/07/10,2215,2712,2714,2710,2714,1582,358888,0
2026/07/10,2220,2714,2714,2713,2713,294,358913,0
2026/07/10,2225,2713,2715,2713,2715,1068,358777,0
2026/07/10,2230,2715,2715,2713,2714,740,358706,0
2026/07/10,2235,2715,2715,2713,2714,514,358619,0
2026/07/10,2240,2713,2715,2713,2714,559,358529,0
2026/07/10,2245,2714,2720,2714,2720,2617,358124,0
2026/07/10,2250,2719,2720,2717,2719,2253,358374,0
2026/07/10,2255,2720,2725,2719,2721,5408,358985,0
2026/07/10,2300,2721,2722,2720,2722,2109,358825,0
2026/07/10,2305,2722,2725,2721,2723,3109,359429,0
2026/07/10,2310,2723,2724,2721,2722,1395,359325,0
2026/07/10,2315,2723,2723,2722,2723,460,359326,0
2026/07/10,2320,2723,2724,2722,2723,1225,359180,0
2026/07/10,2325,2722,2723,2721,2723,847,359121,0
2026/07/10,2330,2723,2723,2721,2722,970,358895,0
2026/07/10,2335,2722,2722,2720,2721,1021,358638,0
2026/07/10,2340,2721,2722,2721,2721,205,358655,0
2026/07/10,2345,2721,2722,2721,2722,114,358592,0
2026/07/10,2350,2722,2722,2721,2722,529,358624,0
2026/07/10,2355,2722,2724,2721,2723,763,358353,0
2026/07/10,0000,2724,2724,2722,2723,509,358319,0
2026/07/10,0005,2724,2724,2723,2723,127,358309,0
2026/07/10,0010,2723,2724,2722,2723,341,358163,0
2026/07/10,0015,2722,2723,2721,2721,326,358056,0
2026/07/10,0020,2721,2722,2720,2720,511,357884,0
2026/07/10,0025,2721,2721,2719,2720,493,357787,0
2026/07/10,0030,2720,2720,2719,2720,171,357793,0
2026/07/10,0035,2719,2720,2718,2720,592,357666,0
2026/07/10,0040,2720,2721,2719,2720,868,357928,0
2026/07/10,0045,2720,2721,2719,2720,192,357926,0
2026/07/10,0050,2720,2721,2719,2721,616,357934,0
2026/07/10,0055,2721,2721,2720,2721,209,357864,0
2026/07/10,0100,2721,2722,2720,2721,1021,357532,0
2026/07/10,0905,2720,2720,2715,2717,7989,356364,0
2026/07/10,0910,2716,2718,2714,2717,2106,356182,0
2026/07/10,0915,2717,2719,2714,2715,1460,356287,0
2026/07/10,0920,2714,2717,2714,2716,946,356475,0
2026/07/10,0925,2716,2718,2716,2717,838,356600,0
2026/07/10,0930,2717,2718,2715,2715,914,356656,0
2026/07/10,0935,2716,2716,2712,2713,2149,357245,0
2026/07/10,0940,2713,2717,2712,2716,2219,357096,0
2026/07/10,0945,2717,2719,2716,2718,820,357180,0
2026/07/10,0950,2719,2720,2717,2720,1424,357221,0
2026/07/10,0955,2720,2722,2718,2718,2194,356928,0
2026/07/10,1000,2718,2720,2717,2718,1324,356972,0
2026/07/10,1005,2719,2719,2709,2712,5869,357813,0
2026/07/10,1010,2712,2716,2711,2715,2009,358145,0
2026/07/10,1015,2716,2725,2715,2724,4874,357515,0
2026/07/10,1035,2724,2726,2721,2722,4301,357232,0
2026/07/10,1040,2722,2725,2722,2722,2970,357222,0
2026/07/10,1045,2722,2723,2720,2721,1121,357070,0
2026/07/10,1050,2721,2722,2720,2722,940,356900,0
2026/07/10,1055,2722,2724,2721,2724,905,356750,0
2026/07/10,1100,2724,2724,2720,2721,999,356564,0
2026/07/10,1105,2722,2725,2721,2725,1604,356602,0
2026/07/10,1110,2725,2728,2723,2723,3219,356617,0
2026/07/10,1115,2723,2724,2721,2721,1245,356455,0
2026/07/10,1120,2721,2723,2721,2722,529,356440,0
2026/07/10,1125,2721,2727,2720,2726,3220,356372,0
2026/07/10,1130,2726,2726,2721,2723,2058,356033,0
2026/07/10,1335,2723,2723,2713,2718,5581,356158,0
2026/07/10,1340,2718,2719,2716,2717,1325,356295,0
2026/07/10,1345,2718,2720,2717,2720,866,356131,0
2026/07/10,1350,2719,2721,2717,2719,1497,356114,0
2026/07/10,1355,2718,2719,2717,2717,887,355993,0
2026/07/10,1400,2717,2718,2713,2713,2911,356218,0
2026/07/10,1405,2714,2715,2711,2713,3904,357433,0
2026/07/10,1410,2714,2715,2713,2714,1583,357930,0
2026/07/10,1415,2714,2715,2712,2712,1606,358135,0
2026/07/10,1420,2712,2716,2712,2716,1697,358474,0
2026/07/10,1425,2715,2717,2714,2714,1163,358680,0
2026/07/10,1430,2715,2716,2714,2716,549,358636,0
2026/07/10,1435,2715,2716,2714,2715,1289,358797,0
2026/07/10,1440,2715,2716,2715,2715,795,358705,0
2026/07/10,1445,2716,2716,2713,2714,1273,358749,0
2026/07/10,1450,2714,2715,2712,2713,1412,358991,0
2026/07/10,1455,2713,2715,2712,2713,1693,358722,0
2026/07/10,1500,2714,2716,2713,2715,3356,357734,0
2026/07/13,2105,2709,2711,2702,2703,17835,363166,0
2026/07/13,2110,2703,2708,2699,2707,9910,364219,0
2026/07/13,2115,2707,2708,2702,2703,4686,366307,0
2026/07/13,2120,2702,2704,2699,2701,8863,370187,0
2026/07/13,2125,2702,2706,2701,2705,3240,370441,0
2026/07/13,2130,2706,2707,2705,2706,2252,369947,0
2026/07/13,2135,2707,2707,2703,2704,2088,370381,0
2026/07/13,2140,2705,2706,2704,2704,929,370496,0
2026/07/13,2145,2704,2706,2704,2706,970,370891,0
2026/07/13,2150,2705,2706,2702,2703,2442,372380,0
2026/07/13,2155,2703,2705,2703,2704,975,372497,0
2026/07/13,2200,2704,2704,2703,2703,889,372847,0
2026/07/13,2205,2703,2704,2702,2703,1452,373304,0
2026/07/13,2210,2702,2703,2702,2702,551,373453,0
2026/07/13,2215,2703,2705,2702,2705,1526,373845,0
2026/07/13,2220,2705,2706,2704,2706,1224,373751,0
2026/07/13,2225,2705,2707,2705,2706,1180,373657,0
2026/07/13,2230,2707,2712,2706,2710,4791,372715,0
2026/07/13,2235,2710,2711,2708,2708,1852,372538,0
2026/07/13,2240,2708,2709,2707,2709,786,372324,0
2026/07/13,2245,2708,2710,2708,2710,791,372209,0
2026/07/13,2250,2710,2712,2709,2712,1194,371807,0
2026/07/13,2255,2712,2712,2709,2709,1404,371664,0
2026/07/13,2300,2709,2710,2709,2710,1374,371675,0
2026/07/13,2305,2710,2710,2707,2709,1901,372102,0
2026/07/13,2310,2709,2709,2708,2709,235,372132,0
2026/07/13,2315,2708,2709,2708,2709,430,372067,0
2026/07/13,2320,2710,2710,2709,2709,278,372112,0
2026/07/13,2325,2709,2710,2708,2708,507,372084,0
2026/07/13,2330,2709,2709,2708,2709,135,372050,0
2026/07/13,2335,2709,2710,2708,2709,555,371793,0
2026/07/13,2340,2708,2709,2707,2707,591,371853,0
2026/07/13,2345,2707,2708,2707,2707,158,371813,0
2026/07/13,2350,2707,2709,2707,2708,256,371879,0
2026/07/13,2355,2708,2709,2708,2709,169,371837,0
2026/07/13,0000,2709,2709,2707,2707,264,371771,0
2026/07/13,0005,2707,2709,2707,2708,225,371749,0
2026/07/13,0010,2708,2709,2708,2708,93,371742,0
2026/07/13,0015,2708,2709,2708,2708,71,371729,0
2026/07/13,0020,2709,2709,2707,2707,312,371616,0
2026/07/13,0025,2708,2708,2707,2708,54,371608,0
2026/07/13,0030,2707,2708,2707,2708,69,371620,0
2026/07/13,0035,2707,2709,2707,2708,248,371607,0
2026/07/13,0040,2709,2709,2708,2709,84,371600,0
2026/07/13,0045,2709,2709,2708,2709,133,371513,0
2026/07/13,0050,2709,2709,2708,2709,231,371514,0
2026/07/13,0055,2709,2709,2707,2708,773,371124,0
2026/07/13,0100,2708,2709,2705,2706,1778,370666,0
2026/07/13,0905,2706,2710,2703,2707,7761,370510,0
2026/07/13,0910,2707,2718,2707,2714,7423,369343,0
2026/07/13,0915,2714,2720,2714,2719,5044,368354,0
2026/07/13,0920,2719,2724,2716,2716,8903,367209,0
2026/07/13,0925,2716,2720,2715,2715,3013,366704,0
2026/07/13,0930,2715,2716,2710,2713,4548,366257,0
2026/07/13,0935,2714,2714,2712,2712,1155,366331,0
2026/07/13,0940,2712,2714,2711,2712,1655,366400,0
2026/07/13,0945,2711,2712,2706,2707,4855,367418,0
2026/07/13,0950,2707,2708,2706,2707,2300,368447,0
2026/07/13,0955,2707,2708,2704,2704,3605,369745,0
2026/07/13,1000,2704,2706,2696,2698,10215,374013,0
2026/07/13,1005,2698,2698,2682,2688,31179,381792,0
2026/07/13,1010,2688,2689,2682,2685,11848,386223,0
2026/07/13,1015,2685,2692,2683,2690,8636,387705,0
2026/07/13,1035,2691,2691,2686,2690,3949,388399,0
2026/07/13,1040,2690,2692,2689,2690,2673,388546,0
2026/07/13,1045,2690,2693,2689,2690,2619,388626,0
2026/07/13,1050,2690,2693,2688,2690,2710,387998,0
2026/07/13,1055,2689,2690,2685,2685,4182,388480,0
2026/07/13,1100,2685,2687,2680,2685,11472,391626,0
2026/07/13,1105,2686,2687,2683,2685,2666,392535,0
2026/07/13,1110,2684,2685,2676,2681,12146,395259,0
2026/07/13,1115,2681,2681,2677,2678,2703,396115,0
2026/07/13,1120,2677,2680,2677,2680,2913,397505,0
2026/07/13,1125,2680,2680,2677,2678,2146,398014,0
2026/07/13,1130,2679,2681,2678,2681,2116,397910,0
2026/07/13,1335,2680,2681,2677,2680,3274,398445,0
2026/07/13,1340,2681,2683,2678,2683,3795,399206,0
2026/07/13,1345,2683,2683,2679,2681,1759,399500,0
2026/07/13,1350,2681,2682,2679,2680,1065,399661,0
2026/07/13,1355,2679,2680,2676,2678,3004,400811,0
2026/07/13,1400,2677,2679,2677,2677,1703,401411,0
2026/07/13,1405,2678,2680,2674,2680,4847,402382,0
2026/07/13,1410,2679,2680,2677,2679,1320,402700,0
2026/07/13,1415,2680,2680,2676,2677,1125,402805,0
2026/07/13,1420,2677,2678,2674,2675,2577,403657,0
2026/07/13,1425,2676,2677,2674,2674,2141,404030,0
2026/07/13,1430,2674,2676,2673,2676,3252,404208,0
2026/07/13,1435,2675,2676,2673,2675,2165,404454,0
2026/07/13,1440,2675,2677,2674,2677,1703,404674,0
2026/07/13,1445,2677,2677,2674,2675,2057,405066,0
2026/07/13,1450,2674,2677,2674,2675,3824,404867,0
2026/07/13,1455,2676,2681,2675,2680,3876,403603,0
2026/07/13,1500,2680,2681,2677,2678,5973,402039,0
2026/07/14,2105,2673,2679,2664,2667,22092,408158,0
2026/07/14,2110,2667,2670,2661,2670,12322,410335,0
2026/07/14,2115,2670,2676,2669,2676,6211,410411,0
2026/07/14,2120,2675,2681,2675,2680,8689,410943,0
2026/07/14,2125,2679,2680,2676,2678,3397,411333,0
2026/07/14,2130,2677,2683,2677,2682,5999,410581,0
2026/07/14,2135,2682,2685,2681,2682,4895,410175,0
2026/07/14,2140,2682,2683,2678,2678,3124,409517,0
2026/07/14,2145,2679,2679,2678,2679,1181,409272,0
2026/07/14,2150,2679,2680,2677,2678,1899,409214,0
2026/07/14,2155,2679,2680,2678,2679,729,409172,0
2026/07/14,2200,2679,2680,2678,2680,928,409301,0
2026/07/14,2205,2679,2680,2677,2677,920,409292,0
2026/07/14,2210,2678,2681,2677,2680,1383,409123,0
2026/07/14,2215,2679,2681,2679,2680,899,409107,0
2026/07/14,2220,2681,2682,2679,2682,1024,409121,0
2026/07/14,2225,2682,2682,2679,2679,683,408959,0
2026/07/14,2230,2679,2681,2679,2681,777,408918,0
2026/07/14,2235,2680,2682,2680,2680,801,408917,0
2026/07/14,2240,2681,2681,2680,2681,351,408888,0
2026/07/14,2245,2681,2683,2680,2681,1816,408918,0
2026/07/14,2250,2681,2682,2680,2681,702,408958,0
2026/07/14,2255,2682,2684,2681,2683,1310,408766,0
2026/07/14,2300,2683,2684,2682,2684,1410,408863,0
2026/07/14,2305,2684,2684,2682,2682,1082,409241,0
2026/07/14,2310,2682,2683,2681,2682,738,409250,0
2026/07/14,2315,2682,2684,2681,2683,915,409205,0
2026/07/14,2320,2683,2684,2682,2683,540,409175,0
2026/07/14,2325,2683,2683,2682,2682,280,409134,0
2026/07/14,2330,2682,2683,2682,2682,249,409143,0
2026/07/14,2335,2682,2684,2682,2684,369,409045,0
2026/07/14,2340,2683,2684,2682,2682,274,408947,0
2026/07/14,2345,2683,2683,2682,2683,349,408893,0
2026/07/14,2350,2682,2683,2682,2682,129,408886,0
2026/07/14,2355,2683,2683,2682,2682,135,408838,0
2026/07/14,0000,2683,2683,2682,2682,187,408794,0
2026/07/14,0005,2683,2684,2682,2684,365,408765,0
2026/07/14,0010,2684,2684,2683,2684,192,408749,0
2026/07/14,0015,2684,2684,2682,2683,499,408653,0
2026/07/14,0020,2684,2684,2683,2683,113,408651,0
2026/07/14,0025,2683,2684,2682,2683,267,408531,0
2026/07/14,0030,2683,2684,2682,2683,199,408518,0
2026/07/14,0035,2683,2684,2682,2683,250,408433,0
2026/07/14,0040,2684,2684,2682,2683,378,408190,0
2026/07/14,0045,2683,2684,2683,2684,180,408067,0
2026/07/14,0050,2683,2685,2683,2685,679,407678,0
2026/07/14,0055,2685,2688,2683,2688,2588,406309,0
2026/07/14,0100,2688,2702,2688,2698,11582,401120,0
2026/07/14,0905,2697,2697,2689,2690,12371,398416,0
2026/07/14,0910,2690,2693,2687,2689,5047,398292,0
2026/07/14,0915,2689,2693,2686,2693,3482,397844,0
2026/07/14,0920,2693,2694,2690,2691,3138,397826,0
2026/07/14,0925,2692,2692,2687,2687,1774,397846,0
2026/07/14,0930,2687,2690,2686,2687,1626,397939,0
2026/07/14,0935,2687,2687,2684,2685,2158,397949,0
2026/07/14,0940,2686,2687,2684,2687,1461,398011,0
2026/07/14,0945,2687,2690,2686,2690,1722,398002,0
2026/07/14,0950,2689,2695,2689,2693,3826,397648,0
2026/07/14,0955,2694,2698,2693,2695,5324,396333,0
2026/07/14,1000,2694,2696,2689,2689,3117,396572,0
2026/07/14,1005,2689,2692,2688,2692,1736,396693,0
2026/07/14,1010,2691,2692,2685,2686,3253,396982,0
2026/07/14,1015,2687,2691,2686,2691,1878,396688,0
2026/07/14,1035,2690,2691,2688,2688,996,396546,0
2026/07/14,1040,2688,2690,2685,2688,1729,396573,0
2026/07/14,1045,2688,2690,2688,2689,520,396547,0
2026/07/14,1050,2689,2691,2688,2690,988,396516,0
2026/07/14,1055,2691,2692,2689,2690,710,396498,0
2026/07/14,1100,2690,2690,2688,2690,733,396633,0
2026/07/14,1105,2691,2693,2688,2689,1472,396375,0
2026/07/14,1110,2689,2692,2689,2691,656,396274,0
2026/07/14,1115,2691,2693,2690,2692,1949,395818,0
2026/07/14,1120,2691,2693,2691,2691,1380,395865,0
2026/07/14,1125,2691,2693,2686,2686,2258,395659,0
2026/07/14,1130,2687,2691,2686,2690,1210,395493,0
2026/07/14,1335,2691,2691,2686,2690,2044,395653,0
2026/07/14,1340,2690,2693,2689,2692,2389,395296,0
2026/07/14,1345,2691,2694,2691,2693,1382,395265,0
2026/07/14,1350,2694,2694,2691,2692,1366,394865,0
2026/07/14,1355,2691,2694,2690,2691,1311,394675,0
2026/07/14,1400,2690,2693,2690,2691,747,394639,0
2026/07/14,1405,2690,2691,2688,2690,996,394730,0
2026/07/14,1410,2690,2691,2688,2690,770,394478,0
2026/07/14,1415,2690,2690,2688,2690,781,394691,0
2026/07/14,1420,2689,2690,2688,2688,843,394664,0
2026/07/14,1425,2688,2690,2686,2688,1410,395063,0
2026/07/14,1430,2688,2695,2687,2693,3005,394347,0
2026/07/14,1435,2694,2698,2693,2695,4117,393628,0
2026/07/14,1440,2695,2698,2695,2695,1879,393229,0
2026/07/14,1445,2695,2696,2693,2695,2291,392376,0
2026/07/14,1450,2694,2698,2694,2697,3207,391963,0
2026/07/14,1455,2696,2698,2695,2697,3323,390954,0
2026/07/14,1500,2697,2698,2693,2695,5301,389572,0
2026/07/15,2105,2698,2707,2690,2690,13933,390078,0
2026/07/15,2110,2690,2694,2690,2692,4528,390721,0
2026/07/15,2115,2692,2695,2691,2693,2158,390754,0
2026/07/15,2120,2693,2694,2691,2693,1806,390865,0
2026/07/15,2125,2694,2694,2691,2692,1519,391184,0
2026/07/15,2130,2691,2693,2691,2692,1256,391322,0
2026/07/15,2135,2692,2696,2692,2694,1947,391594,0
2026/07/15,2140,2694,2695,2693,2694,612,391551,0
2026/07/15,2145,2695,2695,2692,2692,782,391662,0
2026/07/15,2150,2692,2695,2692,2694,604,391542,0
2026/07/15,2155,2695,2695,2694,2694,330,391546,0
2026/07/15,2200,2694,2695,2693,2693,509,391447,0
2026/07/15,2205,2693,2695,2692,2695,762,391352,0
2026/07/15,2210,2696,2696,2695,2696,648,391442,0
2026/07/15,2215,2697,2705,2696,2703,5983,390727,0
2026/07/15,2220,2704,2709,2703,2703,8047,389440,0
2026/07/15,2225,2704,2705,2702,2702,2234,389078,0
2026/07/15,2230,2703,2703,2702,2703,958,388885,0
2026/07/15,2235,2703,2703,2700,2701,2329,388842,0
2026/07/15,2240,2700,2706,2700,2705,2971,388132,0
2026/07/15,2245,2705,2712,2705,2710,9572,386051,0
2026/07/15,2250,2709,2714,2709,2713,6842,385106,0
2026/07/15,2255,2713,2715,2708,2708,5152,384474,0
2026/07/15,2300,2709,2713,2708,2711,2753,384338,0
2026/07/15,2305,2711,2715,2711,2714,4834,384431,0
2026/07/15,2310,2714,2715,2711,2712,2008,384486,0
2026/07/15,2315,2711,2713,2710,2711,2155,384548,0
2026/07/15,2320,2710,2712,2710,2711,839,384247,0
2026/07/15,2325,2711,2712,2711,2711,343,384219,0
2026/07/15,2330,2711,2712,2711,2712,365,384139,0
2026/07/15,2335,2711,2714,2711,2714,1433,384255,0
2026/07/15,2340,2713,2714,2709,2710,1818,383803,0
2026/07/15,2345,2709,2711,2709,2709,933,383663,0
2026/07/15,2350,2709,2714,2709,2713,1279,383741,0
2026/07/15,2355,2713,2713,2711,2711,702,383853,0
2026/07/15,0000,2712,2714,2711,2714,655,383741,0
2026/07/15,0005,2714,2715,2713,2714,1305,383506,0
2026/07/15,0010,2713,2715,2713,2715,483,383468,0
2026/07/15,0015,2715,2715,2713,2714,564,383458,0
2026/07/15,0020,2713,2714,2711,2712,767,383144,0
2026/07/15,0025,2712,2713,2711,2713,242,383072,0
2026/07/15,0030,2713,2713,2712,2712,162,383007,0
2026/07/15,0035,2713,2713,2712,2712,190,382918,0
2026/07/15,0040,2713,2713,2712,2713,122,382903,0
2026/07/15,0045,2713,2714,2712,2713,454,382614,0
2026/07/15,0050,2714,2715,2712,2713,747,382394,0
2026/07/15,0055,2713,2714,2712,2713,338,382289,0
2026/07/15,0100,2713,2714,2711,2713,1661,381268,0
2026/07/15,0905,2712,2717,2709,2716,9751,380083,0
2026/07/15,0910,2716,2718,2710,2710,4240,380101,0
2026/07/15,0915,2711,2712,2708,2711,3057,380041,0
2026/07/15,0920,2711,2712,2708,2710,2562,379632,0
2026/07/15,0925,2709,2711,2706,2707,3593,378552,0
2026/07/15,0930,2707,2708,2705,2706,2353,378193,0
2026/07/15,0935,2705,2707,2705,2706,1528,378178,0
2026/07/15,0940,2707,2711,2706,2710,1703,378151,0
2026/07/15,0945,2709,2710,2706,2707,1592,377839,0
2026/07/15,0950,2708,2709,2705,2706,1836,377620,0
2026/07/15,0955,2706,2710,2705,2709,1252,377290,0
2026/07/15,1000,2710,2710,2708,2709,622,377273,0
2026/07/15,1005,2708,2712,2708,2710,1909,377181,0
2026/07/15,1010,2710,2712,2709,2710,838,377094,0
2026/07/15,1015,2709,2711,2709,2710,803,376797,0
2026/07/15,1035,2710,2711,2705,2708,2741,376859,0
2026/07/15,1040,2707,2711,2707,2711,960,376762,0
2026/07/15,1045,2710,2715,2710,2715,2701,375743,0
2026/07/15,1050,2714,2717,2713,2714,3372,374937,0
2026/07/15,1055,2714,2715,2713,2714,1038,374889,0
2026/07/15,1100,2713,2718,2713,2716,2729,374155,0
2026/07/15,1105,2716,2718,2715,2716,2340,373720,0
2026/07/15,1110,2716,2716,2712,2712,1728,373015,0
2026/07/15,1115,2712,2713,2711,2712,1262,372929,0
2026/07/15,1120,2712,2712,2710,2710,1096,372528,0
2026/07/15,1125,2711,2713,2710,2712,973,372110,0
2026/07/15,1130,2711,2712,2707,2708,2630,371489,0
2026/07/15,1335,2708,2712,2702,2712,5957,371386,0
2026/07/15,1340,2712,2713,2711,2711,1965,370925,0
2026/07/15,1345,2711,2714,2711,2714,1427,370753,0
2026/07/15,1350,2715,2715,2710,2712,1962,370519,0
2026/07/15,1355,2711,2712,2710,2712,616,370386,0
2026/07/15,1400,2711,2714,2708,2710,1677,370345,0
2026/07/15,1405,2709,2710,2705,2706,2273,370401,0
2026/07/15,1410,2705,2707,2702,2703,3017,370853,0
2026/07/15,1415,2703,2704,2701,2704,2528,371210,0
2026/07/15,1420,2703,2706,2703,2706,1381,371332,0
2026/07/15,1425,2706,2708,2704,2705,1863,371664,0
2026/07/15,1430,2704,2708,2704,2704,1134,371489,0
2026/07/15,1435,2704,2705,2701,2703,1843,371895,0
2026/07/15,1440,2702,2703,2699,2701,3983,371655,0
2026/07/15,1445,2700,2704,2700,2704,1790,371780,0
2026/07/15,1450,2703,2706,2703,2705,1713,371349,0
2026/07/15,1455,2705,2709,2704,2707,3410,370669,0
2026/07/15,1500,2707,2710,2706,2706,4471,369614,0
2026/07/16,2105,2711,2737,2711,2718,29288,364853,0
2026/07/16,2110,2717,2731,2717,2726,13536,364285,0
2026/07/16,2115,2727,2729,2724,2726,6300,363477,0
2026/07/16,2120,2726,2728,2724,2726,4333,362698,0
2026/07/16,2125,2726,2727,2720,2724,4221,361512,0
2026/07/16,2130,2723,2725,2720,2720,3319,361417,0
2026/07/16,2135,2720,2726,2718,2726,5540,361842,0
2026/07/16,2140,2726,2726,2721,2722,1918,361368,0
2026/07/16,2145,2722,2722,2719,2722,2274,361658,0
2026/07/16,2150,2722,2722,2720,2721,1278,361533,0
2026/07/16,2155,2722,2725,2722,2724,1517,361107,0
2026/07/16,2200,2724,2725,2722,2723,1086,360757,0
2026/07/16,2205,2723,2725,2721,2721,1888,360475,0
2026/07/16,2210,2722,2723,2721,2722,940,360377,0
2026/07/16,2215,2722,2724,2721,2721,783,360188,0
2026/07/16,2220,2722,2722,2720,2721,926,360237,0
2026/07/16,2225,2720,2721,2718,2719,1524,360148,0
2026/07/16,2230,2718,2720,2718,2719,855,360153,0
2026/07/16,2235,2720,2721,2718,2719,1139,360220,0
2026/07/16,2240,2719,2720,2718,2719,601,360084,0
2026/07/16,2245,2720,2720,2718,2719,809,360243,0
2026/07/16,2250,2719,2719,2714,2715,3692,360708,0
2026/07/16,2255,2715,2717,2715,2717,984,360818,0
2026/07/16,2300,2716,2718,2716,2717,1443,360977,0
2026/07/16,2305,2717,2717,2715,2715,2454,361824,0
2026/07/16,2310,2715,2716,2715,2716,379,361887,0
2026/07/16,2315,2715,2716,2710,2711,3622,362202,0
2026/07/16,2320,2712,2712,2708,2712,2864,362423,0
2026/07/16,2325,2711,2714,2711,2713,1345,362511,0
2026/07/16,2330,2713,2713,2712,2712,507,362483,0
2026/07/16,2335,2712,2714,2712,2714,470,362476,0
2026/07/16,2340,2714,2716,2713,2716,846,362402,0
2026/07/16,2345,2716,2716,2715,2716,403,362357,0
2026/07/16,2350,2715,2716,2714,2715,322,362293,0
2026/07/16,2355,2714,2715,2714,2715,98,362281,0
2026/07/16,0000,2715,2716,2714,2716,405,362346,0
2026/07/16,0005,2716,2716,2715,2715,163,362329,0
2026/07/16,0010,2716,2716,2715,2716,159,362297,0
2026/07/16,0015,2716,2716,2715,2715,87,362283,0
2026/07/16,0020,2716,2716,2715,2715,191,362210,0
2026/07/16,0025,2716,2716,2713,2714,548,362006,0
2026/07/16,0030,2714,2714,2713,2714,184,361987,0
2026/07/16,0035,2714,2714,2713,2714,219,361914,0
2026/07/16,0040,2713,2715,2713,2714,268,361874,0
2026/07/16,0045,2715,2715,2714,2715,163,361812,0
2026/07/16,0050,2714,2715,2714,2715,164,361763,0
2026/07/16,0055,2714,2715,2714,2715,182,361631,0
2026/07/16,0100,2715,2716,2711,2712,1581,360909,0
2026/07/16,0905,2715,2718,2706,2707,10252,360793,0
2026/07/16,0910,2707,2707,2697,2699,9905,362594,0
2026/07/16,0915,2699,2699,2695,2697,7316,362861,0
2026/07/16,0920,2697,2703,2696,2702,6116,363526,0
2026/07/16,0925,2702,2704,2701,2702,2115,363259,0
2026/07/16,0930,2702,2703,2700,2700,2101,362892,0
2026/07/16,0935,2700,2703,2700,2701,1478,362884,0
2026/07/16,0940,2701,2702,2696,2698,2760,363091,0
2026/07/16,0945,2699,2700,2696,2696,1764,362988,0
2026/07/16,0950,2696,2698,2693,2698,3568,363318,0
2026/07/16,0955,2697,2699,2691,2692,3576,363442,0
2026/07/16,1000,2691,2696,2691,2695,3019,364073,0
2026/07/16,1005,2696,2696,2692,2692,1655,364524,0
2026/07/16,1010,2693,2693,2686,2689,5932,365193,0
2026/07/16,1015,2688,2696,2688,2696,3947,364963,0
2026/07/16,1035,2697,2698,2694,2696,2622,364950,0
2026/07/16,1040,2696,2698,2696,2696,1098,364786,0
2026/07/16,1045,2697,2698,2696,2698,1203,364598,0
2026/07/16,1050,2697,2699,2695,2699,1690,364547,0
2026/07/16,1055,2699,2700,2697,2698,1232,364634,0
2026/07/16,1100,2698,2702,2697,2700,2311,364977,0
2026/07/16,1105,2700,2702,2695,2695,2276,364855,0
2026/07/16,1110,2695,2698,2695,2695,1611,364744,0
2026/07/16,1115,2695,2697,2695,2696,704,364818,0
2026/07/16,1120,2697,2697,2692,2694,2163,364923,0
2026/07/16,1125,2694,2694,2691,2692,1674,365036,0
2026/07/16,1130,2691,2695,2690,2693,1848,365076,0
2026/07/16,1335,2693,2694,2687,2690,4178,366164,0
2026/07/16,1340,2690,2693,2690,2692,1435,366125,0
2026/07/16,1345,2693,2696,2692,2696,1186,366197,0
2026/07/16,1350,2695,2698,2695,2695,1851,366135,0
2026/07/16,1355,2696,2697,2693,2697,1250,366246,0
2026/07/16,1400,2696,2698,2692,2692,1567,366482,0
2026/07/16,1405,2692,2693,2686,2688,3801,367488,0
2026/07/16,1410,2688,2691,2687,2690,2381,368053,0
2026/07/16,1415,2691,2693,2689,2689,1927,368446,0
2026/07/16,1420,2689,2692,2689,2691,845,368458,0
2026/07/16,1425,2692,2693,2689,2690,1422,368434,0
2026/07/16,1430,2690,2691,2688,2689,1374,368351,0
2026/07/16,1435,2689,2691,2688,2688,1414,368365,0
2026/07/16,1440,2688,2691,2688,2689,1170,368172,0
2026/07/16,1445,2689,2691,2687,2687,2079,368556,0
2026/07/16,1450,2687,2695,2687,2692,3470,367626,0
2026/07/16,1455,2691,2692,2689,2691,1653,367410,0
2026/07/16,1500,2691,2692,2688,2689,4765,367207,0
2026/07/17,2105,2681,2689,2681,2689,12329,369515,0
2026/07/17,2110,2689,2689,2680,2684,7290,370552,0
2026/07/17,2115,2685,2688,2684,2686,2886,371086,0
2026/07/17,2120,2686,2688,2685,2686,3058,371097,0
2026/07/17,2125,2686,2688,2685,2687,1807,371465,0
2026/07/17,2130,2686,2688,2686,2687,792,371467,0
2026/07/17,2135,2686,2687,2684,2685,1686,371889,0
2026/07/17,2140,2685,2687,2684,2684,1439,372076,0
2026/07/17,2145,2684,2685,2678,2680,6243,373710,0
2026/07/17,2150,2679,2679,2675,2678,5268,374802,0
2026/07/17,2155,2677,2678,2676,2676,2063,375326,0
2026/07/17,2200,2677,2684,2675,2683,4712,376127,0
2026/07/17,2205,2683,2683,2680,2681,1379,376420,0
2026/07/17,2210,2681,2682,2680,2681,949,376392,0
2026/07/17,2215,2680,2681,2679,2679,608,376584,0
2026/07/17,2220,2679,2685,2679,2685,2798,376564,0
2026/07/17,2225,2685,2687,2684,2684,2347,376145,0
2026/07/17,2230,2684,2686,2684,2685,830,376181,0
2026/07/17,2235,2686,2691,2684,2689,2906,376043,0
2026/07/17,2240,2689,2689,2687,2688,1123,376085,0
2026/07/17,2245,2687,2692,2687,2691,2543,376275,0
2026/07/17,2250,2691,2694,2690,2690,3214,376740,0
2026/07/17,2255,2691,2692,2689,2692,1645,376990,0
2026/07/17,2300,2692,2693,2691,2692,2515,376650,0
2026/07/17,2305,2691,2692,2689,2690,1586,377065,0
2026/07/17,2310,2689,2691,2689,2691,903,377255,0
2026/07/17,2315,2691,2691,2689,2690,483,377257,0
2026/07/17,2320,2689,2692,2689,2692,826,377350,0
2026/07/17,2325,2692,2692,2691,2692,361,377297,0
2026/07/17,2330,2692,2693,2691,2693,994,377128,0
2026/07/17,2335,2692,2693,2690,2692,797,376987,0
2026/07/17,2340,2691,2692,2690,2692,298,376866,0
2026/07/17,2345,2691,2692,2690,2690,193,376846,0
2026/07/17,2350,2690,2691,2690,2691,103,376833,0
2026/07/17,2355,2691,2691,2690,2691,111,376858,0
2026/07/17,0000,2691,2691,2690,2691,150,376855,0
2026/07/17,0005,2691,2691,2690,2690,96,376814,0
2026/07/17,0010,2690,2691,2690,2690,112,376817,0
2026/07/17,0015,2691,2691,2690,2691,237,376770,0
2026/07/17,0020,2691,2692,2690,2692,417,376676,0
2026/07/17,0025,2692,2692,2689,2690,463,376598,0
2026/07/17,0030,2691,2691,2689,2690,131,376514,0
2026/07/17,0035,2691,2691,2690,2690,107,376537,0
2026/07/17,0040,2690,2692,2689,2691,406,376460,0
2026/07/17,0045,2691,2691,2690,2691,76,376426,0
2026/07/17,0050,2690,2691,2690,2691,101,376380,0
2026/07/17,0055,2691,2692,2690,2692,232,376262,0
2026/07/17,0100,2692,2692,2689,2691,960,375830,0
2026/07/17,0905,2692,2696,2686,2687,6662,375144,0
2026/07/17,0910,2687,2693,2686,2691,2913,375065,0
2026/07/17,0915,2691,2692,2690,2690,907,374974,0
2026/07/17,0920,2690,2691,2687,2687,1382,374829,0
2026/07/17,0925,2688,2688,2683,2683,3195,374471,0
2026/07/17,0930,2684,2686,2681,2683,2190,374530,0
2026/07/17,0935,2683,2684,2681,2681,2381,374598,0
2026/07/17,0940,2681,2682,2678,2680,4354,375419,0
2026/07/17,0945,2680,2685,2679,2683,1672,375612,0
2026/07/17,0950,2684,2684,2680,2681,1261,375790,0
2026/07/17,0955,2682,2683,2678,2679,1948,375856,0
2026/07/17,1000,2680,2682,2680,2680,785,375927,0
2026/07/17,1005,2680,2681,2676,2679,3608,376734,0
2026/07/17,1010,2678,2682,2677,2681,2934,377639,0
2026/07/17,1015,2681,2681,2676,2680,1992,378051,0
2026/07/17,1035,2680,2681,2677,2678,1835,378218,0
2026/07/17,1040,2677,2679,2677,2677,1686,378432,0
2026/07/17,1045,2677,2679,2674,2676,3928,379006,0
2026/07/17,1050,2677,2677,2673,2674,2537,378804,0
2026/07/17,1055,2674,2679,2674,2676,1946,379155,0
2026/07/17,1100,2676,2678,2676,2677,967,379201,0
2026/07/17,1105,2676,2678,2676,2677,1183,379532,0
2026/07/17,1110,2678,2679,2675,2675,929,379531,0
2026/07/17,1115,2675,2678,2673,2677,2527,380334,0
2026/07/17,1120,2676,2679,2676,2676,973,380462,0
2026/07/17,1125,2676,2678,2675,2675,1153,380426,0
2026/07/17,1130,2675,2676,2673,2674,1895,380576,0
2026/07/17,1335,2673,2674,2668,2669,8551,382469,0
2026/07/17,1340,2670,2673,2668,2669,3548,383134,0
2026/07/17,1345,2669,2670,2665,2665,5325,384225,0
2026/07/17,1350,2665,2674,2664,2672,7287,384225,0
2026/07/17,1355,2671,2674,2664,2665,4758,384123,0
2026/07/17,1400,2665,2666,2653,2655,19563,387619,0
2026/07/17,1405,2656,2660,2653,2659,9618,388675,0
2026/07/17,1410,2658,2666,2658,2662,7416,387288,0
2026/07/17,1415,2662,2666,2661,2664,2502,387083,0
2026/07/17,1420,2664,2665,2662,2663,1488,386758,0
2026/07/17,1425,2663,2664,2662,2663,1391,386564,0
2026/07/17,1430,2663,2664,2661,2663,1704,386578,0
2026/07/17,1435,2663,2663,2659,2661,2013,386459,0
2026/07/17,1440,2661,2662,2660,2661,1281,386508,0
2026/07/17,1445,2662,2663,2661,2662,1605,386570,0
2026/07/17,1450,2661,2661,2658,2659,1961,386229,0
2026/07/17,1455,2660,2662,2657,2658,2818,386052,0
2026/07/17,1500,2658,2660,2653,2656,8010,386195,0
2026/07/20,2105,2650,2661,2650,2657,14608,388183,0
2026/07/20,2110,2657,2662,2654,2658,5396,388754,0
2026/07/20,2115,2658,2661,2656,2657,3233,389707,0
2026/07/20,2120,2658,2664,2655,2662,3803,389730,0
2026/07/20,2125,2662,2662,2659,2659,1715,389610,0
2026/07/20,2130,2659,2661,2658,2661,1410,389705,0
2026/07/20,2135,2661,2665,2659,2662,2940,389514,0
2026/07/20,2140,2663,2663,2656,2659,3080,389524,0
2026/07/20,2145,2658,2662,2657,2662,1626,389778,0
2026/07/20,2150,2661,2663,2657,2662,3261,389584,0
2026/07/20,2155,2662,2663,2660,2660,1253,389661,0
2026/07/20,2200,2660,2663,2660,2663,1177,389890,0
2026/07/20,2205,2663,2664,2661,2663,1470,389807,0
2026/07/20,2210,2663,2665,2657,2660,5071,389613,0
2026/07/20,2215,2660,2660,2657,2660,2378,389926,0
2026/07/20,2220,2660,2662,2659,2660,908,390268,0
2026/07/20,2225,2660,2668,2660,2667,3567,390143,0
2026/07/20,2230,2667,2667,2664,2664,2339,389975,0
2026/07/20,2235,2664,2665,2662,2663,1874,390130,0
2026/07/20,2240,2663,2665,2663,2664,672,390251,0
2026/07/20,2245,2665,2666,2664,2666,785,390299,0
2026/07/20,2250,2666,2666,2665,2666,488,390310,0
2026/07/20,2255,2666,2667,2665,2665,868,390479,0
2026/07/20,2300,2665,2668,2665,2668,1456,390391,0
2026/07/20,2305,2667,2670,2667,2669,2601,390961,0
2026/07/20,2310,2669,2670,2667,2668,1378,390979,0
2026/07/20,2315,2668,2668,2666,2666,883,390965,0
2026/07/20,2320,2665,2667,2665,2667,344,391005,0
2026/07/20,2325,2667,2667,2666,2666,241,391017,0
2026/07/20,2330,2666,2671,2666,2670,1549,391001,0
2026/07/20,2335,2670,2674,2669,2673,3168,390725,0
2026/07/20,2340,2673,2722,2672,2713,36302,382699,0
2026/07/20,2345,2713,2733,2712,2721,27067,377599,0
2026/07/20,2350,2721,2730,2719,2728,17464,374987,0
2026/07/20,2355,2727,2729,2723,2726,8170,373937,0
2026/07/20,0000,2726,2731,2721,2729,11687,373099,0
2026/07/20,0005,2730,2746,2730,2740,25012,370375,0
2026/07/20,0010,2740,2745,2727,2728,15059,367818,0
2026/07/20,0015,2727,2732,2724,2726,9659,367212,0
2026/07/20,0020,2726,2729,2723,2723,6722,367066,0
2026/07/20,0025,2722,2726,2722,2725,4057,366206,0
2026/07/20,0030,2725,2725,2722,2723,3121,366594,0
2026/07/20,0035,2723,2723,2708,2712,12935,364023,0
2026/07/20,0040,2712,2714,2710,2712,5386,364732,0
2026/07/20,0045,2712,2719,2711,2719,5758,364759,0
2026/07/20,0050,2718,2720,2716,2719,3333,364399,0
2026/07/20,0055,2718,2723,2717,2720,4618,363137,0
2026/07/20,0100,2721,2725,2716,2719,7072,361089,0
2026/07/20,0905,2718,2718,2702,2704,27211,354842,0
2026/07/20,0910,2704,2711,2703,2703,13795,351662,0
2026/07/20,0915,2703,2706,2700,2705,6450,351361,0
2026/07/20,0920,2705,2711,2704,2711,5729,350516,0
2026/07/20,0925,2711,2712,2708,2709,3453,349455,0
2026/07/20,0930,2710,2712,2706,2712,3104,348758,0
2026/07/20,0935,2712,2716,2712,2716,5636,347717,0
2026/07/20,0940,2716,2717,2712,2716,4286,346861,0
2026/07/20,0945,2716,2717,2710,2712,2850,345862,0
2026/07/20,0950,2712,2714,2707,2709,3166,345310,0
2026/07/20,0955,2708,2709,2707,2708,1362,345214,0
2026/07/20,1000,2708,2711,2708,2709,1524,344953,0
2026/07/20,1005,2708,2713,2708,2709,2205,344402,0
2026/07/20,1010,2709,2717,2709,2716,2368,344034,0
2026/07/20,1015,2716,2716,2712,2714,2318,343810,0
2026/07/20,1035,2714,2717,2712,2715,3067,343079,0
2026/07/20,1040,2715,2716,2714,2715,1471,342545,0
2026/07/20,1045,2715,2716,2714,2715,1363,342045,0
2026/07/20,1050,2715,2716,2712,2714,1943,341386,0
2026/07/20,1055,2714,2714,2709,2711,2105,340881,0
2026/07/20,1100,2711,2713,2710,2710,1562,340309,0
2026/07/20,1105,2710,2713,2710,2711,1118,339900,0
2026/07/20,1110,2710,2711,2708,2710,1587,339584,0
2026/07/20,1115,2711,2715,2710,2712,1559,339255,0
2026/07/20,1120,2711,2713,2709,2711,1323,339307,0
2026/07/20,1125,2711,2715,2711,2715,1605,339107,0
2026/07/20,1130,2714,2714,2708,2708,2166,338620,0
2026/07/20,1335,2710,2710,2698,2699,10993,337098,0
2026/07/20,1340,2700,2702,2694,2697,6360,336941,0
2026/07/20,1345,2698,2702,2697,2699,2659,337101,0
2026/07/20,1350,2700,2701,2698,2699,1713,337008,0
2026/07/20,1355,2699,2701,2697,2700,1784,336713,0
2026/07/20,1400,2701,2702,2696,2698,2259,336431,0
2026/07/20,1405,2698,2704,2697,2703,2672,336442,0
2026/07/20,1410,2703,2705,2702,2704,2055,336360,0
2026/07/20,1415,2704,2709,2704,2708,2388,336394,0
2026/07/20,1420,2707,2711,2707,2710,2694,336408,0
2026/07/20,1425,2710,2715,2709,2712,4811,335651,0
2026/07/20,1430,2712,2715,2712,2713,2441,335001,0
2026/07/20,1435,2713,2717,2711,2714,3309,334567,0
2026/07/20,1440,2713,2715,2711,2712,2475,333764,0
2026/07/20,1445,2712,2713,2709,2713,2354,333528,0
2026/07/20,1450,2713,2713,2709,2711,3054,333218,0
2026/07/20,1455,2711,2713,2705,2705,4580,332119,0
2026/07/20,1500,2705,2711,2704,2710,5340,331129,0
2026/07/21,2105,2725,2733,2711,2729,27255,326225,0
2026/07/21,2110,2730,2731,2717,2718,12209,324741,0
2026/07/21,2115,2718,2722,2715,2717,6679,324082,0
2026/07/21,2120,2717,2721,2717,2719,3360,324293,0
2026/07/21,2125,2719,2721,2715,2720,4499,323690,0
2026/07/21,2130,2721,2725,2720,2722,4344,324052,0
2026/07/21,2135,2722,2723,2719,2720,2729,323739,0
2026/07/21,2140,2720,2721,2719,2721,1375,323535,0
2026/07/21,2145,2721,2724,2719,2723,1551,323331,0
2026/07/21,2150,2724,2725,2722,2724,2128,323539,0
2026/07/21,2155,2725,2725,2722,2723,1649,323455,0
2026/07/21,2200,2723,2724,2721,2722,992,323142,0
2026/07/21,2205,2722,2725,2721,2725,1286,323015,0
2026/07/21,2210,2725,2727,2721,2722,3226,322479,0
2026/07/21,2215,2722,2723,2721,2722,697,322404,0
2026/07/21,2220,2722,2724,2722,2723,656,322470,0
2026/07/21,2225,2723,2723,2721,2721,795,322393,0
2026/07/21,2230,2721,2722,2719,2720,1391,322294,0
2026/07/21,2235,2720,2722,2720,2720,1077,322046,0
2026/07/21,2240,2720,2720,2719,2719,718,321973,0
2026/07/21,2245,2719,2720,2718,2719,1271,321807,0
2026/07/21,2250,2718,2721,2718,2721,1811,321804,0
2026/07/21,2255,2720,2725,2720,2723,2373,322107,0
2026/07/21,2300,2724,2726,2723,2725,2188,322917,0
2026/07/21,2305,2724,2729,2724,2726,6443,324594,0
2026/07/21,2310,2727,2728,2723,2723,3057,324645,0
2026/07/21,2315,2724,2725,2722,2725,2179,324347,0
2026/07/21,2320,2725,2726,2724,2725,933,324561,0
2026/07/21,2325,2725,2726,2724,2724,664,324465,0
2026/07/21,2330,2725,2725,2723,2725,715,324243,0
2026/07/21,2335,2725,2726,2724,2726,455,324224,0
2026/07/21,2340,2726,2726,2724,2724,299,324173,0
2026/07/21,2345,2724,2725,2723,2724,466,324100,0
2026/07/21,2350,2724,2724,2723,2724,166,324053,0
2026/07/21,2355,2724,2724,2723,2724,138,323972,0
2026/07/21,0000,2724,2724,2723,2723,279,323834,0
2026/07/21,0005,2724,2725,2724,2724,1922,323177,0
2026/07/21,0010,2725,2725,2723,2724,169,323112,0
2026/07/21,0015,2724,2724,2723,2723,187,323068,0
2026/07/21,0020,2724,2724,2723,2724,151,322958,0
2026/07/21,0025,2724,2724,2723,2723,211,322850,0
2026/07/21,0030,2724,2725,2723,2724,208,322771,0
2026/07/21,0035,2724,2725,2724,2724,172,322718,0
2026/07/21,0040,2725,2725,2723,2724,546,322533,0
2026/07/21,0045,2724,2726,2722,2725,941,322395,0
2026/07/21,0050,2724,2726,2724,2726,349,322188,0
2026/07/21,0055,2726,2726,2725,2726,495,321998,0
2026/07/21,0100,2725,2727,2723,2723,1836,320819,0
2026/07/21,0905,2726,2728,2719,2724,8557,318654,0
2026/07/21,0910,2723,2726,2717,2719,4645,317600,0
2026/07/21,0915,2718,2724,2717,2724,3717,317362,0
2026/07/21,0920,2724,2728,2724,2725,3951,317642,0
2026/07/21,0925,2726,2730,2726,2729,3137,317075,0
2026/07/21,0930,2728,2732,2727,2727,5562,316450,0
2026/07/21,0935,2727,2730,2726,2730,1765,316121,0
2026/07/21,0940,2729,2731,2729,2730,2239,315948,0
2026/07/21,0945,2729,2731,2728,2728,1310,315811,0
2026/07/21,0950,2729,2729,2727,2728,1127,315519,0
2026/07/21,0955,2727,2730,2721,2722,3007,314901,0
2026/07/21,1000,2723,2724,2721,2722,1644,314558,0
2026/07/21,1005,2722,2724,2711,2713,10444,313894,0
2026/07/21,1010,2713,2715,2709,2711,4188,313778,0
2026/07/21,1015,2711,2714,2710,2714,2971,314043,0
2026/07/21,1035,2714,2719,2713,2718,3544,313676,0
2026/07/21,1040,2717,2719,2715,2719,1501,313642,0
2026/07/21,1045,2719,2720,2716,2716,1371,313265,0
2026/07/21,1050,2717,2719,2716,2719,635,313160,0
2026/07/21,1055,2718,2723,2717,2721,2462,313506,0
2026/07/21,1100,2721,2726,2720,2723,3204,313273,0
2026/07/21,1105,2723,2725,2722,2723,1295,313313,0
2026/07/21,1110,2723,2728,2722,2726,2890,313116,0
2026/07/21,1115,2727,2734,2725,2731,7412,312806,0
2026/07/21,1120,2731,2733,2728,2728,3992,312646,0
2026/07/21,1125,2728,2729,2726,2728,1745,312186,0
2026/07/21,1130,2728,2729,2725,2727,1740,311741,0
2026/07/21,1335,2727,2730,2727,2729,1812,311198,0
2026/07/21,1340,2729,2730,2727,2729,1865,311051,0
2026/07/21,1345,2729,2730,2727,2727,1483,310658,0
2026/07/21,1350,2727,2729,2726,2728,2090,309803,0
2026/07/21,1355,2727,2728,2725,2728,1085,309564,0
2026/07/21,1400,2727,2728,2726,2726,1248,309198,0
2026/07/21,1405,2727,2729,2726,2727,1114,308994,0
2026/07/21,1410,2727,2729,2726,2728,796,308934,0
2026/07/21,1415,2728,2729,2727,2727,1040,308735,0
2026/07/21,1420,2727,2729,2727,2729,532,308619,0
2026/07/21,1425,2729,2731,2728,2730,1726,308839,0
2026/07/21,1430,2730,2733,2727,2728,3518,308484,0
2026/07/21,1435,2727,2731,2727,2729,1898,308674,0
2026/07/21,1440,2728,2729,2726,2727,1366,308794,0
2026/07/21,1445,2727,2730,2727,2729,1023,308525,0
2026/07/21,1450,2729,2732,2729,2731,1829,308262,0
2026/07/21,1455,2730,2731,2727,2728,2456,307777,0
2026/07/21,1500,2727,2729,2726,2727,4665,306907,0
2026/07/22,2105,2733,2752,2730,2748,31064,304899,0
2026/07/22,2110,2748,2749,2738,2740,9034,304960,0
2026/07/22,2115,2740,2745,2737,2743,5505,304937,0
2026/07/22,2120,2742,2744,2740,2743,3954,305074,0
2026/07/22,2125,2743,2743,2739,2739,2808,305279,0
2026/07/22,2130,2740,2742,2738,2741,2512,305577,0
2026/07/22,2135,2741,2744,2739,2739,2891,305267,0
2026/07/22,2140,2739,2741,2737,2739,2641,305312,0
2026/07/22,2145,2739,2740,2737,2738,1475,305430,0
2026/07/22,2150,2737,2741,2736,2739,1885,305205,0
2026/07/22,2155,2740,2740,2725,2726,10809,305930,0
2026/07/22,2200,2726,2730,2725,2730,5853,306373,0
2026/07/22,2205,2729,2732,2722,2725,5358,306920,0
2026/07/22,2210,2726,2728,2725,2726,1803,307226,0
2026/07/22,2215,2726,2729,2726,2729,1388,307037,0
2026/07/22,2220,2729,2729,2727,2728,749,306959,0
2026/07/22,2225,2729,2729,2726,2727,906,306987,0
2026/07/22,2230,2726,2729,2726,2727,956,306878,0
2026/07/22,2235,2727,2729,2726,2726,708,306836,0
2026/07/22,2240,2727,2729,2726,2728,647,306742,0
2026/07/22,2245,2728,2728,2727,2728,555,306732,0
2026/07/22,2250,2728,2731,2727,2729,1477,306811,0
2026/07/22,2255,2729,2732,2729,2731,1783,307376,0
2026/07/22,2300,2731,2734,2730,2733,2659,307791,0
2026/07/22,2305,2733,2735,2732,2735,3549,309357,0
2026/07/22,2310,2735,2735,2733,2733,1142,309594,0
2026/07/22,2315,2733,2734,2732,2732,735,309476,0
2026/07/22,2320,2732,2733,2731,2732,588,309288,0
2026/07/22,2325,2732,2733,2732,2732,227,309211,0
2026/07/22,2330,2732,2734,2732,2734,440,309240,0
2026/07/22,2335,2733,2735,2733,2733,475,309196,0
2026/07/22,2340,2733,2733,2731,2732,720,309193,0
2026/07/22,2345,2731,2732,2731,2731,254,309121,0
2026/07/22,2350,2732,2732,2731,2732,185,309059,0
2026/07/22,2355,2732,2732,2730,2731,464,309059,0
2026/07/22,0000,2731,2732,2730,2732,426,308879,0
2026/07/22,0005,2731,2733,2731,2731,1226,308350,0
2026/07/22,0010,2732,2732,2731,2732,94,308345,0
2026/07/22,0015,2732,2732,2731,2732,84,308311,0
2026/07/22,0020,2731,2732,2731,2731,80,308281,0
2026/07/22,0025,2732,2732,2730,2731,293,308214,0
2026/07/22,0030,2730,2731,2730,2730,109,308168,0
2026/07/22,0035,2731,2731,2730,2731,98,308133,0
2026/07/22,0040,2730,2731,2729,2729,505,307995,0
2026/07/22,0045,2729,2730,2729,2730,71,307982,0
2026/07/22,0050,2729,2730,2729,2729,285,307868,0
2026/07/22,0055,2729,2731,2728,2729,883,307742,0
2026/07/22,0100,2729,2732,2726,2729,2300,306524,0
2026/07/22,0905,2729,2733,2723,2725,7023,305533,0
2026/07/22,0910,2725,2728,2724,2726,1692,305350,0
2026/07/22,0915,2726,2731,2725,2729,2151,305133,0
2026/07/22,0920,2729,2735,2727,2731,3257,305205,0
2026/07/22,0925,2731,2732,2729,2732,1007,305120,0
2026/07/22,0930,2732,2733,2727,2728,1716,304643,0
2026/07/22,0935,2728,2729,2727,2728,775,304494,0
2026/07/22,0940,2729,2729,2724,2724,2080,304402,0
2026/07/22,0945,2724,2726,2722,2725,2319,304398,0
2026/07/22,0950,2725,2725,2719,2720,3228,304268,0
2026/07/22,0955,2719,2722,2715,2721,5607,303849,0
2026/07/22,1000,2722,2722,2718,2720,1607,303836,0
2026/07/22,1005,2720,2724,2719,2723,1418,303791,0
2026/07/22,1010,2723,2723,2719,2720,1070,303797,0
2026/07/22,1015,2720,2720,2715,2716,1983,303993,0
2026/07/22,1035,2716,2720,2715,2719,2132,304067,0
2026/07/22,1040,2719,2720,2713,2716,1643,304157,0
2026/07/22,1045,2716,2721,2715,2719,1499,303899,0
2026/07/22,1050,2720,2721,2716,2718,1399,303958,0
2026/07/22,1055,2717,2725,2717,2723,2478,304100,0
2026/07/22,1100,2723,2729,2722,2724,3612,303146,0
2026/07/22,1105,2724,2725,2722,2723,1512,303072,0
2026/07/22,1110,2723,2724,2721,2723,895,303171,0
2026/07/22,1115,2723,2725,2721,2724,1641,303556,0
2026/07/22,1120,2724,2724,2721,2723,872,303352,0
2026/07/22,1125,2724,2724,2722,2723,603,303131,0
2026/07/22,1130,2724,2725,2723,2723,707,303028,0
2026/07/22,1335,2724,2724,2717,2718,2568,303000,0
2026/07/22,1340,2718,2721,2718,2721,1020,302947,0
2026/07/22,1345,2721,2722,2720,2720,569,302932,0
2026/07/22,1350,2720,2725,2720,2723,925,302798,0
2026/07/22,1355,2724,2724,2722,2724,746,302860,0
2026/07/22,1400,2724,2725,2723,2723,771,302872,0
2026/07/22,1405,2723,2725,2723,2725,1081,302766,0
2026/07/22,1410,2725,2725,2717,2718,2344,303147,0
2026/07/22,1415,2718,2722,2717,2722,1365,303222,0
2026/07/22,1420,2721,2724,2720,2722,1557,302916,0
2026/07/22,1425,2722,2727,2721,2726,2211,302625,0
2026/07/22,1430,2726,2727,2721,2722,1406,302575,0
2026/07/22,1435,2723,2723,2720,2721,857,302483,0
2026/07/22,1440,2721,2726,2721,2725,1393,301996,0
2026/07/22,1445,2725,2726,2724,2724,567,301897,0
2026/07/22,1450,2724,2726,2723,2725,964,301940,0
2026/07/22,1455,2724,2725,2721,2721,2391,302151,0
2026/07/22,1500,2722,2723,2720,2721,2864,301861,0
2026/07/23,2105,2723,2725,2711,2718,11024,302040,0
2026/07/23,2110,2717,2719,2712,2713,3525,302876,0
2026/07/23,2115,2712,2713,2709,2711,4868,303575,0
2026/07/23,2120,2712,2712,2706,2711,5127,304178,0
2026/07/23,2125,2710,2713,2710,2712,2378,304685,0
2026/07/23,2130,2711,2713,2711,2712,1910,304230,0
2026/07/23,2135,2712,2712,2708,2709,2635,304999,0
2026/07/23,2140,2710,2710,2707,2708,2707,305509,0
2026/07/23,2145,2707,2709,2705,2706,3063,305710,0
2026/07/23,2150,2707,2709,2706,2708,2538,306531,0
2026/07/23,2155,2708,2711,2708,2711,1651,307041,0
2026/07/23,2200,2711,2711,2709,2710,1147,307289,0
2026/07/23,2205,2709,2710,2703,2704,4852,308008,0
2026/07/23,2210,2704,2707,2703,2706,2186,308098,0
2026/07/23,2215,2706,2706,2704,2704,2133,308232,0
2026/07/23,2220,2705,2706,2704,2706,1466,308437,0
2026/07/23,2225,2705,2706,2704,2705,1048,308428,0
2026/07/23,2230,2704,2705,2703,2704,1547,308417,0
2026/07/23,2235,2703,2705,2701,2705,3661,308767,0
2026/07/23,2240,2706,2708,2705,2707,2226,309057,0
2026/07/23,2245,2706,2707,2705,2706,947,309265,0
2026/07/23,2250,2706,2707,2705,2707,592,309486,0
2026/07/23,2255,2707,2708,2706,2707,781,309682,0
2026/07/23,2300,2707,2708,2706,2708,1483,309914,0
2026/07/23,2305,2708,2710,2704,2706,4301,311660,0
2026/07/23,2310,2705,2706,2705,2705,441,311846,0
2026/07/23,2315,2706,2706,2705,2705,265,311923,0
2026/07/23,2320,2705,2706,2702,2703,1882,312340,0
2026/07/23,2325,2702,2703,2689,2691,13301,313845,0
2026/07/23,2330,2691,2692,2686,2687,5392,314473,0
2026/07/23,2335,2687,2691,2686,2690,3687,315512,0
2026/07/23,2340,2691,2691,2686,2686,2731,316572,0
2026/07/23,2345,2686,2688,2684,2685,3439,317657,0
2026/07/23,2350,2686,2687,2681,2682,2531,318219,0
2026/07/23,2355,2681,2685,2681,2684,1998,318341,0
2026/07/23,0000,2684,2686,2683,2684,1411,318398,0
2026/07/23,0005,2683,2686,2682,2686,2184,318320,0
2026/07/23,0010,2685,2687,2685,2686,1189,318513,0
2026/07/23,0015,2686,2686,2684,2686,886,318364,0
2026/07/23,0020,2686,2686,2684,2686,619,318305,0
2026/07/23,0025,2686,2686,2685,2685,180,318310,0
2026/07/23,0030,2685,2686,2684,2684,661,318124,0
2026/07/23,0035,2684,2685,2680,2684,2380,317525,0
2026/07/23,0040,2683,2684,2681,2683,1005,317877,0
2026/07/23,0045,2682,2683,2681,2682,234,317887,0
2026/07/23,0050,2682,2684,2680,2683,1429,317808,0
2026/07/23,0055,2682,2684,2681,2682,749,317737,0
2026/07/23,0100,2682,2685,2681,2684,2208,316614,0
2026/07/23,0905,2685,2691,2680,2682,13029,319109,0
2026/07/23,0910,2682,2686,2675,2685,12223,319574,0
2026/07/23,0915,2685,2687,2681,2685,3656,320185,0
2026/07/23,0920,2685,2689,2684,2686,4065,319986,0
2026/07/23,0925,2686,2689,2686,2688,2084,320175,0
2026/07/23,0930,2689,2690,2686,2690,2055,319936,0
2026/07/23,0935,2690,2694,2689,2692,3443,319146,0
2026/07/23,0940,2692,2692,2690,2692,1113,318816,0
2026/07/23,0945,2691,2692,2690,2690,839,318597,0
2026/07/23,0950,2691,2691,2686,2688,1991,318701,0
2026/07/23,0955,2688,2695,2687,2694,3440,317715,0
2026/07/23,1000,2695,2701,2694,2699,4779,316115,0
2026/07/23,1005,2699,2705,2698,2703,5572,315214,0
2026/07/23,1010,2702,2705,2702,2704,3322,314670,0
2026/07/23,1015,2704,2705,2700,2702,2577,314365,0
2026/07/23,1035,2702,2706,2702,2704,2992,313859,0
2026/07/23,1040,2703,2704,2702,2704,795,313817,0
2026/07/23,1045,2703,2705,2702,2703,1578,313400,0
2026/07/23,1050,2702,2708,2701,2708,2877,312941,0
2026/07/23,1055,2708,2715,2707,2714,8908,309321,0
2026/07/23,1100,2715,2715,2711,2712,3221,308250,0
2026/07/23,1105,2712,2715,2712,2714,3137,307483,0
2026/07/23,1110,2714,2715,2709,2710,2793,306717,0
2026/07/23,1115,2710,2714,2710,2712,2284,306483,0
2026/07/23,1120,2713,2715,2712,2713,1436,306371,0
2026/07/23,1125,2713,2715,2711,2712,2076,305893,0
2026/07/23,1130,2712,2714,2712,2713,1180,305532,0
2026/07/23,1335,2713,2715,2708,2711,5093,305352,0
2026/07/23,1340,2712,2712,2707,2708,2705,305224,0
2026/07/23,1345,2708,2709,2705,2707,2506,305059,0
2026/07/23,1350,2707,2707,2702,2703,3181,305177,0
2026/07/23,1355,2702,2705,2702,2704,1646,304892,0
2026/07/23,1400,2705,2706,2704,2705,980,304974,0
2026/07/23,1405,2705,2707,2703,2707,1462,305022,0
2026/07/23,1410,2706,2707,2705,2706,842,305077,0
2026/07/23,1415,2705,2707,2704,2704,704,304989,0
2026/07/23,1420,2704,2705,2702,2703,1272,304810,0
2026/07/23,1425,2703,2705,2703,2704,838,304721,0
2026/07/23,1430,2704,2707,2703,2707,914,304629,0
2026/07/23,1435,2706,2709,2706,2707,2130,304215,0
2026/07/23,1440,2707,2710,2706,2707,2333,304423,0
2026/07/23,1445,2707,2711,2707,2710,1766,304453,0
2026/07/23,1450,2710,2714,2709,2712,3055,303884,0
2026/07/23,1455,2712,2713,2709,2710,2024,303222,0
2026/07/23,1500,2711,2713,2709,2712,3848,302188,0
2026/07/24,2105,2702,2709,2699,2702,14236,304369,0
2026/07/24,2110,2703,2704,2695,2695,7568,305153,0
2026/07/24,2115,2695,2695,2690,2692,7098,306233,0
2026/07/24,2120,2691,2692,2688,2691,6666,307794,0
2026/07/24,2125,2691,2694,2690,2693,3109,308338,0
2026/07/24,2130,2692,2698,2691,2694,4621,308451,0
2026/07/24,2135,2694,2695,2692,2693,1602,308862,0
2026/07/24,2140,2693,2694,2692,2694,764,308933,0
2026/07/24,2145,2693,2697,2693,2695,1260,308911,0
2026/07/24,2150,2696,2696,2693,2693,1041,309161,0
2026/07/24,2155,2693,2693,2690,2693,2206,309555,0
2026/07/24,2200,2692,2693,2689,2689,1884,309916,0
2026/07/24,2205,2690,2691,2686,2691,3461,310653,0
2026/07/24,2210,2691,2692,2691,2692,827,310904,0
2026/07/24,2215,2692,2692,2690,2691,673,311118,0
2026/07/24,2220,2690,2692,2689,2692,1020,311078,0
2026/07/24,2225,2692,2693,2691,2691,587,310958,0
2026/07/24,2230,2691,2692,2689,2690,925,310883,0
2026/07/24,2235,2690,2691,2690,2691,322,310960,0
2026/07/24,2240,2690,2691,2688,2689,1574,310840,0
2026/07/24,2245,2688,2691,2688,2691,772,310924,0
2026/07/24,2250,2690,2691,2688,2688,1308,311595,0
2026/07/24,2255,2689,2691,2688,2691,1015,312064,0
2026/07/24,2300,2691,2692,2690,2692,1328,312230,0
2026/07/24,2305,2691,2692,2690,2690,1534,312835,0
2026/07/24,2310,2690,2692,2686,2689,2976,313477,0
2026/07/24,2315,2689,2689,2688,2688,427,313536,0
2026/07/24,2320,2688,2689,2687,2688,576,313714,0
2026/07/24,2325,2688,2689,2687,2688,567,313933,0
2026/07/24,2330,2687,2688,2685,2685,1954,314173,0
2026/07/24,2335,2685,2687,2685,2687,547,314170,0
2026/07/24,2340,2686,2689,2686,2688,744,314041,0
2026/07/24,2345,2688,2689,2687,2689,486,314169,0
2026/07/24,2350,2689,2689,2688,2689,214,314122,0
2026/07/24,2355,2688,2689,2687,2688,624,314271,0
2026/07/24,0000,2687,2689,2687,2687,259,314260,0
2026/07/24,0005,2688,2690,2687,2689,1379,313802,0
2026/07/24,0010,2688,2689,2685,2687,1122,313849,0
2026/07/24,0015,2686,2689,2686,2689,465,313954,0
2026/07/24,0020,2688,2689,2687,2689,262,313861,0
2026/07/24,0025,2688,2689,2688,2688,81,313858,0
2026/07/24,0030,2688,2690,2688,2689,558,313907,0
2026/07/24,0035,2689,2690,2689,2690,248,313845,0
2026/07/24,0040,2689,2691,2689,2691,509,313858,0
2026/07/24,0045,2690,2691,2690,2691,138,313826,0
2026/07/24,0050,2690,2691,2689,2690,450,313571,0
2026/07/24,0055,2691,2691,2690,2690,184,313526,0
2026/07/24,0100,2690,2692,2689,2691,1414,312923,0
2026/07/24,0905,2691,2693,2685,2688,6062,313226,0
2026/07/24,0910,2688,2695,2687,2693,2859,313028,0
2026/07/24,0915,2693,2694,2690,2692,3863,312660,0
2026/07/24,0920,2691,2699,2691,2697,6108,311892,0
2026/07/24,0925,2697,2710,2696,2705,14724,309143,0
2026/07/24,0930,2706,2706,2702,2705,4050,308376,0
2026/07/24,0935,2705,2706,2702,2704,3119,307700,0
2026/07/24,0940,2704,2704,2698,2698,3179,307418,0
2026/07/24,0945,2698,2700,2696,2699,2211,307063,0
2026/07/24,0950,2699,2700,2698,2699,1427,307215,0
2026/07/24,0955,2700,2700,2696,2697,1031,307162,0
2026/07/24,1000,2697,2697,2695,2696,1670,307174,0
2026/07/24,1005,2696,2699,2696,2699,1405,307104,0
2026/07/24,1010,2699,2700,2697,2699,1156,306957,0
2026/07/24,1015,2699,2710,2699,2710,5445,305375,0
2026/07/24,1035,2710,2710,2704,2707,3772,305221,0
2026/07/24,1040,2707,2710,2705,2705,2684,305249,0
2026/07/24,1045,2705,2708,2705,2706,1897,304862,0
2026/07/24,1050,2706,2709,2705,2707,2491,304432,0
2026/07/24,1055,2707,2709,2701,2702,2520,303913,0
2026/07/24,1100,2703,2703,2700,2702,2062,303823,0
2026/07/24,1105,2701,2705,2701,2705,1261,303514,0
2026/07/24,1110,2705,2713,2705,2709,6208,303210,0
2026/07/24,1115,2709,2710,2707,2708,1375,302939,0
2026/07/24,1120,2708,2709,2706,2707,1100,302649,0
2026/07/24,1125,2707,2708,2705,2708,1333,302139,0
2026/07/24,1130,2708,2712,2707,2710,1904,302106,0
2026/07/24,1335,2711,2712,2708,2710,2399,301586,0
2026/07/24,1340,2710,2711,2708,2708,1074,301331,0
2026/07/24,1345,2708,2709,2703,2705,2326,300915,0
2026/07/24,1350,2704,2705,2702,2703,1630,300605,0
2026/07/24,1355,2704,2704,2700,2702,1845,300764,0
2026/07/24,1400,2703,2704,2702,2703,891,300608,0
2026/07/24,1405,2704,2705,2702,2702,1031,300536,0
2026/07/24,1410,2702,2704,2701,2702,895,300426,0
2026/07/24,1415,2703,2703,2701,2702,830,300343,0
2026/07/24,1420,2702,2707,2701,2705,2442,300045,0
2026/07/24,1425,2705,2706,2704,2706,1258,299985,0
2026/07/24,1430,2706,2707,2704,2707,827,299798,0
2026/07/24,1435,2707,2710,2707,2708,2995,299515,0
2026/07/24,1440,2707,2710,2705,2710,2376,299008,0
2026/07/24,1445,2710,2715,2709,2712,7436,297974,0
2026/07/24,1450,2712,2712,2709,2709,1762,297672,0
2026/07/24,1455,2709,2711,2707,2709,2273,296916,0
2026/07/24,1500,2709,2710,2707,2710,3392,296303,0
2026/07/27,2105,2706,2712,2702,2703,9645,295781,0
2026/07/27,2110,2704,2707,2702,2706,3565,296050,0
2026/07/27,2115,2706,2710,2704,2710,2428,296083,0
2026/07/27,2120,2710,2712,2708,2709,3333,295782,0
2026/07/27,2125,2708,2720,2708,2713,7549,295356,0
2026/07/27,2130,2713,2715,2713,2715,1805,295546,0
2026/07/27,2135,2714,2718,2714,2715,2891,295695,0
2026/07/27,2140,2715,2720,2715,2718,3834,294991,0
2026/07/27,2145,2718,2721,2717,2719,4586,295195,0
2026/07/27,2150,2719,2719,2714,2714,2706,294497,0
2026/07/27,2155,2714,2718,2714,2716,1413,294349,0
2026/07/27,2200,2716,2717,2713,2715,2061,294008,0
2026/07/27,2205,2714,2717,2714,2715,1194,293609,0
2026/07/27,2210,2715,2715,2712,2713,1951,293704,0
2026/07/27,2215,2713,2717,2713,2717,1206,293928,0
2026/07/27,2220,2717,2718,2716,2717,1178,293714,0
2026/07/27,2225,2716,2718,2715,2716,902,293555,0
2026/07/27,2230,2715,2716,2714,2715,794,293502,0
2026/07/27,2235,2714,2716,2714,2715,499,293507,0
2026/07/27,2240,2715,2718,2715,2717,584,293564,0
2026/07/27,2245,2717,2718,2716,2717,842,293410,0
2026/07/27,2250,2717,2718,2716,2717,766,293515,0
2026/07/27,2255,2717,2720,2716,2719,1388,293696,0
2026/07/27,2300,2720,2724,2719,2721,6433,294736,0
2026/07/27,2305,2720,2723,2720,2721,2422,295314,0
2026/07/27,2310,2721,2721,2719,2720,1562,295514,0
2026/07/27,2315,2720,2722,2720,2720,1146,295726,0
2026/07/27,2320,2720,2721,2719,2719,828,295643,0
2026/07/27,2325,2719,2720,2717,2717,1104,295607,0
2026/07/27,2330,2718,2719,2717,2719,626,295605,0
2026/07/27,2335,2718,2720,2718,2719,806,295369,0
2026/07/27,2340,2719,2720,2718,2719,666,295069,0
2026/07/27,2345,2718,2719,2717,2717,536,294917,0
2026/07/27,2350,2717,2719,2717,2719,308,294851,0
2026/07/27,2355,2718,2719,2718,2718,253,294768,0
2026/07/27,0000,2718,2720,2718,2719,389,294686,0
2026/07/27,0005,2719,2721,2718,2719,1416,294482,0
2026/07/27,0010,2718,2719,2718,2718,241,294460,0
2026/07/27,0015,2718,2719,2718,2718,171,294418,0
2026/07/27,0020,2719,2719,2718,2718,193,294369,0
2026/07/27,0025,2718,2719,2717,2718,501,294056,0
2026/07/27,0030,2717,2719,2717,2718,401,293905,0
2026/07/27,0035,2718,2719,2717,2718,281,293814,0
2026/07/27,0040,2718,2718,2717,2718,127,293753,0
2026/07/27,0045,2717,2718,2715,2716,838,293699,0
2026/07/27,0050,2715,2717,2715,2717,503,293547,0
2026/07/27,0055,2717,2718,2716,2718,610,293241,0
2026/07/27,0100,2718,2719,2716,2717,1011,292826,0
#数据来源:通达信
